/***************************************************************/
/*                                                             */
/* Copyright (C) Sidney 2024-2026. All rights reserved.        */
/* Written by Sidney.                                          */
/* Distributed under terms of the GNU General Public License.  */
/*                                                             */
/***************************************************************/

#ifndef ADWAITA_ICONS_H
#define ADWAITA_ICONS_H

#include <stdint.h>

#define ADWAITA_ICON_SIZE 48

static const uint32_t adwaita_icon_computer[] = {
0x00000000, 0x00000002, 0x00000000, 0x00000000, 0x00000000, 0x00000000, 0x00000000, 0x00000000, 
0x00000000, 0x00000000, 0x00000000, 0x00000000, 0x00000000, 0x00000001, 0x00000000, 0x00000000, 
0x00000000, 0x00000000, 0x00000000, 0x00000000, 0x00000000, 0x00000000, 0x00000000, 0x00000000, 
0x00000000, 0x00000000, 0x00000000, 0x00000000, 0x00000000, 0x00000000, 0x00000000, 0x00000000, 
0x00000000, 0x00000000, 0x00000000, 0x00000000, 0x00000000, 0x00000000, 0x00000000, 0x00000000, 
0x00000000, 0x00000000, 0x00000000, 0x00000000, 0x00000000, 0x00000000, 0x00000000, 0x00000000, 
0x00000000, 0x00000000, 0x00000000, 0x00000000, 0x00000000, 0x00000000, 0x00000000, 0x00000000, 
0x00000000, 0x00000000, 0x00000000, 0x00000000, 0x00000000, 0x00000000, 0x00000000, 0x00000000, 
0x00000000, 0x00000000, 0x00000000, 0x00000000, 0x00000000, 0x00000000, 0x00000000, 0x00000000, 
0x00000000, 0x00000000, 0x00000000, 0x00000000, 0x00000000, 0x00000000, 0x00000000, 0x00000000, 
0x00000000, 0x00000002, 0x00000000, 0x00000000, 0x00000000, 0x00000000, 0x00000000, 0x00000000, 
0x00000000, 0x00000000, 0x00000000, 0x00000000, 0x00000000, 0x00000000, 0x00000000, 0x00000003, 
0x00000000, 0x00000000, 0x00000000, 0x010000EA, 0x00000000, 0x0B0000BC, 0x00000000, 0x070000BB, 
0x00000000, 0x09000037, 0x00000000, 0x030000CF, 0x00000000, 0x00000000, 0x00000000, 0x00000000, 
0x00000000, 0x00000000, 0x00000000, 0x00000000, 0x00000000, 0x00000000, 0x00000000, 0x00000000, 
0x00000000, 0x00000000, 0x00000000, 0x00000000, 0x00000000, 0x00000000, 0x00000000, 0x00000000, 
0x00000000, 0x00000000, 0x00000000, 0x00000000, 0x00000000, 0x00000000, 0x00000000, 0x00000000, 
0x00000000, 0x00000000, 0x00000000, 0x00000000, 0x00000000, 0x00000000, 0x00000000, 0x00000000, 
0x00000000, 0x00000000, 0x00000000, 0x00000000, 0x00000000, 0x00000000, 0x00000000, 0x00000000, 
0x00000000, 0x00000000, 0x00000000, 0x00000000, 0x00000000, 0x00000000, 0x00000000, 0x00000000, 
0x00000000, 0x00000000, 0x00000000, 0x00000000, 0x00000000, 0x00000000, 0x00000000, 0x00000000, 
0x00000000, 0x00000000, 0x00000000, 0x00000000, 0x00000000, 0x00000000, 0x00000000, 0x00000000, 
0x00000000, 0x00000000, 0x00000000, 0x02000008, 0x00000000, 0x0A000040, 0x00000000, 0x0800003C, 
0x00000000, 0x090000A8, 0x00000000, 0x0A000038, 0x00000000, 0x0400009A, 0x00000000, 0x00000000, 
0x00000000, 0x00000000, 0x00000000, 0x080000A2, 0x00000000, 0x3B00005D, 0x00000000, 0x3900007A, 
0x00000000, 0x41000019, 0x00000000, 0x1A000081, 0xA8C7A8C7, 0x00C7A800, 0xF0C0F0C0, 0x00C0F000, 
0xF0F0F0F0, 0x00F0F000, 0xF0F0F0F0, 0x00F0F000, 0xF0F0F0F0, 0x00F0F000, 0xF0F0F0F0, 0x00F0F000, 
0xF0F0F0F0, 0x00F0F000, 0xF0F0F0F0, 0x00F0F000, 0xF0F0F0F0, 0x00F0F000, 0xF0F0F0F0, 0x00F0F000, 
0xF0F0F0F0, 0x00F0F000, 0xF0F0F0F0, 0x00F0F000, 0xF0F0F0F0, 0x00F0F000, 0xF0F0F0F0, 0x00F0F000, 
0xF0F0F0F0, 0x00F0F000, 0xF0F0F0F0, 0x00F0F000, 0xF0F0F0F0, 0x00F0F000, 0xF0F0F0F0, 0x00F0F000, 
0xF0F0F0F0, 0x00F0F000, 0xF0F0F0F0, 0x00F0F000, 0xF0F0F0F0, 0x00F0F000, 0xF0F0F0F0, 0x00F0F000, 
0xF0F0F0F0, 0x00F0F000, 0xF0F0F0F0, 0x00F0F000, 0xF0F0F0F0, 0x00F0F000, 0xF0F0F0F0, 0x00F0F000, 
0xF0F0F0F0, 0x00F0F000, 0xF0F0F0F0, 0x00F0F000, 0xF0F0F0F0, 0x00F0F000, 0xF0F0F0F0, 0x00F0F004, 
0x00000000, 0x00000000, 0x00000000, 0x00000000, 0x00000000, 0x00000000, 0x00000000, 0x00000000, 
0x00000000, 0x00000000, 0x00000000, 0x08000036, 0x00000000, 0x3B000017, 0x00000000, 0x3E000052, 
0x00000000, 0x420000FA, 0x00000000, 0x400000A7, 0x00000000, 0x2100008D, 0x00000000, 0x00000000, 
0xD6D7D6D7, 0x00D7D600, 0xDB1ADB1A, 0x031ADBDF, 0xD8E8D8E8, 0x1DE8D889, 0xD2A4D2A4, 0x22A4D2BD, 
0xD087D087, 0x2287D0D3, 0xE320E320, 0x1F20E3F9, 0xF182F182, 0x1E82F111, 0xF0F0F0F0, 0x1EF0F023, 
0xF0F0F0F0, 0x1EF0F023, 0xF0F0F0F0, 0x1EF0F023, 0xF0F0F0F0, 0x1EF0F023, 0xF0F0F0F0, 0x1EF0F023, 
0xF0F0F0F0, 0x1EF0F023, 0xF0F0F0F0, 0x1EF0F023, 0xF0F9F0F9, 0x1EF9F023, 0xF126F126, 0x1E26F123, 
0xF16EF16E, 0x1E6EF123, 0xF194F194, 0x1E94F123, 0xF192F192, 0x1E92F123, 0xF16CF16C, 0x1E6CF123, 
0xF127F127, 0x1E27F123, 0xF0F9F0F9, 0x1EF9F023, 0xF0F0F0F0, 0x1EF0F023, 0xF0F0F0F0, 0x1EF0F023, 
0xF0F0F0F0, 0x1EF0F023, 0xF0F0F0F0, 0x1EF0F023, 0xF0F0F0F0, 0x1EF0F023, 0xF0F0F0F0, 0x1EF0F023, 
0xF0F0F0F0, 0x1EF0F023, 0xF0F0F0F0, 0x1EF0F023, 0xF0F0F0F0, 0x1EF0F023, 0xF0F0F0F0, 0x1EF0F023, 
0xF0F0F0F0, 0x1EF0F05F, 0xF0F0F0F0, 0x1AF0F097, 0xF0F0F0F0, 0x03F0F08C, 0xF0F0F0F0, 0x00F0F000, 
0x00000000, 0x00000000, 0x00000000, 0x00000000, 0x00000000, 0x00000000, 0x00000000, 0x00000000, 
0xD660D660, 0x0060D600, 0xDD8FDD8F, 0x038FDDDC, 0xC4FBC4FB, 0x20FBC486, 0xCC39CC39, 0x2339CCD5, 
0xD13FD13F, 0x223FD1F8, 0xCED2CED2, 0x1ED2CEFA, 0x8D508D50, 0x06508D01, 0xC0CBC0CB, 0x00CBC000, 
0xF117F117, 0x0017F100, 0xF111F111, 0x1A11F15F, 0xF112F112, 0xC712F128, 0xF118F118, 0xE318F173, 
0xF11BF11B, 0xE11BF1B3, 0xF100F100, 0xE100F1CC, 0xF0EFF0EF, 0xE1EFF0DC, 0xF0F1F0F1, 0xE1F1F0DC, 
0xF0FDF0FD, 0xE1FDF0DC, 0xF109F109, 0xE109F1DC, 0xF107F107, 0xE107F1DC, 0xF109F109, 0xE109F1DC, 
0xF118F118, 0xE118F1DC, 0xF11BF11B, 0xE11BF1DC, 0xF0DFF0DF, 0xE1DFF0DC, 0xF06DF06D, 0xE16DF0DC, 
0xEFF9EFF9, 0xE1F9EFDC, 0xEFBEEFBE, 0xE1BEEFDC, 0xEFC3EFC3, 0xE1C3EFDC, 0xEFFCEFFC, 0xE1FCEFDC, 
0xF06BF06B, 0xE16BF0DC, 0xF0DFF0DF, 0xE1DFF0DC, 0xF11CF11C, 0xE11CF1DC, 0xF118F118, 0xE118F1DC, 
0xF108F108, 0xE108F1DC, 0xF106F106, 0xE106F1DC, 0xF106F106, 0xE106F1DC, 0xF0FCF0FC, 0xE1FCF0DC, 
0xF0F0F0F0, 0xE1F0F0DC, 0xF0F0F0F0, 0xE1F0F0DC, 0xF0F0F0F0, 0xE1F0F0DC, 0xF0F0F0F0, 0xE1F0F0DC, 
0xF0F0F0F0, 0xE3F0F099, 0xF0F0F0F0, 0xC7F0F044, 0xF0F0F0F0, 0x1AF0F097, 0xF0F0F0F0, 0x00F0F000, 
0x00000000, 0x00000000, 0x00000000, 0x00000000, 0x00000000, 0x00000000, 0x00000000, 0x00000000, 
0xF119F119, 0x0019F100, 0xF107F107, 0x1A07F195, 0xF14DF14D, 0xC64DF1F8, 0xF12FF12F, 0xE32FF15E, 
0xF119F119, 0xE319F172, 0xF11FF11F, 0xC71FF11E, 0xF1B7F1B7, 0x1AB7F14D, 0xF137F137, 0x0037F100, 
0xF0F0F0F0, 0x00F0F000, 0xF0F0F0F0, 0x1EF0F023, 0xF0F0F0F0, 0xE3F0F099, 0xF0F0F0F0, 0xFFF0F0FF, 
0xF0F2F0F2, 0xFFF2F0FF, 0xF1B6F1BB, 0xFFA8F1FF, 0xF280F289, 0xFF67F2FF, 0xF279F283, 0xFF62F2FF, 
0xF1C5F1CF, 0xFFAEF1FF, 0xF140F14A, 0xFF28F1FF, 0xF15FF168, 0xFF46F1FF, 0xF13BF144, 0xFF22F1FF, 
0xF055F05E, 0xFF3CF0FF, 0xEF3AEF43, 0xFF21EFFF, 0xEED0EED9, 0xFFB8EEFF, 0xEEEBEEF5, 0xFFD3EEFF, 
0xEF2BEF35, 0xFF13EFFF, 0xEF55EF5F, 0xFF3DEFFF, 0xEF5FEF68, 0xFF47EFFF, 0xEF2CEF36, 0xFF13EFFF, 
0xEEE4EEEE, 0xFFCCEEFF, 0xEEB6EEBF, 0xFF9DEEFF, 0xEF2CEF35, 0xFF14EFFF, 0xF058F061, 0xFF3FF0FF, 
0xF146F150, 0xFF2DF1FF, 0xF16AF174, 0xFF52F1FF, 0xF160F16A, 0xFF48F1FF, 0xF1D1F1DB, 0xFFB9F1FF, 
0xF283F28B, 0xFF6AF2FF, 0xF27EF287, 0xFF64F2FF, 0xF1AFF1B5, 0xFFA1F1FF, 0xF0F2F0F2, 0xFFF2F0FF, 
0xF0F0F0F0, 0xFFF0F0FF, 0xF0F0F0F0, 0xE3F0F099, 0xF0F0F0F0, 0x1EF0F05F, 0xF0F0F0F0, 0x00F0F000, 
0x00000000, 0x00000000, 0x00000000, 0x00000000, 0x00000000, 0x00000000, 0x00000000, 0x00000000, 
0xF0F0F0F0, 0x00F0F000, 0xF0F0F0F0, 0x1EF0F05F, 0xF0F0F0F0, 0xE3F0F099, 0xF0F0F0F0, 0xFFF0F0FF, 
0xF0F0F0F0, 0xFFF0F0FF, 0xF0F0F0F0, 0xE3F0F099, 0xF0F0F0F0, 0x1EF0F023, 0xF0F0F0F0, 0x00F0F000, 
0xF0F0F0F0, 0x00F0F000, 0xF0F0F0F0, 0x1DF0F0E8, 0xF0F0F0F0, 0xE1F0F0DC, 0xF0FCF0FE, 0xFFFEF0FF, 
0xF242F22C, 0xFFF4F1FF, 0xE315E5CC, 0xFF07E4FF, 0xD67BD8BB, 0xFFB6D7FF, 0xD4AED6F0, 0xFFD6D5FF, 
0xD39ED5DB, 0xFFD9D4FF, 0xD4FDD542, 0xFF44D5FF, 0xD34FD59A, 0xFF99D4FF, 0xD182D3D1, 0xFFD5D2FF, 
0xD2DED331, 0xFF39D3FF, 0xD3DED434, 0xFF3CD4FF, 0xD3A8D5F4, 0xFF03D5FF, 0xD4F4D541, 0xFF59D5FF, 
0xD4FDD550, 0xFF64D5FF, 0xD4F7D553, 0xFF69D5FF, 0xD4F9D54D, 0xFF6AD5FF, 0xD4EAD541, 0xFF64D5FF, 
0xD4C9D527, 0xFF47D5FF, 0xD368D5CE, 0xFFF4D4FF, 0xD39FD408, 0xFF2FD4FF, 0xD294D300, 0xFF2DD3FF, 
0xD153D3C1, 0xFFF2D2FF, 0xD31AD586, 0xFFAAD4FF, 0xD4CDD534, 0xFF64D5FF, 0xD31ED588, 0xFFB7D4FF, 
0xD4FDD571, 0xFF97D5FF, 0xD618D881, 0xFFBBD7FF, 0xE30FE5E3, 0xFF5CE4FF, 0xF23CF22B, 0xFFF9F1FF, 
0xF0FCF0FE, 0xFFFEF0FF, 0xF0F0F0F0, 0xE1F0F0DC, 0xF0F0F0F0, 0x1EF0F023, 0xF0F0F0F0, 0x00F0F000, 
0x00000000, 0x00000000, 0x00000000, 0x00000000, 0x00000000, 0x00000000, 0x00000000, 0x00000000, 
0xF0F0F0F0, 0x00F0F000, 0xF0F0F0F0, 0x1EF0F05F, 0xF0F0F0F0, 0xE3F0F099, 0xF0F0F0F0, 0xFFF0F0FF, 
0xF0F0F0F0, 0xFFF0F0FF, 0xF0F0F0F0, 0xE3F0F099, 0xF0F0F0F0, 0x1EF0F023, 0xF0F0F0F0, 0x00F0F000, 
0xF0F0F0F0, 0x00F0F000, 0xF0F0F0F0, 0x1DF0F0E8, 0xF0F3F0F3, 0xE1F2F0DC, 0xF23EF227, 0xFFEFF1FF, 
0xC144C17A, 0xFF76C7FF, 0x71E75EF8, 0xFF4794FF, 0x6B654971, 0xFF8B9DFF, 0x6C4B4A7E, 0xFF889EFF, 
0x6DD34BF0, 0xFFD09FFF, 0x6D5D4CD2, 0xFFE19EFF, 0x6E3C4DC3, 0xFFEE9FFF, 0x6F5E4EA6, 0xFFB8A0FF, 
0x70F54FEA, 0xFF64A1FF, 0x71D3509B, 0xFFBDA1FF, 0x72BE5115, 0xFFDDA1FF, 0x72C252B1, 0xFF3AA2FF, 
0x73BF535E, 0xFF5AA2FF, 0x7497540A, 0xFFACA2FF, 0x748255AE, 0xFFDDA2FF, 0x75855639, 0xFF3AA3FF, 
0x757E57E0, 0xFF52A3FF, 0x7665588B, 0xFF98A3FF, 0x77465948, 0xFFE4A3FF, 0x77415AE2, 0xFF26A4FF, 
0x77815ACA, 0xFFDAA3FF, 0x77845ABF, 0xFF6CA3FF, 0x77685A19, 0xFF66A2FF, 0x77D75AF8, 0xFFBBA3FF, 
0x77175A36, 0xFFC9A2FF, 0x765D5AEB, 0xFF43A2FF, 0x79566ADF, 0xFFF697FF, 0xC273C249, 0xFFF5C7FF, 
0xF22CF21B, 0xFFE8F1FF, 0xF0F2F0F3, 0xE1F2F0DC, 0xF0F0F0F0, 0x1EF0F023, 0xF0F0F0F0, 0x00F0F000, 
0x00000000, 0x00000000, 0x00000000, 0x00000000, 0x00000000, 0x00000000, 0x00000000, 0x00000000, 
0xF0F0F0F0, 0x00F0F000, 0xF0F0F0F0, 0x1AF0F097, 0xF0F0F0F0, 0xC7F0F044, 0xF0F0F0F0, 0xE3F0F099, 
0xF0F0F0F0, 0xE3F0F099, 0xF0F0F0F0, 0xC7F0F044, 0xF0F0F0F0, 0x1AF0F063, 0xF0F0F0F0, 0x00F0F000, 
0xF0F0F0F0, 0x00F0F000, 0xF0F0F0F0, 0x1DF0F0E8, 0xF1D4F1DA, 0xE1C4F1DC, 0xE31CE5D1, 0xFF02E4FF, 
0x712B5E9A, 0xFF4094FF, 0x7B443605, 0xFFD7CFFF, 0x888F3D52, 0xFF36E2FF, 0x88393FAA, 0xFFFBE0FF, 
0x8A32411A, 0xFF93E1FF, 0x8C4C432A, 0xFF4BE3FF, 0x8E914515, 0xFF1BE5FF, 0x8F994762, 0xFF9EE5FF, 
0x909D49B7, 0xFF1DE6FF, 0x928C4B13, 0xFF72E6FF, 0x93444D58, 0xFF0DE7FF, 0x94344F7D, 0xFF77E7FF, 
0x954151CE, 0xFF12E8FF, 0x973E532B, 0xFF7DE8FF, 0x98FB5486, 0xFF16E9FF, 0x99DA56BE, 0xFF81E9FF, 
0x9AE558EB, 0xFF1BEAFF, 0x9CEC5A43, 0xFF67EAFF, 0x9DB75CA0, 0xFFFFEAFF, 0x9E845EF7, 0xFF6BEBFF, 
0xA083602D, 0xFF0EECFF, 0xA0A961EF, 0xFF4CECFF, 0xA0436127, 0xFF07EBFF, 0x9FBB6043, 0xFFB7E9FF, 
0x9FAC603E, 0xFFA8E9FF, 0xA058616A, 0xFF6EEBFF, 0x92D3583C, 0xFFB3D8FF, 0x79956928, 0xFF0B97FF, 
0xE3B8E499, 0xFFE6E3FF, 0xF1D2F1D8, 0xE1C4F1DC, 0xF0F0F0F0, 0x1EF0F023, 0xF0F0F0F0, 0x00F0F000, 
0x00000000, 0x00000000, 0x00000000, 0x00000000, 0x00000000, 0x00000000, 0x00000000, 0x00000000, 
0xF0F0F0F0, 0x00F0F000, 0xF0F0F0F0, 0x03F0F08C, 0xF0F0F0F0, 0x1AF0F097, 0xF0F0F0F0, 0x1EF0F05F, 
0xF0F0F0F0, 0x1EF0F05F, 0xF0F0F0F0, 0x1AF0F097, 0xF0F0F0F0, 0x03F0F085, 0xF0F0F0F0, 0x00F0F000, 
0xF0F0F0F0, 0x00F0F000, 0xF0F0F0F0, 0x1DF0F0E8, 0xF2B6F2C1, 0xE198F2DC, 0xD7DBD80C, 0xFF18D8FF, 
0x69B54693, 0xFF1E9DFF, 0x85B8397C, 0xFFAEE0FF, 0x86A23C8E, 0xFFB3DFFF, 0x86D43D29, 0xFF8ADDFF, 
0x89D740D6, 0xFFB7E1FF, 0x8B0A43A5, 0xFFFFE2FF, 0x8CDE44E3, 0xFF61E3FF, 0x8E964603, 0xFFEAE3FF, 
0x8F8D4844, 0xFF62E4FF, 0x90924A9C, 0xFFE8E4FF, 0x917B4CF4, 0xFF3BE5FF, 0x932C4E35, 0xFFD3E5FF, 
0x94145054, 0xFF3CE6FF, 0x951952A0, 0xFFD4E6FF, 0x961054F8, 0xFF3EE7FF, 0x98C6554F, 0xFFD5E7FF, 
0x999D5782, 0xFF3FE8FF, 0x9AA159A9, 0xFFD6E8FF, 0x9BA05BFD, 0xFF1FE9FF, 0x9D645D54, 0xFFB6E9FF, 
0x9E2A5FAC, 0xFF20EAFF, 0x9F2061F8, 0xFFBCEAFF, 0xA05362B2, 0xFF15EBFF, 0xA0206234, 0xFF45EAFF, 
0x9D91607F, 0xFF7DE6FF, 0x9FBE617F, 0xFF4EE9FF, 0x9F0661EB, 0xFFC1EAFF, 0x763D5AAE, 0xFFF1A1FF, 
0xD642D8A9, 0xFFEDD7FF, 0xF2B6F2C1, 0xE199F2DC, 0xF0F0F0F0, 0x1EF0F023, 0xF0F0F0F0, 0x00F0F000, 
0x00000000, 0x00000000, 0x00000000, 0x00000000, 0x00000000, 0x00000000, 0x00000000, 0x00000000, 
0xF0F0F0F0, 0x00F0F004, 0xF0F0F0F0, 0x00F0F000, 0xF0F0F0F0, 0x00F0F000, 0xF0F0F0F0, 0x00F0F000, 
0xF0F0F0F0, 0x00F0F000, 0xF0F0F0F0, 0x00F0F000, 0xF0F0F0F0, 0x00F0F000, 0xF0F0F0F0, 0x00F0F004, 
0xF0F0F0F0, 0x00F0F000, 0xF0F0F0F0, 0x1DF0F0E8, 0xF2BAF2C6, 0xE19DF2DC, 0xD6B2D8EA, 0xFFF3D7FF, 
0x69F345C9, 0xFF359EFF, 0x837F3760, 0xFFD1DEFF, 0x83333AB0, 0xFF3EDCFF, 0x852D3C7C, 0xFFB0DDFF, 
0x88C23E55, 0xFFEDE0FF, 0x89AD4089, 0xFF3AE1FF, 0x8AAC42E6, 0xFFC4E1FF, 0x8C8D442D, 0xFF3BE2FF, 
0x8D3D4649, 0xFFBBE2FF, 0x8E2F4888, 0xFF30E3FF, 0x8F2D4AE2, 0xFFB6E3FF, 0x911A4C30, 0xFF11E4FF, 
0x92C84D74, 0xFFADE4FF, 0x93B44F90, 0xFF0CE5FF, 0x94B151E2, 0xFFA2E5FF, 0x96A55333, 0xFF0CE6FF, 
0x975A5591, 0xFFA3E6FF, 0x982957BD, 0xFF0EE7FF, 0x992F59E3, 0xFFAFE7FF, 0x9B325B35, 0xFFFBE7FF, 
0x9CF35C8B, 0xFF8FE8FF, 0x9DBF5EDB, 0xFFF0E8FF, 0x9F9E602D, 0xFF89E9FF, 0x9FE361F0, 0xFFFCE9FF, 
0x9DCF60FE, 0xFF1BE7FF, 0x9D61605D, 0xFF28E6FF, 0x9E8160F5, 0xFF4AE9FF, 0x77E25ADB, 0xFF93A3FF, 
0xD615D880, 0xFFCBD7FF, 0xF2BAF2C6, 0xE19DF2DC, 0xF0F0F0F0, 0x1EF0F023, 0xF0F0F0F0, 0x00F0F000, 
0x00000000, 0x00000000, 0x00000000, 0x00000000, 0x00000000, 0x00000000, 0x00000000, 0x00000000, 
0x00000000, 0x00000000, 0x00000000, 0x00000000, 0x00000000, 0x00000000, 0x00000000, 0x00000000, 
0x00000000, 0x00000000, 0x00000000, 0x00000000, 0x00000000, 0x00000000, 0x00000000, 0x00000000, 
0xF0F0F0F0, 0x00F0F000, 0xF0F0F0F0, 0x1DF0F0E8, 0xF2BAF2C5, 0xE19DF2DC, 0xD6C2D8FA, 0xFF02D8FF, 
0x68944433, 0xFF829CFF, 0x7F8F34E4, 0xFFCADAFF, 0x827A38BF, 0xFF61DCFF, 0x84823A68, 0xFF4DDDFF, 
0x86C33CA5, 0xFF8FDFFF, 0x87733EB9, 0xFF02E0FF, 0x896A4018, 0xFF79E0FF, 0x8A7F4269, 0xFF02E1FF, 
0x8B4C44AF, 0xFF69E1FF, 0x8CFA45CC, 0xFFEEE1FF, 0x8EE4470F, 0xFF66E2FF, 0x8FF14957, 0xFFF9E2FF, 
0x90D54BB5, 0xFF52E3FF, 0x918C4DEE, 0xFFD8E3FF, 0x93664F19, 0xFF41E4FF, 0x9467515A, 0xFFD8E4FF, 
0x955C53BC, 0xFF42E5FF, 0x97065506, 0xFFDAE5FF, 0x98DF5646, 0xFF55E6FF, 0x99EA587C, 0xFFF0E6FF, 
0x9ADF5AAF, 0xFF35E7FF, 0x9BC25CF7, 0xFFBCE7FF, 0x9D695E5B, 0xFF25E8FF, 0x9E5F60AC, 0xFFD9E8FF, 
0x9D9E60FE, 0xFF27E7FF, 0x9D9960BE, 0xFFB8E6FF, 0x9C035F62, 0xFFA7E5FF, 0x762B5ABC, 0xFFEFA1FF, 
0xD61ED88C, 0xFFD9D7FF, 0xF2BAF2C5, 0xE19DF2DC, 0xF0F0F0F0, 0x1EF0F023, 0xF0F0F0F0, 0x00F0F000, 
0x00000000, 0x00000000, 0x00000000, 0x00000000, 0x00000000, 0x00000000, 0x00000000, 0x00000000, 
0x00000000, 0x00000000, 0x00000000, 0x00000000, 0x00000000, 0x00000000, 0x00000000, 0x00000000, 
0x00000000, 0x00000000, 0x00000000, 0x00000000, 0x00000000, 0x00000000, 0x00000000, 0x00000000, 
0xF0F0F0F0, 0x00F0F000, 0xF0F0F0F0, 0x1DF0F0E8, 0xF2BBF2C6, 0xE19EF2DC, 0xD6B5D8F1, 0xFFEFD7FF, 
0x67804346, 0xFF9E9BFF, 0x8050330D, 0xFFC4DCFF, 0x83403755, 0xFF0CDFFF, 0x840D3923, 0xFFACDEFF, 
0x86863BA1, 0xFF12E1FF, 0x87443DBA, 0xFF63E1FF, 0x88093FEC, 0xFFEEE1FF, 0x8A074143, 0xFF65E2FF, 
0x8B0B439C, 0xFFF0E2FF, 0x8CE244E8, 0xFF68E3FF, 0x8E994607, 0xFFF1E3FF, 0x8F8F4848, 0xFF68E4FF, 
0x90944AA0, 0xFFEDE4FF, 0x917D4CF9, 0xFF41E5FF, 0x932E4E38, 0xFFDAE5FF, 0x94175059, 0xFF44E6FF, 
0x951C52A4, 0xFFDBE6FF, 0x961354FC, 0xFF45E7FF, 0x98DF5555, 0xFFDBE7FF, 0x99AB57A7, 0xFF45E8FF, 
0x9AA259CE, 0xFFDCE8FF, 0x9CA75B02, 0xFF27E9FF, 0x9D905D58, 0xFFBEE9FF, 0x9E4E5FC3, 0xFF42EAFF, 
0x9E4860B4, 0xFFD2E8FF, 0x9FDD61FE, 0xFF04EAFF, 0x9E07602E, 0xFF23E8FF, 0x76F15976, 0xFF7FA1FF, 
0xD60AD87A, 0xFFC1D7FF, 0xF2BBF2C7, 0xE19FF2DC, 0xF0F0F0F0, 0x1EF0F023, 0xF0F0F0F0, 0x00F0F000, 
0x00000000, 0x00000000, 0x00000000, 0x00000000, 0x00000000, 0x00000000, 0x00000000, 0x00000000, 
0x00000000, 0x00000000, 0x00000000, 0x00000000, 0x00000000, 0x00000000, 0x00000000, 0x00000000, 
0x00000000, 0x00000000, 0x00000000, 0x00000000, 0x00000000, 0x00000000, 0x00000000, 0x00000000, 
0xF0F0F0F0, 0x00F0F000, 0xF0F0F0F0, 0x1DF0F0E8, 0xF2BDF2C8, 0xE1A1F2DC, 0xD69ED8E0, 0xFFCCD7FF, 
0x667C42A9, 0xFF4F9BFF, 0x7F0A32DA, 0xFFC8DDFF, 0x816435F3, 0xFF7FDEFF, 0x820437BC, 0xFF11DEFF, 
0x8580393F, 0xFF8EE0FF, 0x86793B83, 0xFFE0E0FF, 0x873D3DAA, 0xFF4BE1FF, 0x88013FDD, 0xFFD6E1FF, 
0x8A004134, 0xFF4DE2FF, 0x8B04438C, 0xFFD7E2FF, 0x8CDA44D8, 0xFF4EE3FF, 0x8D9046F8, 0xFFD8E3FF, 
0x8F874838, 0xFF4FE4FF, 0x908C4A90, 0xFFD5E4FF, 0x91754CE8, 0xFF28E5FF, 0x93264E28, 0xFFC0E5FF, 
0x940F504D, 0xFF2AE6FF, 0x95125297, 0xFFC1E6FF, 0x961554EB, 0xFF2BE7FF, 0x98EB5543, 0xFFC2E7FF, 
0x99A15796, 0xFF2CE8FF, 0x9A9859BD, 0xFFC3E8FF, 0x9B9D5BF0, 0xFF0DE9FF, 0x9D905D58, 0xFFBDE9FF, 
0x9D6A5E5B, 0xFF2DE8FF, 0x9FAE6045, 0xFFB2E9FF, 0x9F966047, 0xFFD3E9FF, 0x76D95940, 0xFF33A1FF, 
0xD6F7D764, 0xFF99D7FF, 0xF2BDF2C8, 0xE1A1F2DC, 0xF0F0F0F0, 0x1EF0F023, 0xF0F0F0F0, 0x00F0F000, 
0x00000000, 0x00000000, 0x00000000, 0x00000000, 0x00000000, 0x00000000, 0x00000000, 0x00000000, 
0x00000000, 0x00000000, 0x00000000, 0x00000000, 0x00000000, 0x00000000, 0x00000000, 0x00000000, 
0x00000000, 0x00000000, 0x00000000, 0x00000000, 0x00000000, 0x00000000, 0x00000000, 0x00000000, 
0xF0F0F0F0, 0x00F0F000, 0xF0F0F0F0, 0x1DF0F0E8, 0xF2C5F2CE, 0xE1A8F2DC, 0xD639D87C, 0xFF5BD7FF, 
0x66634190, 0xFF079CFF, 0x7F33300F, 0xFFE1DDFF, 0x80AD33C7, 0xFFF8DDFF, 0x8130356C, 0xFFAEDDFF, 
0x837C37E7, 0xFF02E0FF, 0x857A3930, 0xFF75E0FF, 0x86793B83, 0xFFE0E0FF, 0x873D3DAA, 0xFF4BE1FF, 
0x88013FDD, 0xFFD6E1FF, 0x8A004134, 0xFF4DE2FF, 0x8B04438C, 0xFFD7E2FF, 0x8CDA44D8, 0xFF4EE3FF, 
0x8D9046F8, 0xFFD8E3FF, 0x8F874838, 0xFF4FE4FF, 0x908C4A90, 0xFFD5E4FF, 0x917C4CE7, 0xFF28E5FF, 
0x93494E37, 0xFFC0E5FF, 0x94125070, 0xFF2AE6FF, 0x95115298, 0xFFC1E6FF, 0x961554EB, 0xFF2BE7FF, 
0x98EB5543, 0xFFC2E7FF, 0x99A15796, 0xFF2CE8FF, 0x9A9859BD, 0xFFC3E8FF, 0x9CA75B01, 0xFF27E9FF, 
0x9CC45C02, 0xFFB8E7FF, 0x9DD25EF2, 0xFF07E9FF, 0x9FAC5F14, 0xFF2BEAFF, 0x77005A08, 0xFF6CA2FF, 
0xD590D7FB, 0xFF1FD7FF, 0xF2C4F2CF, 0xE1A9F2DC, 0xF0F0F0F0, 0x1EF0F023, 0xF0F0F0F0, 0x00F0F000, 
0x00000000, 0x00000000, 0x00000000, 0x00000000, 0x00000000, 0x00000000, 0x00000000, 0x00000000, 
0x00000000, 0x00000000, 0x00000000, 0x00000000, 0x00000000, 0x00000000, 0x00000000, 0x00000000, 
0x00000000, 0x00000000, 0x00000000, 0x00000000, 0x00000000, 0x00000000, 0x00000000, 0x00000000, 
0xF0F0F0F0, 0x00F0F000, 0xF0F0F0F0, 0x1DF0F0E8, 0xF2CEF2D8, 0xE1B1F2DC, 0xD4C6D6FD, 0xFFE4D5FF, 
0x6520409A, 0xFFCD9BFF, 0x7D2F2EC0, 0xFF5EDDFF, 0x7FBD3198, 0xFF85DDFF, 0x8085334D, 0xFF2BDDFF, 
0x82A53593, 0xFF8BDFFF, 0x837637D8, 0xFFEADFFF, 0x857A3930, 0xFF75E0FF, 0x86793B83, 0xFFE0E0FF, 
0x873D3DAA, 0xFF4BE1FF, 0x88013FDD, 0xFFD6E1FF, 0x8A004134, 0xFF4DE2FF, 0x8B04438C, 0xFFD7E2FF, 
0x8CDA44D8, 0xFF4EE3FF, 0x8D9746F8, 0xFFD8E3FF, 0x8F884839, 0xFF4FE4FF, 0x908B4A8F, 0xFFD5E4FF, 
0x918A4CE7, 0xFF28E5FF, 0x934E4E3E, 0xFFC0E5FF, 0x94125071, 0xFF2AE6FF, 0x95115298, 0xFFC1E6FF, 
0x961554EB, 0xFF2BE7FF, 0x98EB5543, 0xFFC2E7FF, 0x99A15796, 0xFF2CE8FF, 0x9AA259CE, 0xFFDDE8FF, 
0x9AD75AA9, 0xFF1EE7FF, 0x9C1C5D99, 0xFF9CE8FF, 0x9DDB5DD0, 0xFF96E9FF, 0x76CA5836, 0xFFF9A1FF, 
0xD4FED571, 0xFF9BD5FF, 0xF2CFF2D9, 0xE1B3F2DC, 0xF0F0F0F0, 0x1EF0F023, 0xF0F0F0F0, 0x00F0F000, 
0x00000000, 0x00000000, 0x00000000, 0x00000000, 0x00000000, 0x00000000, 0x00000000, 0x00000000, 
0x00000000, 0x00000000, 0x00000000, 0x00000000, 0x00000000, 0x00000000, 0x00000000, 0x00000000, 
0x00000000, 0x00000000, 0x00000000, 0x00000000, 0x00000000, 0x00000000, 0x00000000, 0x00000000, 
0xF0F0F0F0, 0x00F0F000, 0xF0F9F0F9, 0x1DF9F0E8, 0xF295F2A0, 0xE179F2DC, 0xD42DD65F, 0xFF47D5FF, 
0x65CB3F61, 0xFFE79BFF, 0x7C432C55, 0xFFD5DCFF, 0x7EBD2F47, 0xFFF7DCFF, 0x7F983124, 0xFFADDCFF, 
0x81EE336C, 0xFF01DFFF, 0x82A03585, 0xFF73DFFF, 0x837637D8, 0xFFEADFFF, 0x857A3930, 0xFF75E0FF, 
0x86793B83, 0xFFE0E0FF, 0x873D3DAA, 0xFF4BE1FF, 0x88013FDD, 0xFFD6E1FF, 0x8A004134, 0xFF4DE2FF, 
0x8B03438C, 0xFFD7E2FF, 0x8CF444D9, 0xFF4EE3FF, 0x8EB14619, 0xFFD8E3FF, 0x8F874844, 0xFF4FE4FF, 
0x908B4A8F, 0xFFD5E4FF, 0x918A4CE7, 0xFF28E5FF, 0x934E4E3E, 0xFFC0E5FF, 0x94125071, 0xFF2AE6FF, 
0x95115298, 0xFFC1E6FF, 0x961554EB, 0xFF2BE7FF, 0x98EB5543, 0xFFC2E7FF, 0x99AC57A7, 0xFF46E8FF, 
0x99D75878, 0xFFCFE6FF, 0x9B365B42, 0xFF01E8FF, 0x9C285C6C, 0xFF27E9FF, 0x76635805, 0xFF41A2FF, 
0xD362D5D5, 0xFF02D5FF, 0xF297F2A1, 0xE17AF2DC, 0xF0F8F0F8, 0x1EF8F023, 0xF0F0F0F0, 0x00F0F000, 
0x00000000, 0x00000000, 0x00000000, 0x00000000, 0x00000000, 0x00000000, 0x00000000, 0x00000000, 
0x00000000, 0x00000000, 0x00000000, 0x00000000, 0x00000000, 0x00000000, 0x00000000, 0x00000000, 
0x00000000, 0x00000000, 0x00000000, 0x00000000, 0x00000000, 0x00000000, 0x00000000, 0x00000000, 
0xF0F0F0F0, 0x00F0F000, 0xF127F127, 0x1D27F1E8, 0xF220F22B, 0xE104F2DC, 0xD451D678, 0xFF54D5FF, 
0x653B3F21, 0xFF0F9CFF, 0x7B7E2A0A, 0xFF4DDCFF, 0x7CCE2DEF, 0xFF74DCFF, 0x7D862FCE, 0xFF0FDCFF, 
0x80F83139, 0xFF8BDEFF, 0x81EA335E, 0xFFE9DEFF, 0x82A03585, 0xFF73DFFF, 0x837637D8, 0xFFEADFFF, 
0x857A3930, 0xFF75E0FF, 0x86793B83, 0xFFE0E0FF, 0x87423DAA, 0xFF4BE1FF, 0x880F3FDD, 0xFFD6E1FF, 
0x8AFF4034, 0xFF4DE2FF, 0x8B04438C, 0xFFD7E2FF, 0x8CFB44E4, 0xFF4EE3FF, 0x8EB14623, 0xFFD8E3FF, 
0x8F874843, 0xFF4FE4FF, 0x908B4A8F, 0xFFD5E4FF, 0x918A4CE7, 0xFF28E5FF, 0x934E4E3E, 0xFFC0E5FF, 
0x94125071, 0xFF2AE6FF, 0x95115298, 0xFFC1E6FF, 0x961554EB, 0xFF2BE7FF, 0x98F55554, 0xFFDDE7FF, 
0x98F15651, 0xFF38E6FF, 0x9A3B590F, 0xFFB8E7FF, 0x9B315A0A, 0xFF87E8FF, 0x75DD57AC, 0xFF64A2FF, 
0xD38ED5FF, 0xFF32D5FF, 0xF222F22C, 0xE105F2DC, 0xF127F127, 0x1E27F123, 0xF0F0F0F0, 0x00F0F000, 
0x00000000, 0x00000000, 0x00000000, 0x00000000, 0x00000000, 0x00000000, 0x00000000, 0x00000000, 
0x00000000, 0x00000000, 0x00000000, 0x00000000, 0x00000000, 0x00000000, 0x00000000, 0x00000000, 
0x00000000, 0x00000000, 0x00000000, 0x00000000, 0x00000000, 0x00000000, 0x00000000, 0x00000000, 
0xF0F0F0F0, 0x00F0F000, 0xF16DF16D, 0x1D6DF1E8, 0xF1AFF1BA, 0xE194F1DC, 0xD4A2D6C6, 0xFF9ED5FF, 
0x645C3EA9, 0xFFD99BFF, 0x79A628F3, 0xFF0CDCFF, 0x7B1B2CA7, 0xFFF1DBFF, 0x7C9E2D7D, 0xFF9DDBFF, 
0x7EF32FE1, 0xFF01DEFF, 0x80F3312B, 0xFF72DEFF, 0x81EA335E, 0xFFE9DEFF, 0x82A03585, 0xFF73DFFF, 
0x837737D8, 0xFFEADFFF, 0x85793930, 0xFF75E0FF, 0x867C3B83, 0xFFE0E0FF, 0x87653DAB, 0xFF4BE1FF, 
0x88163FE4, 0xFFD6E1FF, 0x8AFF4034, 0xFF4DE2FF, 0x8B04438B, 0xFFD7E2FF, 0x8CFB44E3, 0xFF4EE3FF, 
0x8EB14623, 0xFFD8E3FF, 0x8F874843, 0xFF4FE4FF, 0x908B4A8F, 0xFFD5E4FF, 0x918A4CE7, 0xFF28E5FF, 
0x934E4E3E, 0xFFC0E5FF, 0x94125071, 0xFF2AE6FF, 0x95115298, 0xFFC1E6FF, 0x961E54FC, 0xFF45E7FF, 
0x97405505, 0xFFD9E5FF, 0x984857ED, 0xFF27E7FF, 0x992D58D1, 0xFF37E8FF, 0x75035716, 0xFF25A2FF, 
0xD4E6D54D, 0xFF74D5FF, 0xF1B7F1C2, 0xE19CF1DC, 0xF169F169, 0x1E69F123, 0xF0F0F0F0, 0x00F0F000, 
0x00000000, 0x00000000, 0x00000000, 0x00000000, 0x00000000, 0x00000000, 0x00000000, 0x00000000, 
0x00000000, 0x00000000, 0x00000000, 0x00000000, 0x00000000, 0x00000000, 0x00000000, 0x00000000, 
0x00000000, 0x00000000, 0x00000000, 0x00000000, 0x00000000, 0x00000000, 0x00000000, 0x00000000, 
0xF0F0F0F0, 0x00F0F000, 0xF193F193, 0x1D93F1E8, 0xF175F180, 0xE15AF1DC, 0xD4CFD6F3, 0xFFC8D5FF, 
0x64593D06, 0xFFB89BFF, 0x789226B0, 0xFF73DBFF, 0x7A3D2A87, 0xFF9EDBFF, 0x7BFE2B31, 0xFF18DBFF, 
0x7D0A2E89, 0xFF89DDFF, 0x7EEE2FD4, 0xFFE8DDFF, 0x80F3312B, 0xFF72DEFF, 0x81EB335E, 0xFFE9DEFF, 
0x82C13585, 0xFF73DFFF, 0x838237D8, 0xFFEADFFF, 0x85783930, 0xFF75E0FF, 0x867D3B84, 0xFFE0E0FF, 
0x87663DCE, 0xFF4BE1FF, 0x88163FF3, 0xFFD6E1FF, 0x8AFF4033, 0xFF4CE2FF, 0x8B04438B, 0xFFD7E2FF, 
0x8CFB44E3, 0xFF4EE3FF, 0x8EB14623, 0xFFD8E3FF, 0x8F874843, 0xFF4FE4FF, 0x908B4A8F, 0xFFD5E4FF, 
0x918A4CE7, 0xFF28E5FF, 0x934E4E3E, 0xFFC0E5FF, 0x94125071, 0xFF29E6FF, 0x951A52A9, 0xFFDBE6FF, 
0x956853AA, 0xFF3DE5FF, 0x97A05597, 0xFFBBE6FF, 0x985E56A8, 0xFFA4E7FF, 0x741D5692, 0xFF08A2FF, 
0xD412D671, 0xFF93D5FF, 0xF172F17D, 0xE157F1DC, 0xF195F195, 0x1E95F123, 0xF0F0F0F0, 0x00F0F000, 
0x00000000, 0x00000000, 0x00000000, 0x00000000, 0x00000000, 0x00000000, 0x00000000, 0x00000000, 
0x00000000, 0x00000000, 0x00000000, 0x00000000, 0x00000000, 0x00000000, 0x00000000, 0x00000000, 
0x00000000, 0x00000000, 0x00000000, 0x00000000, 0x00000000, 0x00000000, 0x00000000, 0x00000000, 
0xF0F0F0F0, 0x00F0F000, 0xF192F192, 0x1D92F1E8, 0xF178F182, 0xE15BF1DC, 0xD4CFD6F9, 0xFFD5D5FF, 
0x635F3C5A, 0xFF769BFF, 0x778C2453, 0xFF0BDBFF, 0x79392848, 0xFF09DBFF, 0x7A162A13, 0xFFCCDAFF, 
0x7C592C3E, 0xFF03DDFF, 0x7D0B2E7C, 0xFF76DDFF, 0x7EF12FD4, 0xFFECDDFF, 0x80F2312B, 0xFF72DEFF, 
0x81F6335E, 0xFFE9DEFF, 0x82CB3585, 0xFF73DFFF, 0x838137D7, 0xFFEADFFF, 0x8578392F, 0xFF75E0FF, 
0x867D3B87, 0xFFE0E0FF, 0x87663DD3, 0xFF4DE1FF, 0x88163FF3, 0xFFDBE1FF, 0x8AFF4033, 0xFF4CE2FF, 
0x8B04438B, 0xFFD7E2FF, 0x8CFB44E3, 0xFF4EE3FF, 0x8EB14623, 0xFFD8E3FF, 0x8F874843, 0xFF4FE4FF, 
0x908B4A8F, 0xFFD4E4FF, 0x918A4CE7, 0xFF2DE5FF, 0x934F4E3E, 0xFFCFE5FF, 0x94225082, 0xFF44E6FF, 
0x94605150, 0xFFC8E4FF, 0x96B8533C, 0xFF1CE6FF, 0x979A5457, 0xFF4EE7FF, 0x733E55FA, 0xFFC0A1FF, 
0xD40CD669, 0xFF87D5FF, 0xF165F171, 0xE14AF1DC, 0xF19BF19B, 0x1E9BF123, 0xF0F0F0F0, 0x00F0F000, 
0x00000000, 0x00000000, 0x00000000, 0x00000000, 0x00000000, 0x00000000, 0x00000000, 0x00000000, 
0x00000000, 0x00000000, 0x00000000, 0x00000000, 0x00000000, 0x00000000, 0x00000000, 0x00000000, 
0x00000000, 0x00000000, 0x00000000, 0x00000000, 0x00000000, 0x00000000, 0x00000000, 0x00000000, 
0xF0F0F0F0, 0x00F0F000, 0xF16CF16C, 0x1D6CF1E8, 0xF1B1F1BB, 0xE194F1DC, 0xD4A1D6CC, 0xFFA5D5FF, 
0x627F3BA7, 0xFF3F9BFF, 0x75D822F4, 0xFF6BDAFF, 0x774226F1, 0xFFA4DAFF, 0x781028D5, 0xFF3ADAFF, 
0x7B702A1E, 0xFFAFDCFF, 0x7C632C30, 0xFFFADCFF, 0x7D2D2E7C, 0xFF98DDFF, 0x7EF22FD4, 0xFFECDDFF, 
0x80F1312A, 0xFF72DEFF, 0x81F53365, 0xFFE9DEFF, 0x82CB359E, 0xFF73DFFF, 0x838137D9, 0xFFEADFFF, 
0x8578392F, 0xFF75E0FF, 0x867D3B87, 0xFFE6E0FF, 0x87663DD3, 0xFF74E1FF, 0x88163FF3, 0xFFE1E1FF, 
0x8AFF4033, 0xFF4CE2FF, 0x8B04438B, 0xFFD7E2FF, 0x8CFB44E3, 0xFF4EE3FF, 0x8EB14623, 0xFFD8E3FF, 
0x8F864843, 0xFF4FE4FF, 0x908A4A8F, 0xFFD8E4FF, 0x918B4CE7, 0xFF4FE5FF, 0x937B4E4F, 0xFFEFE5FF, 
0x937D4F30, 0xFF4AE4FF, 0x94B651EC, 0xFFC1E5FF, 0x959452F7, 0xFFBAE6FF, 0x73425443, 0xFF92A1FF, 
0xD4F7D556, 0xFF73D5FF, 0xF1B5F1C0, 0xE199F1DC, 0xF16AF16A, 0x1E6AF123, 0xF0F0F0F0, 0x00F0F000, 
0x00000000, 0x00000000, 0x00000000, 0x00000000, 0x00000000, 0x00000000, 0x00000000, 0x00000000, 
0x00000000, 0x00000000, 0x00000000, 0x00000000, 0x00000000, 0x00000000, 0x00000000, 0x00000000, 
0x00000000, 0x00000000, 0x00000000, 0x00000000, 0x00000000, 0x00000000, 0x00000000, 0x00000000, 
0xF0F0F0F0, 0x00F0F000, 0xF127F127, 0x1D27F1E8, 0xF220F22A, 0xE104F2DC, 0xD464D68D, 0xFF59D5FF, 
0x61713AFD, 0xFFC19AFF, 0x740721A0, 0xFFFAD9FF, 0x768D24A0, 0xFF09DAFF, 0x772A2687, 0xFFCAD9FF, 
0x796D28DD, 0xFF18DCFF, 0x7B6B2A10, 0xFF97DCFF, 0x7C6A2C30, 0xFF01DDFF, 0x7D2E2E7C, 0xFF99DDFF, 
0x7EF22FD4, 0xFFECDDFF, 0x80F1312C, 0xFF72DEFF, 0x81F5337E, 0xFFE9DEFF, 0x82CB35A5, 0xFF73DFFF, 
0x838137D8, 0xFFEADFFF, 0x8578392F, 0xFF75E0FF, 0x867D3B87, 0xFFEBE0FF, 0x87663DD3, 0xFF76E1FF, 
0x88163FF3, 0xFFE1E1FF, 0x8AFF4033, 0xFF4CE2FF, 0x8B04438B, 0xFFD7E2FF, 0x8CFA44E3, 0xFF4EE3FF, 
0x8EBB4623, 0xFFD8E3FF, 0x8F914843, 0xFF4FE4FF, 0x90894A8F, 0xFFD9E4FF, 0x91974CF8, 0xFF69E5FF, 
0x91DC4DFF, 0xFF06E4FF, 0x93D64FC8, 0xFF31E5FF, 0x949850B0, 0xFF4DE6FF, 0x72275384, 0xFF3AA1FF, 
0xD4BED523, 0xFF47D5FF, 0xF22BF235, 0xE10EF2DC, 0xF122F122, 0x1E22F123, 0xF0F0F0F0, 0x00F0F000, 
0x00000000, 0x00000000, 0x00000000, 0x00000000, 0x00000000, 0x00000000, 0x00000000, 0x00000000, 
0x00000000, 0x00000000, 0x00000000, 0x00000000, 0x00000000, 0x00000000, 0x00000000, 0x00000000, 
0x00000000, 0x00000000, 0x00000000, 0x00000000, 0x00000000, 0x00000000, 0x00000000, 0x00000000, 
0xF0F0F0F0, 0x00F0F000, 0xF0FAF0FA, 0x1DFAF0E8, 0xF292F29D, 0xE176F2DC, 0xD457D675, 0xFF41D5FF, 
0x602339FD, 0xFF459AFF, 0x73FE1E72, 0xFF62D9FF, 0x75B72265, 0xFFA6D9FF, 0x76872437, 0xFF3FD9FF, 
0x78952684, 0xFFAEDBFF, 0x796728D0, 0xFF00DCFF, 0x7B6B2A10, 0xFF97DCFF, 0x7C6A2C35, 0xFF01DDFF, 
0x7D2E2E7F, 0xFF99DDFF, 0x7EF22FD3, 0xFFECDDFF, 0x80F1312B, 0xFF72DEFF, 0x81F5337E, 0xFFE9DEFF, 
0x82CB35A5, 0xFF73DFFF, 0x838137D8, 0xFFEADFFF, 0x8578392F, 0xFF74E0FF, 0x867D3B87, 0xFFEBE0FF, 
0x87663DD3, 0xFF76E1FF, 0x88163FF3, 0xFFE1E1FF, 0x8AFE4033, 0xFF4CE2FF, 0x8B03438B, 0xFFD7E2FF, 
0x8C0545E3, 0xFF4EE3FF, 0x8EDC4623, 0xFFD8E3FF, 0x8F924843, 0xFF4FE4FF, 0x90914A9F, 0xFFF1E4FF, 
0x90F84BAC, 0xFF7BE3FF, 0x92284E97, 0xFFDCE4FF, 0x93AC4E8D, 0xFFAAE5FF, 0x71D051A0, 0xFFB3A0FF, 
0xD394D5F9, 0xFF18D5FF, 0xF295F29F, 0xE178F2DC, 0xF0F9F0F9, 0x1EF9F023, 0xF0F0F0F0, 0x00F0F000, 
0x00000000, 0x00000000, 0x00000000, 0x00000000, 0x00000000, 0x00000000, 0x00000000, 0x00000000, 
0x00000000, 0x00000000, 0x00000000, 0x00000000, 0x00000000, 0x00000000, 0x00000000, 0x00000000, 
0x00000000, 0x00000000, 0x00000000, 0x00000000, 0x00000000, 0x00000000, 0x00000000, 0x00000000, 
0xF0F0F0F0, 0x00F0F000, 0xF0F0F0F0, 0x1DF0F0E8, 0xF2CDF2D8, 0xE1B2F2DC, 0xD5FDD613, 0xFFD5D5FF, 
0x5FD237E3, 0xFF7C99FF, 0x72131D37, 0xFF14D9FF, 0x74BC2044, 0xFF10D9FF, 0x74A322F6, 0xFFD5D8FF, 
0x77DE242C, 0xFF16DBFF, 0x78912678, 0xFF96DBFF, 0x796728CF, 0xFF00DCFF, 0x7B6B2A1F, 0xFF97DCFF, 
0x7C6A2C58, 0xFF01DDFF, 0x7D2E2E80, 0xFF99DDFF, 0x7EF22FD3, 0xFFECDDFF, 0x80F1312B, 0xFF72DEFF, 
0x81F5337E, 0xFFE9DEFF, 0x82CB35A5, 0xFF73DFFF, 0x838137D8, 0xFFEADFFF, 0x8578392F, 0xFF74E0FF, 
0x867D3B87, 0xFFEBE0FF, 0x87673DD3, 0xFF76E1FF, 0x88313FF3, 0xFFE1E1FF, 0x8A044133, 0xFF4CE2FF, 
0x8B02438B, 0xFFD7E2FF, 0x8C0645E3, 0xFF4EE3FF, 0x8EDC4623, 0xFFD8E3FF, 0x8F9A4854, 0xFF68E4FF, 
0x8FF24963, 0xFF01E3FF, 0x913F4C47, 0xFF54E4FF, 0x92FD4C45, 0xFF66E5FF, 0x7071508B, 0xFFE39FFF, 
0xD442D6A2, 0xFFBDD5FF, 0xF2CEF2D8, 0xE1B1F2DC, 0xF0F0F0F0, 0x1EF0F023, 0xF0F0F0F0, 0x00F0F000, 
0x00000000, 0x00000000, 0x00000000, 0x00000000, 0x00000000, 0x00000000, 0x00000000, 0x00000000, 
0x00000000, 0x00000000, 0x00000000, 0x00000000, 0x00000000, 0x00000000, 0x00000000, 0x00000000, 
0x00000000, 0x00000000, 0x00000000, 0x00000000, 0x00000000, 0x00000000, 0x00000000, 0x00000000, 
0xF0F0F0F0, 0x00F0F000, 0xF0F0F0F0, 0x1DF0F0E8, 0xF2C3F2CF, 0xE1A8F2DC, 0xD699D8AD, 0xFF72D7FF, 
0x5F8937CF, 0xFFB399FF, 0x706C1BF4, 0xFF90D8FF, 0x72D21EF4, 0xFFC0D8FF, 0x739F20D3, 0xFF37D8FF, 
0x75E722EC, 0xFFADDAFF, 0x77DB2421, 0xFFFFDAFF, 0x78912677, 0xFF96DBFF, 0x796728CF, 0xFF00DCFF, 
0x7B6B2A26, 0xFF97DCFF, 0x7C6A2C59, 0xFF01DDFF, 0x7D2E2E80, 0xFF99DDFF, 0x7EF22FD3, 0xFFECDDFF, 
0x80F1312B, 0xFF72DEFF, 0x81F5337E, 0xFFE9DEFF, 0x82CB35A5, 0xFF73DFFF, 0x838337D8, 0xFFEADFFF, 
0x8578392F, 0xFF74E0FF, 0x867C3B87, 0xFFEBE0FF, 0x877B3DD3, 0xFF76E1FF, 0x883F3FF3, 0xFFE1E1FF, 
0x8A034133, 0xFF4CE2FF, 0x8B02438B, 0xFFD7E2FF, 0x8C0645E3, 0xFF4EE3FF, 0x8EE5463B, 0xFFF1E3FF, 
0x8EF74735, 0xFF6CE2FF, 0x8F364AEF, 0xFFD6E3FF, 0x90134BFA, 0xFFE3E4FF, 0x70075051, 0xFFF59FFF, 
0xD6D7D72F, 0xFF2DD7FF, 0xF2C4F2CF, 0xE1A9F2DC, 0xF0F0F0F0, 0x1EF0F023, 0xF0F0F0F0, 0x00F0F000, 
0x00000000, 0x00000000, 0x00000000, 0x00000000, 0x00000000, 0x00000000, 0x00000000, 0x00000000, 
0x00000000, 0x00000000, 0x00000000, 0x00000000, 0x00000000, 0x00000000, 0x00000000, 0x00000000, 
0x00000000, 0x00000000, 0x00000000, 0x00000000, 0x00000000, 0x00000000, 0x00000000, 0x00000000, 
0xF0F0F0F0, 0x00F0F000, 0xF0F0F0F0, 0x1DF0F0E8, 0xF2BBF2C6, 0xE19FF2DC, 0xD714D928, 0xFFEFD7FF, 
0x5E9337AF, 0xFF2F97FF, 0x70471A0F, 0xFFE5D7FF, 0x712B1DAB, 0xFF28D8FF, 0x72B41E84, 0xFFE1D7FF, 
0x74E220CE, 0xFF17DAFF, 0x76E42201, 0xFF95DAFF, 0x77DB242C, 0xFFFFDAFF, 0x78912677, 0xFF96DBFF, 
0x796728CF, 0xFF00DCFF, 0x7B6B2A26, 0xFF97DCFF, 0x7C6A2C59, 0xFF01DDFF, 0x7D2E2E80, 0xFF99DDFF, 
0x7EF22FD3, 0xFFECDDFF, 0x80F1312B, 0xFF72DEFF, 0x81F4337E, 0xFFE9DEFF, 0x82DC35A5, 0xFF73DFFF, 
0x83A037D8, 0xFFEADFFF, 0x8578392F, 0xFF74E0FF, 0x867C3B87, 0xFFEBE0FF, 0x877B3DD3, 0xFF76E1FF, 
0x883F3FF3, 0xFFE1E1FF, 0x8A034132, 0xFF4CE2FF, 0x8B02438A, 0xFFD7E2FF, 0x8C0E45F2, 0xFF67E3FF, 
0x8D4A460D, 0xFFFFE1FF, 0x8E4748D2, 0xFF5BE3FF, 0x8FDF4858, 0xFF08E4FF, 0x6D784EF4, 0xFFF99CFF, 
0xD65DD8AF, 0xFFB4D7FF, 0xF2BBF2C6, 0xE1A0F2DC, 0xF0F0F0F0, 0x1EF0F023, 0xF0F0F0F0, 0x00F0F000, 
0x00000000, 0x00000000, 0x00000000, 0x00000000, 0x00000000, 0x00000000, 0x00000000, 0x00000000, 
0x00000000, 0x00000000, 0x00000000, 0x00000000, 0x00000000, 0x00000000, 0x00000000, 0x00000000, 
0x00000000, 0x00000000, 0x00000000, 0x00000000, 0x00000000, 0x00000000, 0x00000000, 0x00000000, 
0xF0F0F0F0, 0x00F0F000, 0xF0F0F0F0, 0x1DF0F0E8, 0xF27EF287, 0xE164F2DC, 0xDA64DCC5, 0xFFA1DBFF, 
0x564E4183, 0xFF387EFF, 0x68D21917, 0xFFA5C8FF, 0x729D1B00, 0xFF4FDAFF, 0x72961C22, 0xFF83D9FF, 
0x747F1E69, 0xFFFFDBFF, 0x756A20B8, 0xFF2FDCFF, 0x767222FA, 0xFFC5DCFF, 0x786E241C, 0xFF2DDDFF, 
0x7929266A, 0xFFC4DDFF, 0x7A0428C3, 0xFF2CDEFF, 0x7C0B2A1D, 0xFFC2DEFF, 0x7D0F2C53, 0xFF2ADFFF, 
0x7EDD2D7C, 0xFFC2DFFF, 0x7FB02FD1, 0xFF13E0FF, 0x81A4312B, 0xFF98E0FF, 0x82AD3381, 0xFF0DE1FF, 
0x83A835AA, 0xFF97E1FF, 0x846337E0, 0xFF0CE2FF, 0x863E3938, 0xFF95E2FF, 0x87453B93, 0xFF0AE3FF, 
0x88493DE0, 0xFF95E3FF, 0x8A123F0D, 0xFFFEE3FF, 0x8BDB4050, 0xFF68E4FF, 0x8CE542AF, 0xFF09E5FF, 
0x8C5A44D3, 0xFF96E3FF, 0x8E7B46D6, 0xFF2DE5FF, 0x835C424D, 0xFFB0D2FF, 0x5E0C4EB2, 0xFFC980FF, 
0xDAC1DB41, 0xFF37DBFF, 0xF27FF28A, 0xE169F2DC, 0xF0F0F0F0, 0x1EF0F023, 0xF0F0F0F0, 0x00F0F000, 
0x00000000, 0x00000000, 0x00000000, 0x00000000, 0x00000000, 0x00000000, 0x00000000, 0x00000000, 
0x00000000, 0x00000000, 0x00000000, 0x00000000, 0x00000000, 0x00000000, 0x00000000, 0x00000000, 
0x00000000, 0x00000000, 0x00000000, 0x00000000, 0x00000000, 0x00000000, 0x00000000, 0x00000000, 
0xF0F0F0F0, 0x00F0F000, 0xF0F0F0F0, 0x1DF0F0E8, 0xF196F19B, 0xE18AF1DC, 0xE8EDE88E, 0xFF46E9FF, 
0x79C37CA9, 0xFF4A8BFF, 0x434E2F5F, 0xFFBE6FFF, 0x4A88236D, 0xFF5C86FF, 0x4B022465, 0xFFF287FF, 
0x4C2E25B7, 0xFF8E89FF, 0x4D31268C, 0xFFF389FF, 0x4E652769, 0xFF488AFF, 0x4F98282F, 0xFFD28AFF, 
0x507E2AB4, 0xFFF38BFF, 0x51DF2BEA, 0xFFD78CFF, 0x520A2DC0, 0xFF368DFF, 0x53D42D34, 0xFF5F8DFF, 
0x53472E2C, 0xFF028DFF, 0x53572FED, 0xFF858DFF, 0x545B30C4, 0xFFD08DFF, 0x558C319E, 0xFF618EFF, 
0x57763325, 0xFF6B8FFF, 0x5808354C, 0xFF6890FF, 0x5905361C, 0xFFC290FF, 0x59DA369B, 0xFFFA90FF, 
0x593E37A6, 0xFF8E90FF, 0x5A603875, 0xFF1791FF, 0x5B623938, 0xFF6491FF, 0x5C8C3A01, 0xFFF791FF, 
0x5C373B26, 0xFF5991FF, 0x5C443C48, 0xFF9B90FF, 0x518942F2, 0xFFAD79FF, 0x7C6680AC, 0xFF228DFF, 
0xE8BBE866, 0xFF00E9FF, 0xF196F19B, 0xE18CF1DC, 0xF0F0F0F0, 0x1EF0F023, 0xF0F0F0F0, 0x00F0F000, 
0x00000000, 0x00000000, 0x00000000, 0x00000000, 0x00000000, 0x00000000, 0x00000000, 0x00000000, 
0x00000000, 0x00000000, 0x00000000, 0x00000000, 0x00000000, 0x00000000, 0x00000000, 0x00000000, 
0x00000000, 0x00000000, 0x00000000, 0x00000000, 0x00000000, 0x00000000, 0x00000000, 0x00000000, 
0xF0F0F0F0, 0x00F0F000, 0xF0F0F0F0, 0x1DF0F0E8, 0xF107F107, 0xE107F1DC, 0xF0B5F0C5, 0xFF99F0FF, 
0xD1FDD22B, 0xFFAED6FF, 0x7A3381F4, 0xFF8189FF, 0x55135DCA, 0xFF0C65FF, 0x55495DBF, 0xFF8165FF, 
0x589A5F03, 0xFF2568FF, 0x598A6011, 0xFF4869FF, 0x5AC3613A, 0xFF716AFF, 0x5A7962EB, 0xFF476BFF, 
0x4F8657FE, 0xFFE060FF, 0x4BFF5257, 0xFF995CFF, 0x4C1E5456, 0xFFD25DFF, 0x53635BA0, 0xFF1B65FF, 
0x613D694D, 0xFFB072FF, 0x61936990, 0xFF3573FF, 0x62826A84, 0xFF6174FF, 0x648A6C7C, 0xFF8B76FF, 
0x59F161A8, 0xFF4D6CFF, 0x53955B5D, 0xFF5C66FF, 0x54955C60, 0xFF9667FF, 0x5A1263AE, 0xFFF76DFF, 
0x675F70EA, 0xFF1A7BFF, 0x69B97148, 0xFFAC7CFF, 0x6AC57244, 0xFFE07DFF, 0x6B117461, 0xFF357FFF, 
0x6A4273B7, 0xFF927EFF, 0x6C3875B4, 0xFF6780FF, 0x8B7C93D9, 0xFF309DFF, 0xD38FD576, 0xFFF9D8FF, 
0xF092F0A7, 0xFF79F0FF, 0xF107F107, 0xE107F1DC, 0xF0F0F0F0, 0x1EF0F023, 0xF0F0F0F0, 0x00F0F000, 
0x00000000, 0x00000000, 0x00000000, 0x00000000, 0x00000000, 0x00000000, 0x00000000, 0x00000000, 
0x00000000, 0x00000000, 0x00000000, 0x00000000, 0x00000000, 0x00000000, 0x00000000, 0x00000000, 
0x00000000, 0x00000000, 0x00000000, 0x00000000, 0x00000000, 0x00000000, 0x00000000, 0x00000000, 
0xF0F0F0F0, 0x00F0F000, 0xF0F0F0F0, 0x1DF0F0E8, 0xF106F106, 0xE106F1DC, 0xEFE7EFE8, 0xFFE7EFFF, 
0xEECAEED8, 0xFFAAEEFF, 0xE712E8B9, 0xFFA6E8FF, 0xDC9BDDD2, 0xFFF7DEFF, 0xD90CDA30, 0xFF78DBFF, 
0xDDE7DD04, 0xFF63DFFF, 0xDDD9DEFB, 0xFF5DE0FF, 0xDE1BDF3A, 0xFF9AE0FF, 0xDC09DD26, 0xFF96DEFF, 
0x8467856F, 0xFF4589FF, 0x5AE85BE2, 0xFF1261FF, 0x5C5B5D50, 0xFF8062FF, 0x6C116EFF, 0xFFAA72FF, 
0xB8B3B993, 0xFF52BCFF, 0xDB40DC41, 0xFF02DEFF, 0xDBE8DCEB, 0xFFABDEFF, 0xBD56BE18, 0xFFF2C0FF, 
0x71D37276, 0xFF8777FF, 0x5D805E5F, 0xFFCC63FF, 0x5C825D60, 0xFFDE62FF, 0x83BF849F, 0xFF0A89FF, 
0xDDF5DEE6, 0xFFCFE0FF, 0xE0CFE1C2, 0xFF9FE3FF, 0xE0EDE1DC, 0xFFC4E3FF, 0xE051E139, 0xFF29E3FF, 
0xDC83DD70, 0xFF62DFFF, 0xE061E159, 0xFF2BE3FF, 0xE9A8E936, 0xFF64EAFF, 0xEEA6EEB5, 0xFF87EEFF, 
0xEFE5EFE5, 0xFFE5EFFF, 0xF106F106, 0xE106F1DC, 0xF0F0F0F0, 0x1EF0F023, 0xF0F0F0F0, 0x00F0F000, 
0x00000000, 0x00000000, 0x00000000, 0x00000000, 0x00000000, 0x00000000, 0x00000000, 0x00000000, 
0x00000000, 0x00000000, 0x00000000, 0x00000000, 0x00000000, 0x00000000, 0x00000000, 0x00000000, 
0x00000000, 0x00000000, 0x00000000, 0x00000000, 0x00000000, 0x00000000, 0x00000000, 0x00000000, 
0xF109F28E, 0x00FCF000, 0xF109F28E, 0x1DFCF0E8, 0xF115F29B, 0xE108F1DC, 0xF05FF1E4, 0xFF51F0FF, 
0xEEA9EE2F, 0xFF9CEDFF, 0xEFFCEF87, 0xFFE5EEFF, 0xF132F2C4, 0xFF0EF1FF, 0xF0BDF051, 0xFF98EFFF, 
0xF0D2F066, 0xFFACEFFF, 0xF124F2B8, 0xFFFDF0FF, 0xF390F324, 0xFF69F2FF, 0xF05FF1EE, 0xFF3BF0FF, 
0x98B999A8, 0xFF139BFF, 0x6EC06F6B, 0xFFBD72FF, 0x70DC718B, 0xFFC974FF, 0x705F710D, 0xFF4F74FF, 
0x7CAB7D5D, 0xFF4480FF, 0x97209806, 0xFFF599FF, 0x970D99EB, 0xFFD29AFF, 0x7D357FDE, 0xFFB581FF, 
0x706B7117, 0xFF5974FF, 0x70C57177, 0xFFB074FF, 0x6EA26F4F, 0xFF9D72FF, 0x95AC969F, 0xFF6D98FF, 
0xF0C0F052, 0xFFA9EFFF, 0xF36BF302, 0xFF3EF2FF, 0xF1EFF186, 0xFFC4F0FF, 0xF09FF036, 0xFF73EFFF, 
0xEF68F0FF, 0xFF3CEFFF, 0xF1F1F188, 0xFFC7F0FF, 0xEFEFEF7C, 0xFFD5EEFF, 0xEEACEE31, 0xFF9EEDFF, 
0xF066F1EB, 0xFF59F0FF, 0xF115F29A, 0xE107F1DC, 0xF109F28E, 0x1EFCF023, 0xF109F28E, 0x00FCF000, 
0x00000000, 0x00000000, 0x00000000, 0x00000000, 0x00000000, 0x00000000, 0x00000000, 0x00000000, 
0x00000000, 0x00000000, 0x00000000, 0x00000000, 0x00000000, 0x00000000, 0x00000000, 0x00000000, 
0x00000000, 0x00000000, 0x00000000, 0x00000000, 0x00000000, 0x00000000, 0x00000000, 0x00000000, 
0xE6FDDD43, 0x0023F000, 0xE6FDDD43, 0x1D23F0E8, 0xE6FEDD44, 0xE124F0DC, 0xE6FCDD42, 0xFF21F0FF, 
0xE40DDC53, 0xFF33EEFF, 0xE170D9B6, 0xFF96EBFF, 0xE1D0D816, 0xFFF6EAFF, 0xE027D86D, 0xFF4DEAFF, 
0xE2F4D93A, 0xFF1AECFF, 0xE0FDD743, 0xFF23EAFF, 0xE081D8C7, 0xFFA7EAFF, 0xE080D8C1, 0xFFA6EAFF, 
0x9A4E9200, 0xFF96A6FF, 0x782B7195, 0xFFE786FF, 0x7AFD726B, 0xFF9D88FF, 0x7AFD7268, 0xFFA588FF, 
0x795672CC, 0xFFF787FF, 0x78E57049, 0xFF9986FF, 0x78E8704B, 0xFF9186FF, 0x794E72B3, 0xFFF687FF, 
0x7A28738E, 0xFFBD88FF, 0x7A2A7390, 0xFFC888FF, 0x785F71C1, 0xFF0087FF, 0x974490E8, 0xFFD5A4FF, 
0xE035D877, 0xFF6AEAFF, 0xE090D8D6, 0xFFB5EAFF, 0xE0D4D71A, 0xFFFAE9FF, 0xE2C8D90E, 0xFFEEEBFF, 
0xE010D856, 0xFF36EAFF, 0xE1D0D816, 0xFFF6EAFF, 0xE16ED9B4, 0xFF94EBFF, 0xE4F6DB3C, 0xFF1CEEFF, 
0xE6FBDD41, 0xFF21F0FF, 0xE6FEDD44, 0xE124F0DC, 0xE6FDDD43, 0x1E23F023, 0xE6FDDD43, 0x0023F000, 
0x00000000, 0x00000000, 0x00000000, 0x00000000, 0x00000000, 0x00000000, 0x00000000, 0x00000000, 
0x00000000, 0x00000000, 0x00000000, 0x00000000, 0x00000000, 0x00000000, 0x00000000, 0x00000000, 
0x00000000, 0x00000000, 0x00000000, 0x00000000, 0x00000000, 0x00000000, 0x00000000, 0x00000000, 
0xD271BA3D, 0x00A3EE00, 0xD271BA3D, 0x1DA3EEE8, 0xD271BA3C, 0xE1A2EEDC, 0xD273BA3F, 0xFFA5EEFF, 
0xD271BA3C, 0xFFA2EEFF, 0xD1AAB975, 0xFFDBEDFF, 0xD084B84F, 0xFFB5ECFF, 0xCF83B74E, 0xFFB4EBFF, 
0xCE38B603, 0xFF69EAFF, 0xCD12B6DE, 0xFF44EAFF, 0xCDBAB585, 0xFFEBE9FF, 0xCC19B5E6, 0xFF40E9FF, 
0xA5098E87, 0xFFA5C2FF, 0x86CD6FF9, 0xFF61A5FF, 0x86476F75, 0xFF01A5FF, 0x86066F31, 0xFFE9A4FF, 
0x85906EC2, 0xFF8FA4FF, 0x85256E4E, 0xFF3CA4FF, 0x84AB6DD4, 0xFFD5A3FF, 0x84146D3C, 0xFF62A3FF, 
0x837F6CA8, 0xFFF3A2FF, 0x82B56BDD, 0xFF4EA2FF, 0x83AD6CD5, 0xFF0AA3FF, 0x9F7288CF, 0xFF9BBDFF, 
0xCC7AB441, 0xFFAFE8FF, 0xCDCEB599, 0xFFFFE9FF, 0xCD2AB6F5, 0xFF5BEAFF, 0xCD30B6FB, 0xFF61EAFF, 
0xCF95B760, 0xFFC6EBFF, 0xD07EB849, 0xFFAFECFF, 0xD1A4B96F, 0xFFD5EDFF, 0xD26FBA3A, 0xFFA0EEFF, 
0xD274BA3F, 0xFFA5EEFF, 0xD271BA3C, 0xE1A2EEDC, 0xD271BA3D, 0x1EA3EE23, 0xD271BA3D, 0x00A3EE00, 
0x00000000, 0x00000000, 0x00000000, 0x00000000, 0x00000000, 0x00000000, 0x00000000, 0x00000000, 
0x00000000, 0x00000000, 0x00000000, 0x00000000, 0x00000000, 0x00000000, 0x00000000, 0x00000000, 
0x00000000, 0x00000000, 0x00000000, 0x00000000, 0x00000000, 0x00000000, 0x00000000, 0x00000000, 
0xF1FFF189, 0x00FBF000, 0xF1FFF189, 0x1EFBF023, 0xF1FFF189, 0xE3FBF099, 0xF1FFF189, 0xFFFBF0FF, 
0xF100F289, 0xFFFCF0FF, 0xF10BF295, 0xFF08F1FF, 0xF120F2AA, 0xFF1DF1FF, 0xF11BF2A4, 0xFF17F1FF, 
0xF06BF1F5, 0xFF68F0FF, 0xF0FDF087, 0xFFFAEFFF, 0xF009F192, 0xFF05F0FF, 0xF022F1AE, 0xFF1FF0FF, 
0xDE73DFC7, 0xFFE6DDFF, 0xC1A2C2A9, 0xFF96C0FF, 0xBCD8BDDF, 0xFF27BCFF, 0xBB0BBC13, 0xFFC0BAFF, 
0xB9B5BABD, 0xFFCCB9FF, 0xB899B9A1, 0xFFEDB8FF, 0xB739B841, 0xFFC8B7FF, 0xB591B69A, 0xFF81B6FF, 
0xB3CDB4D5, 0xFF2DB5FF, 0xB2A9B3B0, 0xFF6BB4FF, 0xB932BA3F, 0xFF61BAFF, 0xDA32DB80, 0xFF2BDAFF, 
0xF0CCF055, 0xFFCDEFFF, 0xF012F19B, 0xFF0EF0FF, 0xF00BF194, 0xFF07F0FF, 0xF17FF109, 0xFF7BF0FF, 
0xF121F2AB, 0xFF1EF1FF, 0xF120F2AA, 0xFF1CF1FF, 0xF10BF295, 0xFF08F1FF, 0xF100F289, 0xFFFCF0FF, 
0xF1FFF189, 0xFFFBF0FF, 0xF1FFF189, 0xE3FBF099, 0xF1FFF189, 0x1EFBF05F, 0xF1FFF189, 0x00FBF000, 
0x00000000, 0x00000000, 0x00000000, 0x00000000, 0x00000000, 0x00000000, 0x00000000, 0x00000000, 
0x00000000, 0x00000000, 0x00000000, 0x00000000, 0x00000000, 0x00000000, 0x00000000, 0x00000000, 
0x00000000, 0x00000000, 0x00000000, 0x00000000, 0x00000000, 0x00000000, 0x00000000, 0x00000000, 
0xF0F0F0F0, 0x00F0F000, 0xF0F0F0F0, 0x1AF0F063, 0xF0F0F0F0, 0xC7F0F044, 0xF0F0F0F0, 0xE3F0F099, 
0xF0F0F0F0, 0xE1F0F0DC, 0xF0F0F0F0, 0xE1F0F0DC, 0xF0F0F0F0, 0xE1F0F0DC, 0xF0F1F0F1, 0xE1F1F0DC, 
0xF0FCF0FC, 0xE1FCF0DC, 0xF107F107, 0xE107F1DC, 0xF107F107, 0xE107F1DC, 0xF108F107, 0xE108F1DC, 
0xF1E4F1E6, 0xE1E8F1DC, 0xF2C9F2CE, 0xE1CAF2DC, 0xF2A8F2AD, 0xE1A7F2DC, 0xF23EF242, 0xE13AF2DC, 
0xF1D8F1DC, 0xE1D2F1DC, 0xF1AEF1B2, 0xE1A6F1DC, 0xF1AFF1B4, 0xE1A6F1DC, 0xF1F3F1F8, 0xE1E8F1DC, 
0xF263F267, 0xE155F2DC, 0xF2E2F2E6, 0xE1D2F2DC, 0xF3FBF200, 0xE1EFF2DC, 0xF21AF21D, 0xE117F2DC, 
0xF10DF10D, 0xE10DF1DC, 0xF106F106, 0xE106F1DC, 0xF106F106, 0xE106F1DC, 0xF0FBF0FB, 0xE1FBF0DC, 
0xF0F0F0F0, 0xE1F0F0DC, 0xF0F0F0F0, 0xE1F0F0DC, 0xF0F0F0F0, 0xE1F0F0DC, 0xF0F0F0F0, 0xE1F0F0DC, 
0xF0F0F0F0, 0xE3F0F099, 0xF0F0F0F0, 0xC7F0F044, 0xF0F0F0F0, 0x1AF0F097, 0xF0F0F0F0, 0x00F0F000, 
0x00000000, 0x00000000, 0x00000000, 0x00000000, 0x00000000, 0x00000000, 0x00000000, 0x00000000, 
0x00000000, 0x00000000, 0x00000000, 0x00000000, 0x00000000, 0x00000000, 0x00000000, 0x00000000, 
0x00000000, 0x00000000, 0x00000000, 0x00000000, 0x00000000, 0x00000000, 0x00000000, 0x00000000, 
0xF0F0F0F0, 0x00F0F000, 0xF0F0F0F0, 0x03F0F07F, 0xF0F0F0F0, 0x1AF0F063, 0xF0F0F0F0, 0x1EF0F023, 
0xF0F0F0F0, 0x1DF0F0E8, 0xF0F0F0F0, 0x1DF0F0E8, 0xF0F0F0F0, 0x1DF0F0E8, 0xF0F0F0F0, 0x1DF0F0E8, 
0xF0F0F0F0, 0x1DF0F0E8, 0xF0F0F0F0, 0x1DF0F0E8, 0xF0F0F0F0, 0x1DF0F0E8, 0xF0F0F0F0, 0x1DF0F0E8, 
0xF0F0F0F0, 0x1DF0F0E8, 0xF0F0F0F0, 0x1DF0F0E8, 0xF0F9F0F9, 0x1DF9F0E8, 0xF126F126, 0x1D26F1E8, 
0xF16BF16B, 0x1D6BF1E8, 0xF18CF18C, 0x1D8CF1E8, 0xF18FF18F, 0x1D8FF1E8, 0xF169F169, 0x1D69F1E8, 
0xF128F128, 0x1D28F1E8, 0xF0FAF0FA, 0x1DFAF0E8, 0xF0F0F0F0, 0x1DF0F0E8, 0xF0F0F0F0, 0x1DF0F0E8, 
0xF0F0F0F0, 0x1DF0F0E8, 0xF0F0F0F0, 0x1DF0F0E8, 0xF0F0F0F0, 0x1DF0F0E8, 0xF0F0F0F0, 0x1DF0F0E8, 
0xF0F0F0F0, 0x1DF0F0E8, 0xF0F0F0F0, 0x1DF0F0E8, 0xF0F0F0F0, 0x1DF0F0E8, 0xF0F0F0F0, 0x1DF0F0E8, 
0xF0F0F0F0, 0x1EF0F023, 0xF0F0F0F0, 0x1AF0F063, 0xF0F0F0F0, 0x03F0F085, 0xF0F0F0F0, 0x00F0F000, 
0x00000000, 0x00000000, 0x00000000, 0x00000000, 0x00000000, 0x00000000, 0x00000000, 0x00000000, 
0x00000000, 0x00000000, 0x00000000, 0x00000000, 0x00000000, 0x00000000, 0x00000000, 0x00000000, 
0x00000000, 0x00000000, 0x00000000, 0x00000000, 0x00000000, 0x00000000, 0x00000000, 0x00000000, 
0xF0F0F0F0, 0x00F0F005, 0xF0F0F0F0, 0x00F0F000, 0xF0F0F0F0, 0x00F0F000, 0xF0F0F0F0, 0x00F0F000, 
0xF0F0F0F0, 0x00F0F000, 0xF0F0F0F0, 0x00F0F000, 0xF0F0F0F0, 0x00F0F000, 0xF0F0F0F0, 0x00F0F000, 
0xF0F0F0F0, 0x00F0F000, 0xF0F0F0F0, 0x00F0F000, 0xF0F0F0F0, 0x00F0F000, 0xF0F0F0F0, 0x00F0F000, 
0xF0F0F0F0, 0x00F0F000, 0xF0F0F0F0, 0x00F0F000, 0xF0F0F0F0, 0x00F0F000, 0xF0F0F0F0, 0x00F0F000, 
0xF0F0F0F0, 0x00F0F000, 0xF0F0F0F0, 0x00F0F000, 0xF0F0F0F0, 0x00F0F000, 0xF0F0F0F0, 0x00F0F000, 
0xF0F0F0F0, 0x00F0F000, 0xF0F0F0F0, 0x00F0F000, 0xF0F0F0F0, 0x00F0F000, 0xF0F0F0F0, 0x00F0F000, 
0xF0F0F0F0, 0x00F0F000, 0xF0F0F0F0, 0x00F0F000, 0xF0F0F0F0, 0x00F0F000, 0xF0F0F0F0, 0x00F0F000, 
0xF0F0F0F0, 0x00F0F000, 0xF0F0F0F0, 0x00F0F000, 0xF0F0F0F0, 0x00F0F000, 0xF0F0F0F0, 0x00F0F000, 
0xF0F0F0F0, 0x00F0F000, 0xF0F0F0F0, 0x00F0F000, 0xF0F0F0F0, 0x00F0F000, 0xF0F0F0F0, 0x00F0F004, 
0x00000000, 0x00000000, 0x00000000, 0x00000000, 0x00000000, 0x00000000, 0x00000000, 0x00000000, 
0x00000000, 0x00000000, 0x00000000, 0x00000000, 0x00000000, 0x00000000, 0x00000000, 0x00000000, 
0x00000000, 0x00000000, 0x00000000, 0x00000000, 0x00000000, 0x00000000, 0x00000000, 0x00000000, 

};

static const uint32_t adwaita_icon_home[] = {
0x00000000, 0x00000002, 0x00000000, 0x00000000, 0x00000000, 0x00000000, 0x00000000, 0x00000000, 
0x00000000, 0x00000000, 0x00000000, 0x00000000, 0x00000000, 0x00000001, 0x00000000, 0x00000000, 
0x00000000, 0x00000000, 0x00000000, 0x00000000, 0x00000000, 0x00000000, 0x00000000, 0x00000000, 
0x00000000, 0x00000000, 0x00000000, 0x00000000, 0x00000000, 0x00000000, 0x00000000, 0x00000000, 
0x00000000, 0x00000000, 0x00000000, 0x00000000, 0x00000000, 0x00000000, 0x00000000, 0x00000000, 
0x00000000, 0x00000000, 0x00000000, 0x00000000, 0x00000000, 0x00000000, 0x00000000, 0x00000000, 
0x00000000, 0x00000000, 0x00000000, 0x00000000, 0x00000000, 0x00000000, 0x00000000, 0x00000000, 
0x00000000, 0x00000000, 0x00000000, 0x00000000, 0x00000000, 0x00000000, 0x00000000, 0x00000000, 
0x00000000, 0x00000000, 0x00000000, 0x00000000, 0x00000000, 0x00000000, 0x00000000, 0x00000000, 
0x00000000, 0x00000000, 0x00000000, 0x00000000, 0x00000000, 0x00000000, 0x00000000, 0x00000000, 
0x00000000, 0x00000002, 0x00000000, 0x00000000, 0x00000000, 0x00000000, 0x00000000, 0x00000000, 
0x00000000, 0x00000000, 0x00000000, 0x00000000, 0x00000000, 0x00000000, 0x00000000, 0x00000003, 
0x00000000, 0x00000000, 0x00000000, 0x010000EA, 0x00000000, 0x0B0000BC, 0x00000000, 0x070000BB, 
0x00000000, 0x09000037, 0x00000000, 0x030000CF, 0x00000000, 0x00000000, 0x00000000, 0x00000000, 
0x00000000, 0x00000000, 0x00000000, 0x00000000, 0x00000000, 0x00000000, 0x00000000, 0x00000000, 
0x00000000, 0x00000000, 0x00000000, 0x00000000, 0x00000000, 0x00000000, 0x00000000, 0x00000000, 
0x00000000, 0x00000000, 0x00000000, 0x00000000, 0x00000000, 0x00000000, 0x00000000, 0x00000000, 
0x00000000, 0x00000000, 0x00000000, 0x00000000, 0x00000000, 0x00000000, 0x00000000, 0x00000000, 
0x00000000, 0x00000000, 0x00000000, 0x00000000, 0x00000000, 0x00000000, 0x00000000, 0x00000000, 
0x00000000, 0x00000000, 0x00000000, 0x00000000, 0x00000000, 0x00000000, 0x00000000, 0x00000000, 
0x00000000, 0x00000000, 0x00000000, 0x00000000, 0x00000000, 0x00000000, 0x00000000, 0x00000000, 
0x00000000, 0x00000000, 0x00000000, 0x00000000, 0x00000000, 0x00000000, 0x00000000, 0x00000000, 
0x00000000, 0x00000000, 0x00000000, 0x02000008, 0x00000000, 0x0A000040, 0x00000000, 0x0800003C, 
0x00000000, 0x090000A8, 0x00000000, 0x0A000038, 0x00000000, 0x0400009A, 0x00000000, 0x00000000, 
0x00000000, 0x00000000, 0x00000000, 0x080000A2, 0x00000000, 0x3B00005D, 0x00000000, 0x3900007A, 
0x00000000, 0x41000019, 0x00000000, 0x1A000081, 0xA8C7A8C7, 0x00C7A800, 0xF0C0F0C0, 0x00C0F000, 
0xF0F0F0F0, 0x00F0F000, 0xF0F0F0F0, 0x00F0F000, 0xF0F0F0F0, 0x00F0F000, 0xF0F0F0F0, 0x00F0F000, 
0xF0F0F0F0, 0x00F0F000, 0xF0F0F0F0, 0x00F0F000, 0xF0F0F0F0, 0x00F0F000, 0xF0F0F0F0, 0x00F0F000, 
0xF0F0F0F0, 0x00F0F000, 0xF0F0F0F0, 0x00F0F000, 0xF0F0F0F0, 0x00F0F000, 0xF0F0F0F0, 0x00F0F000, 
0xF0F0F0F0, 0x00F0F000, 0xF0F0F0F0, 0x00F0F000, 0xF0F0F0F0, 0x00F0F000, 0xF0F0F0F0, 0x00F0F000, 
0xF0F0F0F0, 0x00F0F000, 0xF0F0F0F0, 0x00F0F000, 0xF0F0F0F0, 0x00F0F000, 0xF0F0F0F0, 0x00F0F000, 
0xF0F0F0F0, 0x00F0F000, 0xF0F0F0F0, 0x00F0F000, 0xF0F0F0F0, 0x00F0F000, 0xF0F0F0F0, 0x00F0F000, 
0xF0F0F0F0, 0x00F0F000, 0xF0F0F0F0, 0x00F0F000, 0xF0F0F0F0, 0x00F0F000, 0xF0F0F0F0, 0x00F0F004, 
0x00000000, 0x00000000, 0x00000000, 0x00000000, 0x00000000, 0x00000000, 0x00000000, 0x00000000, 
0x00000000, 0x00000000, 0x00000000, 0x08000036, 0x00000000, 0x3B000017, 0x00000000, 0x3E000052, 
0x00000000, 0x420000FA, 0x00000000, 0x400000A7, 0x00000000, 0x2100008D, 0x00000000, 0x00000000, 
0xD6D7D6D7, 0x00D7D600, 0xDB1ADB1A, 0x031ADBDF, 0xD8E8D8E8, 0x1DE8D889, 0xD2A4D2A4, 0x22A4D2BD, 
0xD087D087, 0x2287D0D3, 0xE320E320, 0x1F20E3F9, 0xF182F182, 0x1E82F111, 0xF0F0F0F0, 0x1EF0F023, 
0xF0F0F0F0, 0x1EF0F023, 0xF0F0F0F0, 0x1EF0F023, 0xF0F0F0F0, 0x1EF0F023, 0xF0F0F0F0, 0x1EF0F023, 
0xF0F0F0F0, 0x1EF0F023, 0xF0F0F0F0, 0x1EF0F023, 0xF0F9F0F9, 0x1EF9F023, 0xF126F126, 0x1E26F123, 
0xF16EF16E, 0x1E6EF123, 0xF194F194, 0x1E94F123, 0xF192F192, 0x1E92F123, 0xF16CF16C, 0x1E6CF123, 
0xF127F127, 0x1E27F123, 0xF0F9F0F9, 0x1EF9F023, 0xF0F0F0F0, 0x1EF0F023, 0xF0F0F0F0, 0x1EF0F023, 
0xF0F0F0F0, 0x1EF0F023, 0xF0F0F0F0, 0x1EF0F023, 0xF0F0F0F0, 0x1EF0F023, 0xF0F0F0F0, 0x1EF0F023, 
0xF0F0F0F0, 0x1EF0F023, 0xF0F0F0F0, 0x1EF0F023, 0xF0F0F0F0, 0x1EF0F023, 0xF0F0F0F0, 0x1EF0F023, 
0xF0F0F0F0, 0x1EF0F05F, 0xF0F0F0F0, 0x1AF0F097, 0xF0F0F0F0, 0x03F0F08C, 0xF0F0F0F0, 0x00F0F000, 
0x00000000, 0x00000000, 0x00000000, 0x00000000, 0x00000000, 0x00000000, 0x00000000, 0x00000000, 
0xD660D660, 0x0060D600, 0xDD8FDD8F, 0x038FDDDC, 0xC4FBC4FB, 0x20FBC486, 0xCC39CC39, 0x2339CCD5, 
0xD13FD13F, 0x223FD1F8, 0xCED2CED2, 0x1ED2CEFA, 0x8D508D50, 0x06508D01, 0xC0CBC0CB, 0x00CBC000, 
0xF117F117, 0x0017F100, 0xF111F111, 0x1A11F15F, 0xF112F112, 0xC712F128, 0xF118F118, 0xE318F173, 
0xF11BF11B, 0xE11BF1B3, 0xF100F100, 0xE100F1CC, 0xF0EFF0EF, 0xE1EFF0DC, 0xF0F1F0F1, 0xE1F1F0DC, 
0xF0FDF0FD, 0xE1FDF0DC, 0xF109F109, 0xE109F1DC, 0xF107F107, 0xE107F1DC, 0xF109F109, 0xE109F1DC, 
0xF118F118, 0xE118F1DC, 0xF11BF11B, 0xE11BF1DC, 0xF0DFF0DF, 0xE1DFF0DC, 0xF06DF06D, 0xE16DF0DC, 
0xEFF9EFF9, 0xE1F9EFDC, 0xEFBEEFBE, 0xE1BEEFDC, 0xEFC3EFC3, 0xE1C3EFDC, 0xEFFCEFFC, 0xE1FCEFDC, 
0xF06BF06B, 0xE16BF0DC, 0xF0DFF0DF, 0xE1DFF0DC, 0xF11CF11C, 0xE11CF1DC, 0xF118F118, 0xE118F1DC, 
0xF108F108, 0xE108F1DC, 0xF106F106, 0xE106F1DC, 0xF106F106, 0xE106F1DC, 0xF0FCF0FC, 0xE1FCF0DC, 
0xF0F0F0F0, 0xE1F0F0DC, 0xF0F0F0F0, 0xE1F0F0DC, 0xF0F0F0F0, 0xE1F0F0DC, 0xF0F0F0F0, 0xE1F0F0DC, 
0xF0F0F0F0, 0xE3F0F099, 0xF0F0F0F0, 0xC7F0F044, 0xF0F0F0F0, 0x1AF0F097, 0xF0F0F0F0, 0x00F0F000, 
0x00000000, 0x00000000, 0x00000000, 0x00000000, 0x00000000, 0x00000000, 0x00000000, 0x00000000, 
0xF119F119, 0x0019F100, 0xF107F107, 0x1A07F195, 0xF14DF14D, 0xC64DF1F8, 0xF12FF12F, 0xE32FF15E, 
0xF119F119, 0xE319F172, 0xF11FF11F, 0xC71FF11E, 0xF1B7F1B7, 0x1AB7F14D, 0xF137F137, 0x0037F100, 
0xF0F0F0F0, 0x00F0F000, 0xF0F0F0F0, 0x1EF0F023, 0xF0F0F0F0, 0xE3F0F099, 0xF0F0F0F0, 0xFFF0F0FF, 
0xF0F0F0F0, 0xFFF0F0FF, 0xF0F0F0F0, 0xFFF0F0FF, 0xF173F141, 0xFF06F1FF, 0xF12DF2AD, 0xFF13F1FF, 
0xF18CF101, 0xFF58F0FF, 0xF006F17B, 0xFFD4EFFF, 0xF026F19D, 0xFFF8EFFF, 0xF002F176, 0xFFCEEFFF, 
0xEF07F084, 0xFFE6EEFF, 0xED2DEEFC, 0xFFC0EDFF, 0xED4FED50, 0xFF50EDFF, 0xED6CED6C, 0xFF6CEDFF, 
0xEDACEDAC, 0xFFACEDFF, 0xEDD6EDD6, 0xFFD6EDFF, 0xEDE0EDE0, 0xFFE0EDFF, 0xEDADEDAD, 0xFFADEDFF, 
0xED65ED65, 0xFF65EDFF, 0xED36ED36, 0xFF36EDFF, 0xEDADEDAD, 0xFFADEDFF, 0xEED8EED8, 0xFFD8EEFF, 
0xEFC8EFC8, 0xFFC8EFFF, 0xEFF2EFF2, 0xFFF2EFFF, 0xEFE1EFE1, 0xFFE1EFFF, 0xF051F051, 0xFF51F0FF, 
0xF105F105, 0xFF05F1FF, 0xF0FEF0FE, 0xFFFEF0FF, 0xF0F1F0F1, 0xFFF1F0FF, 0xF0F0F0F0, 0xFFF0F0FF, 
0xF0F0F0F0, 0xFFF0F0FF, 0xF0F0F0F0, 0xE3F0F099, 0xF0F0F0F0, 0x1EF0F05F, 0xF0F0F0F0, 0x00F0F000, 
0x00000000, 0x00000000, 0x00000000, 0x00000000, 0x00000000, 0x00000000, 0x00000000, 0x00000000, 
0xF0F0F0F0, 0x00F0F000, 0xF0F0F0F0, 0x1EF0F05F, 0xF0F0F0F0, 0xE3F0F099, 0xF0F0F0F0, 0xFFF0F0FF, 
0xF0F0F0F0, 0xFFF0F0FF, 0xF0F0F0F0, 0xE3F0F099, 0xF0F0F0F0, 0x1EF0F023, 0xF0F0F0F0, 0x00F0F000, 
0xF0F0F0F0, 0x00F0F000, 0xF0F0F0F0, 0x1DF0F0E8, 0xF0F0F0F0, 0xE1F0F0DC, 0xF0F0F0F0, 0xFFF0F0FF, 
0xF0F2F0F2, 0xFFF3F0FF, 0xF12CF2A2, 0xFFFCF0FF, 0xECA3E96A, 0xFFB8EFFF, 0xE3A6DB6D, 0xFFC0ECFF, 
0xE189D9F1, 0xFF19ECFF, 0xE2FED960, 0xFF73ECFF, 0xE141D97C, 0xFF64EBFF, 0xDF83D7E9, 0xFF09EAFF, 
0xE111D900, 0xFF87EAFF, 0xE839E6F7, 0xFF45ECFF, 0xEE97EE13, 0xFF73EDFF, 0xEDAFEDB1, 0xFFB2EDFF, 
0xEDC6EDC6, 0xFFC6EDFF, 0xEDCEEDCE, 0xFFCEEDFF, 0xEDCEEDCE, 0xFFCEEDFF, 0xEDC6EDC6, 0xFFC6EDFF, 
0xEDB2EDB2, 0xFFB2EDFF, 0xED60ED60, 0xFF60EDFF, 0xEC9DEC9D, 0xFF9DECFF, 0xEB9AEB9A, 0xFF9AEBFF, 
0xEB51EB51, 0xFF51EBFF, 0xECA5ECA5, 0xFFA5ECFF, 0xEDD0EDD0, 0xFFD0EDFF, 0xED34ED34, 0xFF34EDFF, 
0xEDE5EDE5, 0xFFE5EDFF, 0xF01FF01F, 0xFF1FF0FF, 0xF0E5F0E5, 0xFFE5F0FF, 0xF0F3F0F3, 0xFFF3F0FF, 
0xF0F0F0F0, 0xFFF0F0FF, 0xF0F0F0F0, 0xE1F0F0DC, 0xF0F0F0F0, 0x1EF0F023, 0xF0F0F0F0, 0x00F0F000, 
0x00000000, 0x00000000, 0x00000000, 0x00000000, 0x00000000, 0x00000000, 0x00000000, 0x00000000, 
0xF0F0F0F0, 0x00F0F000, 0xF0F0F0F0, 0x1EF0F05F, 0xF0F0F0F0, 0xE3F0F099, 0xF0F0F0F0, 0xFFF0F0FF, 
0xF0F0F0F0, 0xFFF0F0FF, 0xF0F0F0F0, 0xE3F0F099, 0xF0F0F0F0, 0x1EF0F023, 0xF0F0F0F0, 0x00F0F000, 
0xF0F0F0F0, 0x00F0F000, 0xF0F0F0F0, 0x1DF0F0E8, 0xF0F0F0F0, 0xE1F0F0DC, 0xF0F0F0F0, 0xFFF1F0FF, 
0xF122F29A, 0xFFF5F0FF, 0xDC56CE4D, 0xFF16EDFF, 0xA9F17523, 0xFF9DE6FF, 0x9781573B, 0xFFC0E3FF, 
0x97E156B8, 0xFFC4E5FF, 0x96A256E4, 0xFF12E4FF, 0x965556AD, 0xFF16E4FF, 0x978E5685, 0xFFB0E5FF, 
0x989258F8, 0xFF65E6FF, 0xAA9277B2, 0xFF3DE8FF, 0xDD93D090, 0xFF41EDFF, 0xEF7CF0DA, 0xFF18EFFF, 
0xEFFEEE00, 0xFF02EFFF, 0xEF01EF01, 0xFF01EFFF, 0xEF02EF02, 0xFF02EFFF, 0xEF02EF02, 0xFF02EFFF, 
0xEF02EF02, 0xFF02EFFF, 0xEF05EF05, 0xFF05EFFF, 0xEF14EF14, 0xFF14EFFF, 0xEF0FEF0F, 0xFF0FEFFF, 
0xEE6DEE6D, 0xFF6DEEFF, 0xECD7ECD7, 0xFFD7ECFF, 0xECC2ECC2, 0xFFC2ECFF, 0xEE84EE84, 0xFF84EEFF, 
0xEC90EC90, 0xFF90ECFF, 0xEDA6EDA6, 0xFFA6EDFF, 0xEF01EF01, 0xFF01EFFF, 0xF0EAF0EA, 0xFFEAF0FF, 
0xF0F0F0F0, 0xFFF0F0FF, 0xF0F0F0F0, 0xE1F0F0DC, 0xF0F0F0F0, 0x1EF0F023, 0xF0F0F0F0, 0x00F0F000, 
0x00000000, 0x00000000, 0x00000000, 0x00000000, 0x00000000, 0x00000000, 0x00000000, 0x00000000, 
0xF0F0F0F0, 0x00F0F000, 0xF0F0F0F0, 0x1AF0F097, 0xF0F0F0F0, 0xC7F0F044, 0xF0F0F0F0, 0xE3F0F099, 
0xF0F0F0F0, 0xE3F0F099, 0xF0F0F0F0, 0xC7F0F044, 0xF0F0F0F0, 0x1AF0F063, 0xF0F0F0F0, 0x00F0F000, 
0xF0F0F0F0, 0x00F0F000, 0xF0F0F0F0, 0x1DF0F0E8, 0xF0F0F0F0, 0xE1F0F0DC, 0xF171F13F, 0xFF03F1FF, 
0xECA3E96D, 0xFFC2EFFF, 0xA95276B8, 0xFF8BE7FF, 0x8AEF3E96, 0xFF99E5FF, 0x8B17412E, 0xFF44E4FF, 
0x8B3D4151, 0xFF53E4FF, 0x8C95410C, 0xFF9FE5FF, 0x8CFA41DE, 0xFFF0E6FF, 0x8CFE41E3, 0xFFF6E6FF, 
0x8CCF41C3, 0xFFEAE6FF, 0x8B883F74, 0xFFC8E6FF, 0xAC5A798E, 0xFF1CEAFF, 0xEDA5EA64, 0xFFADF0FF, 
0xF245F351, 0xFF2DF1FF, 0xF17BF2DE, 0xFF21F1FF, 0xF17DF2DF, 0xFF22F1FF, 0xF17DF2DF, 0xFF22F1FF, 
0xF17DF2DF, 0xFF22F1FF, 0xF17DF2DF, 0xFF22F1FF, 0xF17DF2DF, 0xFF22F1FF, 0xF17DF2DF, 0xFF21F1FF, 
0xF187F2E9, 0xFF2BF1FF, 0xF186F2E8, 0xFF2AF1FF, 0xF036F198, 0xFFDAEFFF, 0xEFEBEF4E, 0xFF90EEFF, 
0xEE5DEFE9, 0xFF5EEEFF, 0xEF08F0F4, 0xFFDBEFFF, 0xEE83EE84, 0xFF85EEFF, 0xF02AF02A, 0xFF2AF0FF, 
0xF0FCF0FC, 0xFFFCF0FF, 0xF0F0F0F0, 0xE1F0F0DC, 0xF0F0F0F0, 0x1EF0F023, 0xF0F0F0F0, 0x00F0F000, 
0x00000000, 0x00000000, 0x00000000, 0x00000000, 0x00000000, 0x00000000, 0x00000000, 0x00000000, 
0xF0F0F0F0, 0x00F0F000, 0xF0F0F0F0, 0x03F0F08C, 0xF0F0F0F0, 0x1AF0F097, 0xF0F0F0F0, 0x1EF0F05F, 
0xF0F0F0F0, 0x1EF0F05F, 0xF0F0F0F0, 0x1AF0F097, 0xF0F0F0F0, 0x03F0F085, 0xF0F0F0F0, 0x00F0F000, 
0xF0F0F0F0, 0x00F0F000, 0xF0F0F0F0, 0x1DF0F0E8, 0xF0F0F0F0, 0xE1F0F0DC, 0xF134F2B2, 0xFF15F1FF, 
0xE561DD3E, 0xFFBEEEFF, 0x99C65813, 0xFF7FE6FF, 0x8B4941AC, 0xFF34E5FF, 0x8AEC41CB, 0xFF6DE2FF, 
0x8D164330, 0xFF43E6FF, 0x8D4F43A6, 0xFF0FE7FF, 0x8D494399, 0xFFF9E6FF, 0x8D484399, 0xFFF9E6FF, 
0x8D494399, 0xFFF9E6FF, 0x8DCD4252, 0xFFF2E6FF, 0x90C248BC, 0xFF4DE7FF, 0xC27E9F5B, 0xFF47ECFF, 
0xE267D8F3, 0xFF8FEFFF, 0xE4B0DA38, 0xFFADEFFF, 0xE47FDA1B, 0xFFAAEFFF, 0xE480DA1B, 0xFFAAEFFF, 
0xE47FDA1B, 0xFFAAEFFF, 0xE47FDA1B, 0xFFAAEFFF, 0xE47FDA1B, 0xFFA9EFFF, 0xE47FDA1B, 0xFFA9EFFF, 
0xE47FDA1B, 0xFFA9EFFF, 0xE47FDA1C, 0xFFA9EFFF, 0xE491DA2E, 0xFFBEEFFF, 0xE3D9D96C, 0xFFF6EEFF, 
0xE306DC00, 0xFF72EBFF, 0xEE87ED43, 0xFF2FEFFF, 0xEF08F0A4, 0xFF2BEFFF, 0xEFBAEFBE, 0xFFC2EFFF, 
0xF104F104, 0xFF04F1FF, 0xF0F0F0F0, 0xE1F0F0DC, 0xF0F0F0F0, 0x1EF0F023, 0xF0F0F0F0, 0x00F0F000, 
0x00000000, 0x00000000, 0x00000000, 0x00000000, 0x00000000, 0x00000000, 0x00000000, 0x00000000, 
0xF0F0F0F0, 0x00F0F004, 0xF0F0F0F0, 0x00F0F000, 0xF0F0F0F0, 0x00F0F000, 0xF0F0F0F0, 0x00F0F000, 
0xF0F0F0F0, 0x00F0F000, 0xF0F0F0F0, 0x00F0F000, 0xF0F0F0F0, 0x00F0F000, 0xF0F0F0F0, 0x00F0F004, 
0xF0F0F0F0, 0x00F0F000, 0xF0F0F0F0, 0x1DF0F0E8, 0xF0F0F0F0, 0xE1F0F0DC, 0xF14BF2C0, 0xFF19F1FF, 
0xE425DC87, 0xFFA5EEFF, 0x97BD5653, 0xFF0FE5FF, 0x898740E5, 0xFF1CE2FF, 0x8B354249, 0xFF3FE3FF, 
0x8D044301, 0xFFFFE5FF, 0x8CEF42E2, 0xFFD3E5FF, 0x8CEB42DF, 0xFFD3E5FF, 0x8CF542DD, 0xFFCAE5FF, 
0x8CF042DF, 0xFFC7E5FF, 0x8CF042E0, 0xFFC7E5FF, 0x8C59428B, 0xFFBFE5FF, 0x8E4646C4, 0xFFF7E5FF, 
0x963954C7, 0xFFC3E6FF, 0x971156C6, 0xFFD8E6FF, 0x977D5570, 0xFFCEE6FF, 0x976D5568, 0xFFCDE6FF, 
0x97715568, 0xFFCDE6FF, 0x977A5568, 0xFFCDE6FF, 0x97715568, 0xFFD7E6FF, 0x9771556B, 0xFFD9E6FF, 
0x977B5572, 0xFFD9E6FF, 0x977A556B, 0xFFD7E6FF, 0x976D5566, 0xFFCDE6FF, 0x9772557B, 0xFFFAE6FF, 
0x99BB5BCA, 0xFF96E4FF, 0xB61E8E3C, 0xFFAAE6FF, 0xE5D5DFCE, 0xFF0BEDFF, 0xF0B3F04E, 0xFFD4EFFF, 
0xF104F105, 0xFF06F1FF, 0xF0F0F0F0, 0xE1F0F0DC, 0xF0F0F0F0, 0x1EF0F023, 0xF0F0F0F0, 0x00F0F000, 
0x00000000, 0x00000000, 0x00000000, 0x00000000, 0x00000000, 0x00000000, 0x00000000, 0x00000000, 
0x00000000, 0x00000000, 0x00000000, 0x00000000, 0x00000000, 0x00000000, 0x00000000, 0x00000000, 
0x00000000, 0x00000000, 0x00000000, 0x00000000, 0x00000000, 0x00000000, 0x00000000, 0x00000000, 
0xF0F0F0F0, 0x00F0F000, 0xF0F0F0F0, 0x1DF0F0E8, 0xF0F0F0F0, 0xE1F0F0DC, 0xF147F2BE, 0xFF18F1FF, 
0xE282DACC, 0xFFCBECFF, 0x95715500, 0xFF7BE1FF, 0x8AB5403B, 0xFF9BE2FF, 0x8B43425A, 0xFF4CE3FF, 
0x8CC94280, 0xFF2BE5FF, 0x8CB5426A, 0xFF12E5FF, 0x8CAD4264, 0xFF11E5FF, 0x8CBE4261, 0xFF01E5FF, 
0x8CB54264, 0xFFFDE4FF, 0x8CAC4261, 0xFFFDE4FF, 0x8CB14266, 0xFFFDE4FF, 0x8C724235, 0xFFF8E4FF, 
0x8BCA4040, 0xFFDCE4FF, 0x8E494510, 0xFF3FE5FF, 0x923D4C72, 0xFFD1E5FF, 0x92EB4CE7, 0xFFDEE5FF, 
0x92E54CE0, 0xFFDDE5FF, 0x92F54CE0, 0xFFDEE5FF, 0x92E54CE0, 0xFFEEE5FF, 0x92E54CE5, 0xFFF3E5FF, 
0x92F64CF0, 0xFFF3E5FF, 0x92F64CE5, 0xFFEEE5FF, 0x92E54CE0, 0xFFDEE5FF, 0x92F84CF7, 0xFFF8E5FF, 
0x901E4BF6, 0xFFE6E3FF, 0x8C50447C, 0xFFF4E2FF, 0xB4FC8CC5, 0xFFBDE4FF, 0xED82EC17, 0xFFC1EDFF, 
0xF12CF11A, 0xFF05F1FF, 0xF0F0F0F0, 0xE1F0F0DC, 0xF0F0F0F0, 0x1EF0F023, 0xF0F0F0F0, 0x00F0F000, 
0x00000000, 0x00000000, 0x00000000, 0x00000000, 0x00000000, 0x00000000, 0x00000000, 0x00000000, 
0x00000000, 0x00000000, 0x00000000, 0x00000000, 0x00000000, 0x00000000, 0x00000000, 0x00000000, 
0x00000000, 0x00000000, 0x00000000, 0x00000000, 0x00000000, 0x00000000, 0x00000000, 0x00000000, 
0xF0F0F0F0, 0x00F0F000, 0xF0F0F0F0, 0x1DF0F0E8, 0xF0FBF0FB, 0xE1FBF0DC, 0xF1ABF122, 0xFF7EF0FF, 
0xE1D9D80A, 0xFFEAEAFF, 0x96445699, 0xFF19E4FF, 0x8C6A4117, 0xFFE9E5FF, 0x8C054200, 0xFF02E5FF, 
0x8D914233, 0xFF09E7FF, 0x8D8A4224, 0xFFEFE6FF, 0x8D8B4224, 0xFFEFE6FF, 0x8D8A4224, 0xFFF0E6FF, 
0x8D8A4224, 0xFFF0E6FF, 0x8D8C4225, 0xFFF0E6FF, 0x8D6E4211, 0xFFEDE6FF, 0x8CEC41C3, 0xFFE3E6FF, 
0x9A6A574D, 0xFFAFE8FF, 0xB833875B, 0xFF9BECFF, 0xC3609817, 0xFF08EEFF, 0xC34799AF, 0xFF17EEFF, 
0xC33599A4, 0xFF16EEFF, 0xC33499A4, 0xFF16EEFF, 0xC33599A4, 0xFF15EEFF, 0xC33599A4, 0xFF15EEFF, 
0xC33499A3, 0xFF15EEFF, 0xC33499A4, 0xFF15EEFF, 0xC33599A4, 0xFF16EEFF, 0xC35899C5, 0xFF33EEFF, 
0xC1109781, 0xFF02ECFF, 0xB67C845D, 0xFF6EEBFF, 0xA6247087, 0xFF06E6FF, 0xE3FDDC72, 0xFF40EBFF, 
0xF054F1EE, 0xFF73F0FF, 0xF0FBF0FB, 0xE1FBF0DC, 0xF0F0F0F0, 0x1EF0F023, 0xF0F0F0F0, 0x00F0F000, 
0x00000000, 0x00000000, 0x00000000, 0x00000000, 0x00000000, 0x00000000, 0x00000000, 0x00000000, 
0x00000000, 0x00000000, 0x00000000, 0x00000000, 0x00000000, 0x00000000, 0x00000000, 0x00000000, 
0x00000000, 0x00000000, 0x00000000, 0x00000000, 0x00000000, 0x00000000, 0x00000000, 0x00000000, 
0xF0F0F0F0, 0x00F0F000, 0xF0F0F0F0, 0x1DF0F0E8, 0xF107F107, 0xE107F1DC, 0xF011F186, 0xFFDFEFFF, 
0xE0BCD71E, 0xFF2BEAFF, 0x97005639, 0xFFAFE5FF, 0x8E69458C, 0xFF25E6FF, 0x93654D14, 0xFFD5E5FF, 
0x94CD4EDA, 0xFFF3E7FF, 0x94BA4EC3, 0xFFD8E7FF, 0x94BA4EC3, 0xFFD8E7FF, 0x94BA4EC3, 0xFFD8E7FF, 
0x94BA4EC3, 0xFFD8E7FF, 0x94A54EB5, 0xFFD6E7FF, 0x95974F59, 0xFFF4E7FF, 0xA38F6535, 0xFFC1E9FF, 
0xC1CA9583, 0xFFBFEDFF, 0xCB3CA6CB, 0xFF0FEFFF, 0xCB79A550, 0xFFFFEEFF, 0xCB63A542, 0xFFFEEEFF, 
0xCB64A543, 0xFFFEEEFF, 0xCB64A543, 0xFFFEEEFF, 0xCB64A543, 0xFFFEEEFF, 0xCB64A543, 0xFFFEEEFF, 
0xCB64A543, 0xFFFEEEFF, 0xCB64A543, 0xFFFEEEFF, 0xCB64A543, 0xFFFEEEFF, 0xCB76A558, 0xFF19EFFF, 
0xC912A4AA, 0xFF04EDFF, 0xCAD2A495, 0xFF03EEFF, 0xC2269A2E, 0xFF5CEBFF, 0xE24CDB63, 0xFF7DEAFF, 
0xF0D1F05D, 0xFFD9EFFF, 0xF107F107, 0xE107F1DC, 0xF0F0F0F0, 0x1EF0F023, 0xF0F0F0F0, 0x00F0F000, 
0x00000000, 0x00000000, 0x00000000, 0x00000000, 0x00000000, 0x00000000, 0x00000000, 0x00000000, 
0x00000000, 0x00000000, 0x00000000, 0x00000000, 0x00000000, 0x00000000, 0x00000000, 0x00000000, 
0x00000000, 0x00000000, 0x00000000, 0x00000000, 0x00000000, 0x00000000, 0x00000000, 0x00000000, 
0xF0F0F0F0, 0x00F0F000, 0xF0F0F0F0, 0x1DF0F0E8, 0xF119F119, 0xE119F1DC, 0xEF1BF08F, 0xFFE7EEFF, 
0xDF48D7F3, 0xFF6CEAFF, 0xA3DF69FC, 0xFFEDE7FF, 0xB62D859F, 0xFF6AEBFF, 0xC1199767, 0xFFFDEBFF, 
0xC34F99B5, 0xFF18EEFF, 0xC32D9994, 0xFFFCEDFF, 0xC32D9994, 0xFFFCEDFF, 0xC32D9994, 0xFFFCEDFF, 
0xC32D9994, 0xFFFCEDFF, 0xC321998D, 0xFFFBEDFF, 0xC4EE9914, 0xFF11EEFF, 0xC9C2A100, 0xFFB5EEFF, 
0xCB70A54A, 0xFFFFEEFF, 0xCAA3A4C9, 0xFFEEEEFF, 0xCAA4A4CA, 0xFFEEEEFF, 0xCAA4A4CA, 0xFFEEEEFF, 
0xCAA4A4CA, 0xFFEEEEFF, 0xCAA4A4CA, 0xFFEEEEFF, 0xCAA4A4CA, 0xFFEEEEFF, 0xCAA4A4CA, 0xFFEEEEFF, 
0xCAA4A4CA, 0xFFEEEEFF, 0xCAA4A4CA, 0xFFEEEEFF, 0xCAA4A4CA, 0xFFEEEEFF, 0xCAB6A4E0, 0xFF08EFFF, 
0xC94CA332, 0xFFFFECFF, 0xC96CA3B3, 0xFFE4EDFF, 0xCD99AB4B, 0xFF65EDFF, 0xE64EE2E1, 0xFF59EBFF, 
0xEF78EF2C, 0xFFE1EEFF, 0xF118F118, 0xE118F1DC, 0xF0F0F0F0, 0x1EF0F023, 0xF0F0F0F0, 0x00F0F000, 
0x00000000, 0x00000000, 0x00000000, 0x00000000, 0x00000000, 0x00000000, 0x00000000, 0x00000000, 
0x00000000, 0x00000000, 0x00000000, 0x00000000, 0x00000000, 0x00000000, 0x00000000, 0x00000000, 
0x00000000, 0x00000000, 0x00000000, 0x00000000, 0x00000000, 0x00000000, 0x00000000, 0x00000000, 
0xF0F0F0F0, 0x00F0F000, 0xF0F0F0F0, 0x1DF0F0E8, 0xF11AF11A, 0xE11AF1DC, 0xEED5EE62, 0xFFDFEDFF, 
0xE3DADCE4, 0xFFFAEBFF, 0xC20F9BEF, 0xFF0BECFF, 0xCAD2A488, 0xFF03EEFF, 0xC920A4A2, 0xFF16EDFF, 
0xCB75A559, 0xFF18EFFF, 0xCB64A543, 0xFFFEEEFF, 0xCB64A543, 0xFFFEEEFF, 0xCB64A543, 0xFFFEEEFF, 
0xCB64A543, 0xFFFEEEFF, 0xCB65A543, 0xFFFEEEFF, 0xCB57A53A, 0xFFFCEEFF, 0xCADCA4ED, 0xFFF2EEFF, 
0xCAA2A4C9, 0xFFEEEEFF, 0xCAA4A4CA, 0xFFEEEEFF, 0xCAA4A4CA, 0xFFEEEEFF, 0xCAA4A4CA, 0xFFEEEEFF, 
0xCAA4A4CA, 0xFFEEEEFF, 0xCAA4A4CA, 0xFFEEEEFF, 0xCAA4A4CA, 0xFFEEEEFF, 0xCAA4A4CA, 0xFFEEEEFF, 
0xCAA4A4CA, 0xFFEEEEFF, 0xCAA4A4CA, 0xFFEEEEFF, 0xCAA4A4CA, 0xFFEEEEFF, 0xCAB6A4E0, 0xFF09EFFF, 
0xC948A320, 0xFFF6ECFF, 0xC953A39B, 0xFFDDEDFF, 0xCD8BACD9, 0xFF75EDFF, 0xE812E459, 0xFF6FECFF, 
0xEE47EE00, 0xFFBCEDFF, 0xF11BF11B, 0xE11BF1DC, 0xF0F0F0F0, 0x1EF0F023, 0xF0F0F0F0, 0x00F0F000, 
0x00000000, 0x00000000, 0x00000000, 0x00000000, 0x00000000, 0x00000000, 0x00000000, 0x00000000, 
0x00000000, 0x00000000, 0x00000000, 0x00000000, 0x00000000, 0x00000000, 0x00000000, 0x00000000, 
0x00000000, 0x00000000, 0x00000000, 0x00000000, 0x00000000, 0x00000000, 0x00000000, 0x00000000, 
0xF0F0F0F0, 0x00F0F000, 0xF0F9F0F9, 0x1DF9F0E8, 0xF0DEF0DE, 0xE1DEF0DC, 0xEDFDEDB1, 0xFF67EDFF, 
0xE853E4D7, 0xFF4DEDFF, 0xCDA9AB43, 0xFF59EDFF, 0xC969A3A5, 0xFFE3EDFF, 0xC949A319, 0xFFFDECFF, 
0xCAB6A4E1, 0xFF08EFFF, 0xCAA4A4CA, 0xFFEEEEFF, 0xCAA4A4CA, 0xFFEEEEFF, 0xCAA4A4CA, 0xFFEEEEFF, 
0xCAA4A4CA, 0xFFEEEEFF, 0xCAA4A4CA, 0xFFEEEEFF, 0xCAA4A4CA, 0xFFEEEEFF, 0xCAA4A4CA, 0xFFEEEEFF, 
0xCAA4A4CA, 0xFFEEEEFF, 0xCAA4A4CA, 0xFFEEEEFF, 0xCAA4A4CA, 0xFFEEEEFF, 0xCAA4A4CA, 0xFFEEEEFF, 
0xCAA4A4CA, 0xFFEEEEFF, 0xCAA4A4CA, 0xFFEEEEFF, 0xCAA4A4CA, 0xFFEEEEFF, 0xCAA4A4CA, 0xFFEEEEFF, 
0xCAA4A4CA, 0xFFEEEEFF, 0xCAA4A4CA, 0xFFEEEEFF, 0xCAA4A4CA, 0xFFEEEEFF, 0xCAB6A4E1, 0xFF08EFFF, 
0xC946A316, 0xFFF9ECFF, 0xC952A395, 0xFFDFEDFF, 0xCD75ACCA, 0xFF6EEDFF, 0xE9CAE416, 0xFF30EDFF, 
0xEDCEED87, 0xFF43EDFF, 0xF0E0F0E0, 0xE1E0F0DC, 0xF0F8F0F8, 0x1EF8F023, 0xF0F0F0F0, 0x00F0F000, 
0x00000000, 0x00000000, 0x00000000, 0x00000000, 0x00000000, 0x00000000, 0x00000000, 0x00000000, 
0x00000000, 0x00000000, 0x00000000, 0x00000000, 0x00000000, 0x00000000, 0x00000000, 0x00000000, 
0x00000000, 0x00000000, 0x00000000, 0x00000000, 0x00000000, 0x00000000, 0x00000000, 0x00000000, 
0xF0F0F0F0, 0x00F0F000, 0xF127F127, 0x1D27F1E8, 0xF069F069, 0xE169F0DC, 0xED01EEB9, 0xFF76EDFF, 
0xE942E591, 0xFFA0EDFF, 0xCD7BACD8, 0xFF67EDFF, 0xC950A393, 0xFFDDEDFF, 0xC943A313, 0xFFF7ECFF, 
0xCAB7A4E1, 0xFF09EFFF, 0xCAA4A4CA, 0xFFEEEEFF, 0xCAA4A4CA, 0xFFEEEEFF, 0xCAA4A4CA, 0xFFEEEEFF, 
0xCAA4A4CA, 0xFFEEEEFF, 0xCAA4A4CA, 0xFFEEEEFF, 0xCAA4A4CA, 0xFFEEEEFF, 0xCAA4A4CA, 0xFFEEEEFF, 
0xCAA4A4CA, 0xFFEEEEFF, 0xCAA4A4CA, 0xFFEEEEFF, 0xCAA4A4CA, 0xFFEEEEFF, 0xCAA4A4CA, 0xFFEEEEFF, 
0xCAA4A4CA, 0xFFEEEEFF, 0xCAA4A4CA, 0xFFEEEEFF, 0xCAA4A4CA, 0xFFEEEEFF, 0xCAA4A4CA, 0xFFEEEEFF, 
0xCAA4A4CA, 0xFFEEEEFF, 0xCAA4A4CA, 0xFFEEEEFF, 0xCAA4A4CA, 0xFFEEEEFF, 0xCAB6A4E1, 0xFF08EFFF, 
0xC946A316, 0xFFFAECFF, 0xC952A396, 0xFFDFEDFF, 0xCD71ACC7, 0xFF67EDFF, 0xE91FE56A, 0xFF83EDFF, 
0xEDF3EDAC, 0xFF68EDFF, 0xF06BF06B, 0xE16BF0DC, 0xF127F127, 0x1E27F123, 0xF0F0F0F0, 0x00F0F000, 
0x00000000, 0x00000000, 0x00000000, 0x00000000, 0x00000000, 0x00000000, 0x00000000, 0x00000000, 
0x00000000, 0x00000000, 0x00000000, 0x00000000, 0x00000000, 0x00000000, 0x00000000, 0x00000000, 
0x00000000, 0x00000000, 0x00000000, 0x00000000, 0x00000000, 0x00000000, 0x00000000, 0x00000000, 
0xF0F0F0F0, 0x00F0F000, 0xF16DF16D, 0x1D6DF1E8, 0xEFF9EFF9, 0xE1F9EFDC, 0xED3FEEF6, 0xFFB3EDFF, 
0xE93CE595, 0xFFA3EDFF, 0xCD71ACDD, 0xFF6CEDFF, 0xC958A39C, 0xFFE6EDFF, 0xC94FA323, 0xFF06EDFF, 
0xCAB6A4E0, 0xFF08EFFF, 0xCAA4A4CA, 0xFFEEEEFF, 0xCAA4A4CA, 0xFFEEEEFF, 0xCAA4A4CA, 0xFFEEEEFF, 
0xCAA4A4CA, 0xFFEEEEFF, 0xCAA4A4CA, 0xFFEEEEFF, 0xCAA4A4CA, 0xFFEEEEFF, 0xCAA4A4CA, 0xFFEEEEFF, 
0xCAA2A4C9, 0xFFEEEEFF, 0xCAD4A4E8, 0xFFF2EEFF, 0xCB07A508, 0xFFF6EEFF, 0xCAA7A4CC, 0xFFEEEEFF, 
0xCAA4A4CA, 0xFFEEEEFF, 0xCAA4A4CA, 0xFFEEEEFF, 0xCAA4A4CA, 0xFFEEEEFF, 0xCAA4A4CA, 0xFFEEEEFF, 
0xCAA4A4CA, 0xFFEEEEFF, 0xCAA4A4CA, 0xFFEEEEFF, 0xCAA4A4CA, 0xFFEEEEFF, 0xCAB6A4E1, 0xFF08EFFF, 
0xC94DA31D, 0xFF04EDFF, 0xC957A39A, 0xFFE5EDFF, 0xCD68ACBE, 0xFF62EDFF, 0xE92EE579, 0xFF94EDFF, 
0xED3CEEF5, 0xFFB1EDFF, 0xF002F002, 0xE102F0DC, 0xF169F169, 0x1E69F123, 0xF0F0F0F0, 0x00F0F000, 
0x00000000, 0x00000000, 0x00000000, 0x00000000, 0x00000000, 0x00000000, 0x00000000, 0x00000000, 
0x00000000, 0x00000000, 0x00000000, 0x00000000, 0x00000000, 0x00000000, 0x00000000, 0x00000000, 
0x00000000, 0x00000000, 0x00000000, 0x00000000, 0x00000000, 0x00000000, 0x00000000, 0x00000000, 
0xF0F0F0F0, 0x00F0F000, 0xF193F193, 0x1D93F1E8, 0xEFBFEFBF, 0xE1BFEFDC, 0xEE63EE1B, 0xFFD8EDFF, 
0xE93FE58F, 0xFF9EEDFF, 0xCD75ACD1, 0xFF61EDFF, 0xC958A3A7, 0xFFE6EDFF, 0xC94FA334, 0xFF06EDFF, 
0xCAB6A4DF, 0xFF08EFFF, 0xCAA4A4CA, 0xFFEEEEFF, 0xCAA4A4CA, 0xFFEEEEFF, 0xCAA4A4CA, 0xFFEEEEFF, 
0xCAA4A4CA, 0xFFEEEEFF, 0xCAA4A4CA, 0xFFEEEEFF, 0xCAA4A4CA, 0xFFEEEEFF, 0xCAA5A4CA, 0xFFEEEEFF, 
0xCB7EA553, 0xFF00EFFF, 0xC964A264, 0xFFC3EEFF, 0xC7C29E13, 0xFF7BEEFF, 0xCB7DA550, 0xFF00EFFF, 
0xCAD8A4EB, 0xFFF2EEFF, 0xCAA2A4C9, 0xFFEEEEFF, 0xCAA4A4CA, 0xFFEEEEFF, 0xCAA4A4CA, 0xFFEEEEFF, 
0xCAA4A4CA, 0xFFEEEEFF, 0xCAA4A4CA, 0xFFEEEEFF, 0xCAA4A4CA, 0xFFEEEEFF, 0xCAB6A4E1, 0xFF08EFFF, 
0xC94CA31C, 0xFF00EDFF, 0xC956A399, 0xFFE3EDFF, 0xCD6EACC3, 0xFF68EDFF, 0xE946E591, 0xFFADEDFF, 
0xEE63EE1B, 0xFFD7EDFF, 0xEFBCEFBC, 0xE1BCEFDC, 0xF195F195, 0x1E95F123, 0xF0F0F0F0, 0x00F0F000, 
0x00000000, 0x00000000, 0x00000000, 0x00000000, 0x00000000, 0x00000000, 0x00000000, 0x00000000, 
0x00000000, 0x00000000, 0x00000000, 0x00000000, 0x00000000, 0x00000000, 0x00000000, 0x00000000, 
0x00000000, 0x00000000, 0x00000000, 0x00000000, 0x00000000, 0x00000000, 0x00000000, 0x00000000, 
0xF0F0F0F0, 0x00F0F000, 0xF192F192, 0x1D92F1E8, 0xEFC1EFC1, 0xE1C1EFDC, 0xEE64EE1D, 0xFFD9EDFF, 
0xE93DE58D, 0xFF9CEDFF, 0xCD71ACCE, 0xFF5EEDFF, 0xC951A3A1, 0xFFDEEDFF, 0xC944A329, 0xFFF7ECFF, 
0xCAB7A4E0, 0xFF09EFFF, 0xCAA4A4CA, 0xFFEEEEFF, 0xCAA4A4CA, 0xFFEEEEFF, 0xCAA4A4CA, 0xFFEEEEFF, 
0xCAA4A4CA, 0xFFEEEEFF, 0xCAA2A4C8, 0xFFEEEEFF, 0xCADCA4ED, 0xFFF3EEFF, 0xCBD0A587, 0xFF08EFFF, 
0xC2729789, 0xFFDBEDFF, 0xA6866A5D, 0xFF37EAFF, 0x9C8B5BC0, 0xFFF4E8FF, 0xB6778481, 0xFF48ECFF, 
0xC905A3C7, 0xFFCAEEFF, 0xCB7DA553, 0xFF00EFFF, 0xCAA4A4CA, 0xFFEEEEFF, 0xCAA4A4CA, 0xFFEEEEFF, 
0xCAA4A4CA, 0xFFEEEEFF, 0xCAA4A4CA, 0xFFEEEEFF, 0xCAA4A4CA, 0xFFEEEEFF, 0xCAB7A4E1, 0xFF09EFFF, 
0xC942A312, 0xFFF5ECFF, 0xC950A392, 0xFFDCEDFF, 0xCD75ACD7, 0xFF74EDFF, 0xE95CE5AF, 0xFFC6EDFF, 
0xEE5FEE17, 0xFFD3EDFF, 0xEFAFEFAF, 0xE1AFEFDC, 0xF19BF19B, 0x1E9BF123, 0xF0F0F0F0, 0x00F0F000, 
0x00000000, 0x00000000, 0x00000000, 0x00000000, 0x00000000, 0x00000000, 0x00000000, 0x00000000, 
0x00000000, 0x00000000, 0x00000000, 0x00000000, 0x00000000, 0x00000000, 0x00000000, 0x00000000, 
0x00000000, 0x00000000, 0x00000000, 0x00000000, 0x00000000, 0x00000000, 0x00000000, 0x00000000, 
0xF0F0F0F0, 0x00F0F000, 0xF16CF16C, 0x1D6CF1E8, 0xEFFAEFFA, 0xE1FAEFDC, 0xED39EEF1, 0xFFAEEDFF, 
0xE935E58D, 0xFF9CEDFF, 0xCD5DACC8, 0xFF58EDFF, 0xC949A397, 0xFFD5EDFF, 0xC935A319, 0xFFE7ECFF, 
0xCAB7A4E1, 0xFF09EFFF, 0xCAA4A4CA, 0xFFEEEEFF, 0xCAA4A4CA, 0xFFEEEEFF, 0xCAA4A4CA, 0xFFEEEEFF, 
0xCAA1A4C8, 0xFFEEEEFF, 0xCAF8A4FF, 0xFFF5EEFF, 0xC9B3A295, 0xFFC5EEFF, 0xB6F8834D, 0xFF3DECFF, 
0x9CA25A39, 0xFFCBE8FF, 0xA7B66C87, 0xFF50EAFF, 0xB2A57D53, 0xFFB2EBFF, 0x9C225B97, 0xFFDFE8FF, 
0xA7426C57, 0xFF40EAFF, 0xC3659818, 0xFFE8EDFF, 0xCB44A52F, 0xFFFAEEFF, 0xCAA6A4CB, 0xFFEEEEFF, 
0xCAA4A4CA, 0xFFEEEEFF, 0xCAA4A4CA, 0xFFEEEEFF, 0xCAA4A4CA, 0xFFEEEEFF, 0xCAB6A4E1, 0xFF08EFFF, 
0xC94DA31E, 0xFF02EDFF, 0xC956A399, 0xFFE3EDFF, 0xCD6FACDA, 0xFF69EDFF, 0xE944E59C, 0xFFABEDFF, 
0xED41EEF9, 0xFFB6EDFF, 0xEFFEEFFE, 0xE1FEEFDC, 0xF16AF16A, 0x1E6AF123, 0xF0F0F0F0, 0x00F0F000, 
0x00000000, 0x00000000, 0x00000000, 0x00000000, 0x00000000, 0x00000000, 0x00000000, 0x00000000, 
0x00000000, 0x00000000, 0x00000000, 0x00000000, 0x00000000, 0x00000000, 0x00000000, 0x00000000, 
0x00000000, 0x00000000, 0x00000000, 0x00000000, 0x00000000, 0x00000000, 0x00000000, 0x00000000, 
0xF0F0F0F0, 0x00F0F000, 0xF127F127, 0x1D27F1E8, 0xF069F069, 0xE169F0DC, 0xEDF1EDA9, 0xFF66EDFF, 
0xE91EE576, 0xFF85EDFF, 0xCD64ACCF, 0xFF5FEDFF, 0xC94FA393, 0xFFD1EDFF, 0xC93FA313, 0xFFE1ECFF, 
0xCAB7A4E1, 0xFF0AEFFF, 0xCAA4A4CA, 0xFFEEEEFF, 0xCAA4A4CA, 0xFFEEEEFF, 0xCAA4A4CA, 0xFFEEEEFF, 
0xCAE6A4F4, 0xFFF4EEFF, 0xC81BA194, 0xFFA1EEFF, 0xA9006F1F, 0xFF7BEAFF, 0x9A7458DC, 0xFFA0E8FF, 
0xB7E38567, 0xFF50ECFF, 0xCA84A4AD, 0xFFE9EEFF, 0xCCEFA63E, 0xFF1EEFFF, 0xC39A9833, 0xFFF4EDFF, 
0xA7E46B29, 0xFF48EAFF, 0x9A3D58BC, 0xFF9AE8FF, 0xBCC48D6A, 0xFF07EDFF, 0xCB92A560, 0xFF02EFFF, 
0xCAA4A4CA, 0xFFEEEEFF, 0xCAA4A4CA, 0xFFEEEEFF, 0xCAA4A4CA, 0xFFEEEEFF, 0xCAB6A4DF, 0xFF08EFFF, 
0xC951A332, 0xFF08EDFF, 0xC95AA3A6, 0xFFE8EDFF, 0xCD5EACC8, 0xFF58EDFF, 0xE92CE584, 0xFF93EDFF, 
0xED0EEEC5, 0xFF82EDFF, 0xF073F073, 0xE173F0DC, 0xF122F122, 0x1E22F123, 0xF0F0F0F0, 0x00F0F000, 
0x00000000, 0x00000000, 0x00000000, 0x00000000, 0x00000000, 0x00000000, 0x00000000, 0x00000000, 
0x00000000, 0x00000000, 0x00000000, 0x00000000, 0x00000000, 0x00000000, 0x00000000, 0x00000000, 
0x00000000, 0x00000000, 0x00000000, 0x00000000, 0x00000000, 0x00000000, 0x00000000, 0x00000000, 
0xF0F0F0F0, 0x00F0F000, 0xF0FAF0FA, 0x1DFAF0E8, 0xF0DBF0DB, 0xE1DBF0DC, 0xEDDAED92, 0xFF4EEDFF, 
0xE9D5E42B, 0xFF3AEDFF, 0xCD71ACD8, 0xFF69EDFF, 0xC958A39D, 0xFFDAEDFF, 0xC950A323, 0xFFF1ECFF, 
0xCAB6A4E0, 0xFF09EFFF, 0xCAA4A4CA, 0xFFEEEEFF, 0xCAA4A4CA, 0xFFEEEEFF, 0xCAA4A4CA, 0xFFEEEEFF, 
0xCAE4A4F2, 0xFFF3EEFF, 0xC886A1D5, 0xFFAEEEFF, 0xA194623E, 0xFF7EE9FF, 0xAAE171C0, 0xFFBBEAFF, 
0xC9D5A2A7, 0xFFCCEEFF, 0xB12E7DF2, 0xFFB5EBFF, 0xBDCB8FA6, 0xFF3AEDFF, 0xCCDDA630, 0xFF1DEFFF, 
0xC37F982B, 0xFFEEEDFF, 0x974453A4, 0xFF39E8FF, 0xBAEE890F, 0xFFBEECFF, 0xCBC8A581, 0xFF06EFFF, 
0xCAA4A4CA, 0xFFEEEEFF, 0xCAA4A4CA, 0xFFEEEEFF, 0xCAA4A4CA, 0xFFEEEEFF, 0xCAB6A4E0, 0xFF08EFFF, 
0xC948A32E, 0xFFFBECFF, 0xC955A3A4, 0xFFE1EDFF, 0xCD5CACBE, 0xFF4FEDFF, 0xE9DFE432, 0xFF41EDFF, 
0xEDE2ED9A, 0xFF57EDFF, 0xF0DDF0DD, 0xE1DDF0DC, 0xF0F9F0F9, 0x1EF9F023, 0xF0F0F0F0, 0x00F0F000, 
0x00000000, 0x00000000, 0x00000000, 0x00000000, 0x00000000, 0x00000000, 0x00000000, 0x00000000, 
0x00000000, 0x00000000, 0x00000000, 0x00000000, 0x00000000, 0x00000000, 0x00000000, 0x00000000, 
0x00000000, 0x00000000, 0x00000000, 0x00000000, 0x00000000, 0x00000000, 0x00000000, 0x00000000, 
0xF0F0F0F0, 0x00F0F000, 0xF0F0F0F0, 0x1DF0F0E8, 0xF11AF11A, 0xE11AF1DC, 0xEE48EE00, 0xFFBCEDFF, 
0xE81AE466, 0xFF7FECFF, 0xCD7DACD3, 0xFF75EDFF, 0xC958A3A7, 0xFFE4EDFF, 0xC94FA334, 0xFF02EDFF, 
0xCAB6A4DF, 0xFF08EFFF, 0xCAA4A4CA, 0xFFEEEEFF, 0xCAA4A4CA, 0xFFEEEEFF, 0xCAA4A4CA, 0xFFEEEEFF, 
0xCAA2A4C8, 0xFFEEEEFF, 0xCB44A6D6, 0xFF11EFFF, 0xABAD727C, 0xFFD4EAFF, 0xACFF730E, 0xFFE6EAFF, 
0xC5649B10, 0xFF2FEEFF, 0x93BD4C8A, 0xFFB1E7FF, 0xABCE73F4, 0xFFE4EAFF, 0xCCA8A7AF, 0xFF2EEFFF, 
0xC34499A3, 0xFFFEEDFF, 0x9C735A22, 0xFFD0E8FF, 0xC3E29865, 0xFFF6EDFF, 0xCB62A542, 0xFFFEEEFF, 
0xCAA4A4CA, 0xFFEEEEFF, 0xCAA4A4CA, 0xFFEEEEFF, 0xCAA4A4CA, 0xFFEEEEFF, 0xCAB7A4E1, 0xFF09EFFF, 
0xC937A31D, 0xFFEBECFF, 0xC94AA39A, 0xFFD7EDFF, 0xCD7FACD3, 0xFF63EDFF, 0xE828E473, 0xFF82ECFF, 
0xEE5BEE14, 0xFFD0EDFF, 0xF119F119, 0xE119F1DC, 0xF0F0F0F0, 0x1EF0F023, 0xF0F0F0F0, 0x00F0F000, 
0x00000000, 0x00000000, 0x00000000, 0x00000000, 0x00000000, 0x00000000, 0x00000000, 0x00000000, 
0x00000000, 0x00000000, 0x00000000, 0x00000000, 0x00000000, 0x00000000, 0x00000000, 0x00000000, 
0x00000000, 0x00000000, 0x00000000, 0x00000000, 0x00000000, 0x00000000, 0x00000000, 0x00000000, 
0xF0F0F0F0, 0x00F0F000, 0xF0F0F0F0, 0x1DF0F0E8, 0xF119F119, 0xE119F1DC, 0xEF5DEF15, 0xFFD1EEFF, 
0xE7EFE23A, 0xFF56EBFF, 0xCD86ACDB, 0xFF81EDFF, 0xC958A3A0, 0xFFE4EDFF, 0xC951A329, 0xFF04EDFF, 
0xCAB6A4E0, 0xFF08EFFF, 0xCAA4A4CA, 0xFFEEEEFF, 0xCAA4A4CA, 0xFFEEEEFF, 0xCAA4A4CA, 0xFFEEEEFF, 
0xCAA4A4CA, 0xFFEEEEFF, 0xCB23A6BE, 0xFF0EEFFF, 0xACCD74BC, 0xFFEEEAFF, 0xA5B269A9, 0xFF06EAFF, 
0xBDCC8E27, 0xFF22EDFF, 0x92424B9E, 0xFF90E7FF, 0xA7F96CA8, 0xFF52EAFF, 0xC4859A6C, 0xFF18EEFF, 
0xBA978A6A, 0xFFC5ECFF, 0x9A9158EF, 0xFF9BE8FF, 0xC3C599F1, 0xFF01EEFF, 0xCB50A536, 0xFFFDEEFF, 
0xCAA4A4CA, 0xFFEEEEFF, 0xCAA4A4CA, 0xFFEEEEFF, 0xCAA4A4CA, 0xFFEEEEFF, 0xCAB7A4E1, 0xFF0AEFFF, 
0xC93AA312, 0xFFE0ECFF, 0xC94BA392, 0xFFD0EDFF, 0xCD81ACE5, 0xFF75EDFF, 0xE7FEE252, 0xFF61EBFF, 
0xEF6CEF24, 0xFFE1EEFF, 0xF118F118, 0xE118F1DC, 0xF0F0F0F0, 0x1EF0F023, 0xF0F0F0F0, 0x00F0F000, 
0x00000000, 0x00000000, 0x00000000, 0x00000000, 0x00000000, 0x00000000, 0x00000000, 0x00000000, 
0x00000000, 0x00000000, 0x00000000, 0x00000000, 0x00000000, 0x00000000, 0x00000000, 0x00000000, 
0x00000000, 0x00000000, 0x00000000, 0x00000000, 0x00000000, 0x00000000, 0x00000000, 0x00000000, 
0xF0F0F0F0, 0x00F0F000, 0xF0F0F0F0, 0x1DF0F0E8, 0xF108F108, 0xE108F1DC, 0xF04DF006, 0xFFC2EFFF, 
0xE698E2E0, 0xFFF6EAFF, 0xCDDBAB2C, 0xFFCAECFF, 0xC95EA3A1, 0xFFEBEDFF, 0xC94BA319, 0xFFFDECFF, 
0xCAB6A4E1, 0xFF08EFFF, 0xCAA4A4CA, 0xFFEEEEFF, 0xCAA4A4CA, 0xFFEEEEFF, 0xCAA4A4CA, 0xFFEEEEFF, 
0xCAA4A4CA, 0xFFEEEEFF, 0xCB8DA55D, 0xFF01EFFF, 0xBE4C918B, 0xFF47EDFF, 0x9E335E6E, 0xFF20E9FF, 
0x9A5D58D5, 0xFFA1E8FF, 0x95E64F81, 0xFFF1E7FF, 0x9865544F, 0xFF4FE8FF, 0x9C665A1A, 0xFFCFE8FF, 
0x9A9958EF, 0xFFA2E8FF, 0xAB9D73D7, 0xFFD1EAFF, 0xC98FA275, 0xFFBAEEFF, 0xCACDA4E4, 0xFFF2EEFF, 
0xCAA4A4CA, 0xFFEEEEFF, 0xCAA4A4CA, 0xFFEEEEFF, 0xCAA4A4CA, 0xFFEEEEFF, 0xCAB6A4E1, 0xFF09EFFF, 
0xC94DA31E, 0xFFECECFF, 0xC960A3A3, 0xFFE1EDFF, 0xCDD8AB3B, 0xFFCBECFF, 0xE6A0E2F2, 0xFF00EBFF, 
0xF04FF008, 0xFFC4EFFF, 0xF108F108, 0xE108F1DC, 0xF0F0F0F0, 0x1EF0F023, 0xF0F0F0F0, 0x00F0F000, 
0x00000000, 0x00000000, 0x00000000, 0x00000000, 0x00000000, 0x00000000, 0x00000000, 0x00000000, 
0x00000000, 0x00000000, 0x00000000, 0x00000000, 0x00000000, 0x00000000, 0x00000000, 0x00000000, 
0x00000000, 0x00000000, 0x00000000, 0x00000000, 0x00000000, 0x00000000, 0x00000000, 0x00000000, 
0xF0F0F0F0, 0x00F0F000, 0xF0F0F0F0, 0x1DF0F0E8, 0xF107F107, 0xE107F1DC, 0xF079F034, 0xFFF1EFFF, 
0xE827E45A, 0xFF5BECFF, 0xCBD1AAE0, 0xFF33EBFF, 0xC956A398, 0xFFE1EDFF, 0xC948A314, 0xFFF7ECFF, 
0xCAB6A4E1, 0xFF09EFFF, 0xCAA4A4CA, 0xFFEEEEFF, 0xCAA4A4CA, 0xFFEEEEFF, 0xCAA4A4CA, 0xFFEEEEFF, 
0xCAA4A4CA, 0xFFEEEEFF, 0xCAA6A4CB, 0xFFEEEEFF, 0xCAE2A4F1, 0xFFF5EEFF, 0xC6D79D7E, 0xFF61EEFF, 
0xC3799822, 0xFFECEDFF, 0xC3189987, 0xFFFAEDFF, 0xC3CE9859, 0xFFF4EDFF, 0xC357980E, 0xFFEAEDFF, 
0xC3C999F1, 0xFF05EEFF, 0xC992A275, 0xFFBDEEFF, 0xCAE7A4F4, 0xFFF4EEFF, 0xCAA2A4C9, 0xFFEEEEFF, 
0xCAA4A4CA, 0xFFEEEEFF, 0xCAA4A4CA, 0xFFEEEEFF, 0xCAA4A4CA, 0xFFEEEEFF, 0xCAB6A4DF, 0xFF08EFFF, 
0xC951A333, 0xFF00EDFF, 0xC95DA3AA, 0xFFE6EDFF, 0xCBCFAACF, 0xFF2CEBFF, 0xE81CE44D, 0xFF54ECFF, 
0xF074F02F, 0xFFEBEFFF, 0xF107F107, 0xE107F1DC, 0xF0F0F0F0, 0x1EF0F023, 0xF0F0F0F0, 0x00F0F000, 
0x00000000, 0x00000000, 0x00000000, 0x00000000, 0x00000000, 0x00000000, 0x00000000, 0x00000000, 
0x00000000, 0x00000000, 0x00000000, 0x00000000, 0x00000000, 0x00000000, 0x00000000, 0x00000000, 
0x00000000, 0x00000000, 0x00000000, 0x00000000, 0x00000000, 0x00000000, 0x00000000, 0x00000000, 
0xF0F0F0F0, 0x00F0F000, 0xF0F0F0F0, 0x1DF0F0E8, 0xF107F107, 0xE107F1DC, 0xF06AF023, 0xFFDFEFFF, 
0xE92BE575, 0xFF8EEDFF, 0xCBD4AAD5, 0xFF18EBFF, 0xC86FA27B, 0xFF90ECFF, 0xC95FA337, 0xFF1EEDFF, 
0xCAB6A4E0, 0xFF07EFFF, 0xCAA4A4CA, 0xFFEEEEFF, 0xCAA4A4CA, 0xFFEEEEFF, 0xCAA4A4CA, 0xFFEEEEFF, 
0xCAA4A4CA, 0xFFEEEEFF, 0xCAA4A4CA, 0xFFEEEEFF, 0xCAA7A4CC, 0xFFEEEEFF, 0xCB14A510, 0xFFF7EEFF, 
0xCB65A543, 0xFFFEEEFF, 0xCB64A543, 0xFFFEEEFF, 0xCB64A543, 0xFFFEEEFF, 0xCB65A543, 0xFFFEEEFF, 
0xCB50A536, 0xFFFCEEFF, 0xCACDA4E4, 0xFFF2EEFF, 0xCAA2A4C9, 0xFFEEEEFF, 0xCAA4A4CA, 0xFFEEEEFF, 
0xCAA4A4CA, 0xFFEEEEFF, 0xCAA4A4CA, 0xFFEEEEFF, 0xCAA4A4CA, 0xFFEEEEFF, 0xCAB6A4DF, 0xFF08EFFF, 
0xC95FA340, 0xFF1AEDFF, 0xC863A27D, 0xFF8CECFF, 0xCBD5AAD4, 0xFF1DEBFF, 0xE927E56D, 0xFF88EDFF, 
0xF06AF023, 0xFFDFEFFF, 0xF107F107, 0xE107F1DC, 0xF0F0F0F0, 0x1EF0F023, 0xF0F0F0F0, 0x00F0F000, 
0x00000000, 0x00000000, 0x00000000, 0x00000000, 0x00000000, 0x00000000, 0x00000000, 0x00000000, 
0x00000000, 0x00000000, 0x00000000, 0x00000000, 0x00000000, 0x00000000, 0x00000000, 0x00000000, 
0x00000000, 0x00000000, 0x00000000, 0x00000000, 0x00000000, 0x00000000, 0x00000000, 0x00000000, 
0xF0F0F0F0, 0x00F0F000, 0xF0F0F0F0, 0x1DF0F0E8, 0xF107F107, 0xE107F1DC, 0xF065F01E, 0xFFDAEFFF, 
0xE937E581, 0xFF99EDFF, 0xCD42AC7F, 0xFF0FEDFF, 0xC77FA147, 0xFF2DEBFF, 0xC8CBA276, 0xFF37ECFF, 
0xCAC1A4EF, 0xFF19EFFF, 0xCAA4A4CA, 0xFFEEEEFF, 0xCAA4A4CA, 0xFFEEEEFF, 0xCAA4A4CA, 0xFFEEEEFF, 
0xCAA4A4CA, 0xFFEEEEFF, 0xCAA4A4CA, 0xFFEEEEFF, 0xCAA4A4CA, 0xFFEEEEFF, 0xCAA4A4CA, 0xFFEEEEFF, 
0xCAA4A4CA, 0xFFEEEEFF, 0xCAA4A4CA, 0xFFEEEEFF, 0xCAA4A4CA, 0xFFEEEEFF, 0xCAA4A4CA, 0xFFEEEEFF, 
0xCAA4A4CA, 0xFFEEEEFF, 0xCAA4A4CA, 0xFFEEEEFF, 0xCAA4A4CA, 0xFFEEEEFF, 0xCAA4A4CA, 0xFFEEEEFF, 
0xCAA4A4CA, 0xFFEEEEFF, 0xCAA4A4CA, 0xFFEEEEFF, 0xCAA4A4CA, 0xFFEEEEFF, 0xCAC2A4EF, 0xFF1AEFFF, 
0xC8CAA27A, 0xFF39ECFF, 0xC773A159, 0xFF31EBFF, 0xCD34AC7A, 0xFF08EDFF, 0xE938E582, 0xFF9BEDFF, 
0xF069F022, 0xFFDEEFFF, 0xF107F107, 0xE107F1DC, 0xF0F0F0F0, 0x1EF0F023, 0xF0F0F0F0, 0x00F0F000, 
0x00000000, 0x00000000, 0x00000000, 0x00000000, 0x00000000, 0x00000000, 0x00000000, 0x00000000, 
0x00000000, 0x00000000, 0x00000000, 0x00000000, 0x00000000, 0x00000000, 0x00000000, 0x00000000, 
0x00000000, 0x00000000, 0x00000000, 0x00000000, 0x00000000, 0x00000000, 0x00000000, 0x00000000, 
0xF0F0F0F0, 0x00F0F000, 0xF0F0F0F0, 0x1DF0F0E8, 0xF106F106, 0xE106F1DC, 0xF07CF031, 0xFFE7EFFF, 
0xE9AAE42A, 0xFF9EEDFF, 0xCDAEAB52, 0xFF7DEDFF, 0xC9EFA218, 0xFF2EEDFF, 0xC66EA1DC, 0xFF3CEAFF, 
0xCA2DA437, 0xFF41EEFF, 0xCAB2A4DC, 0xFF02EFFF, 0xCAA4A4CB, 0xFFEFEEFF, 0xCAA4A4CA, 0xFFEEEEFF, 
0xCAA4A4CA, 0xFFEEEEFF, 0xCAA4A4CA, 0xFFEEEEFF, 0xCAA4A4CA, 0xFFEEEEFF, 0xCAA4A4CA, 0xFFEEEEFF, 
0xCAA4A4CA, 0xFFEEEEFF, 0xCAA4A4CA, 0xFFEEEEFF, 0xCAA4A4CA, 0xFFEEEEFF, 0xCAA4A4CA, 0xFFEEEEFF, 
0xCAA4A4CA, 0xFFEEEEFF, 0xCAA4A4CA, 0xFFEEEEFF, 0xCAA4A4CA, 0xFFEEEEFF, 0xCAA4A4CA, 0xFFEEEEFF, 
0xCAA4A4CA, 0xFFEEEEFF, 0xCAA4A4CA, 0xFFEFEEFF, 0xCAB2A4DB, 0xFF03EFFF, 0xCA28A436, 0xFF36EEFF, 
0xC662A1BD, 0xFF2CEAFF, 0xC9ECA20A, 0xFF28EDFF, 0xCD98AB5D, 0xFF78EDFF, 0xE99CE42A, 0xFF91EDFF, 
0xF07AF02E, 0xFFE4EFFF, 0xF106F106, 0xE106F1DC, 0xF0F0F0F0, 0x1EF0F023, 0xF0F0F0F0, 0x00F0F000, 
0x00000000, 0x00000000, 0x00000000, 0x00000000, 0x00000000, 0x00000000, 0x00000000, 0x00000000, 
0x00000000, 0x00000000, 0x00000000, 0x00000000, 0x00000000, 0x00000000, 0x00000000, 0x00000000, 
0x00000000, 0x00000000, 0x00000000, 0x00000000, 0x00000000, 0x00000000, 0x00000000, 0x00000000, 
0xF109F28E, 0x00FCF000, 0xF109F28E, 0x1DFCF0E8, 0xF115F29B, 0xE108F1DC, 0xF112F245, 0xFF57F0FF, 
0xE8C0E343, 0xFF44EDFF, 0xC937A63B, 0xFF99ECFF, 0xCADDA302, 0xFFE8EDFF, 0xC96FA308, 0xFF71ECFF, 
0xC977A310, 0xFF86ECFF, 0xCA5BA42B, 0xFFDAEDFF, 0xCB49A548, 0xFF28EFFF, 0xCB4BA54B, 0xFF2BEFFF, 
0xCB4AA549, 0xFF28EFFF, 0xCB4AA549, 0xFF28EFFF, 0xCB4AA549, 0xFF29EFFF, 0xCB4AA548, 0xFF29EFFF, 
0xCB4AA548, 0xFF29EFFF, 0xCB4AA548, 0xFF29EFFF, 0xCB4AA549, 0xFF29EFFF, 0xCB4AA548, 0xFF29EFFF, 
0xCB49A547, 0xFF28EFFF, 0xCB49A548, 0xFF27EFFF, 0xCB49A548, 0xFF28EFFF, 0xCB49A549, 0xFF28EFFF, 
0xCB4BA54B, 0xFF2BEFFF, 0xCB4CA549, 0xFF2AEFFF, 0xCA64A42A, 0xFFD6EDFF, 0xC97BA317, 0xFF87ECFF, 
0xC865A3F0, 0xFF68ECFF, 0xCAE2A300, 0xFFFBEDFF, 0xC981A7D7, 0xFF12ECFF, 0xE804E466, 0xFF21EDFF, 
0xF115F24A, 0xFF61F0FF, 0xF115F29A, 0xE107F1DC, 0xF109F28E, 0x1EFCF023, 0xF109F28E, 0x00FCF000, 
0x00000000, 0x00000000, 0x00000000, 0x00000000, 0x00000000, 0x00000000, 0x00000000, 0x00000000, 
0x00000000, 0x00000000, 0x00000000, 0x00000000, 0x00000000, 0x00000000, 0x00000000, 0x00000000, 
0x00000000, 0x00000000, 0x00000000, 0x00000000, 0x00000000, 0x00000000, 0x00000000, 0x00000000, 
0xE6FDDD43, 0x0023F000, 0xE6FDDD43, 0x1D23F0E8, 0xE6FEDD44, 0xE124F0DC, 0xE620DE56, 0xFF23F0FF, 
0xE314DA2B, 0xFF11EEFF, 0xC87DA828, 0xFFCAEBFF, 0xBFC99432, 0xFF56EBFF, 0xBF7796A7, 0xFFB4E8FF, 
0xC1E19724, 0xFF52EAFF, 0xBF8E966F, 0xFF5FE8FF, 0xBFDF96EB, 0xFFD4E8FF, 0xC1279866, 0xFFA2EAFF, 
0xC13C988B, 0xFFCEEAFF, 0xC1409888, 0xFFCAEAFF, 0xC130987B, 0xFFB9EAFF, 0xC12E9888, 0xFFB5EAFF, 
0xC123988C, 0xFFA6EAFF, 0xC124988C, 0xFFA6EAFF, 0xC12C987B, 0xFFA6EAFF, 0xC1249880, 0xFFA8EAFF, 
0xC1359899, 0xFFBDEAFF, 0xC1389893, 0xFFD0EAFF, 0xC145989D, 0xFFCEEAFF, 0xC147988D, 0xFFCEEAFF, 
0xC125986C, 0xFFA9EAFF, 0xBFEE96FC, 0xFFD4E8FF, 0xBF829674, 0xFF35E8FF, 0xC1CB9718, 0xFF33EAFF, 
0xBF769680, 0xFF70E8FF, 0xC08F984D, 0xFF83E8FF, 0xCA38AE53, 0xFF50E9FF, 0xE305DA15, 0xFFFBEDFF, 
0xE61EDE55, 0xFF23F0FF, 0xE6FEDD44, 0xE124F0DC, 0xE6FDDD43, 0x1E23F023, 0xE6FDDD43, 0x0023F000, 
0x00000000, 0x00000000, 0x00000000, 0x00000000, 0x00000000, 0x00000000, 0x00000000, 0x00000000, 
0x00000000, 0x00000000, 0x00000000, 0x00000000, 0x00000000, 0x00000000, 0x00000000, 0x00000000, 
0x00000000, 0x00000000, 0x00000000, 0x00000000, 0x00000000, 0x00000000, 0x00000000, 0x00000000, 
0xD271BA3D, 0x00A3EE00, 0xD271BA3D, 0x1DA3EEE8, 0xD271BA3C, 0xE1A2EEDC, 0xD272BA3D, 0xFFA4EEFF, 
0xD2C0BA66, 0xFFA1EEFF, 0xCF8BB6D8, 0xFF14EEFF, 0xCCDAAF11, 0xFF62EDFF, 0xCB30AF2A, 0xFF91EBFF, 
0xC9E6ADD3, 0xFF2BEAFF, 0xC9D1ADB2, 0xFF08EAFF, 0xC998AD6F, 0xFFACE9FF, 0xC920AD01, 0xFF59E9FF, 
0xC7E3ABCF, 0xFF2BE8FF, 0xC8DEACC4, 0xFF20E9FF, 0xC99BAD84, 0xFFDDE9FF, 0xC9E5ADD7, 0xFF26EAFF, 
0xC9F8ADF3, 0xFF38EAFF, 0xC903AEFD, 0xFF42EAFF, 0xC908AEF4, 0xFF42EAFF, 0xC9F2ADE5, 0xFF32EAFF, 
0xC9E7ADDE, 0xFF29EAFF, 0xC9A0AD93, 0xFFEBE9FF, 0xC8DEACCF, 0xFF21E9FF, 0xC7ECABD3, 0xFF2EE8FF, 
0xC925AD0A, 0xFF63E9FF, 0xC9A3AD7F, 0xFFB4E9FF, 0xC9E6ADDB, 0xFF1EEAFF, 0xC9EAADDE, 0xFF2BEAFF, 
0xCB55AF42, 0xFF87EBFF, 0xCC1AB150, 0xFF2AECFF, 0xD070B72A, 0xFFA3EDFF, 0xD2AFBA5E, 0xFFA5EEFF, 
0xD272BA3E, 0xFFA5EEFF, 0xD271BA3C, 0xE1A2EEDC, 0xD271BA3D, 0x1EA3EE23, 0xD271BA3D, 0x00A3EE00, 
0x00000000, 0x00000000, 0x00000000, 0x00000000, 0x00000000, 0x00000000, 0x00000000, 0x00000000, 
0x00000000, 0x00000000, 0x00000000, 0x00000000, 0x00000000, 0x00000000, 0x00000000, 0x00000000, 
0x00000000, 0x00000000, 0x00000000, 0x00000000, 0x00000000, 0x00000000, 0x00000000, 0x00000000, 
0xF1FFF189, 0x00FBF000, 0xF1FFF189, 0x1EFBF023, 0xF1FFF189, 0xE3FBF099, 0xF1FFF189, 0xFFFBF0FF, 
0xF1FDF188, 0xFFFCF0FF, 0xF145F2B3, 0xFF05F1FF, 0xF1AFF2F0, 0xFF12F1FF, 0xF1A5F2E9, 0xFF19F1FF, 
0xF1F5F13A, 0xFF6CF0FF, 0xF086F1CC, 0xFFFDEFFF, 0xF08DF1D3, 0xFF06F0FF, 0xF061F1A7, 0xFFD8EFFF, 
0xEF88F0CD, 0xFFFEEEFF, 0xEE74EFBA, 0xFFEBEDFF, 0xEEF1EE37, 0xFF68EDFF, 0xEE0DEF51, 0xFF83EDFF, 
0xEE56EF9B, 0xFFCDEDFF, 0xEE89EFCE, 0xFF00EEFF, 0xEE81EFC6, 0xFFF8EDFF, 0xEE5EEFA3, 0xFFD5EDFF, 
0xEE07EF4B, 0xFF7DEDFF, 0xEEF5EE3A, 0xFF6BEDFF, 0xEE73EFB7, 0xFFE9EDFF, 0xEF80F0C5, 0xFFF6EEFF, 
0xF062F1A7, 0xFFD9EFFF, 0xF093F1DA, 0xFF0DF0FF, 0xF094F1D8, 0xFF0BF0FF, 0xF108F24D, 0xFF7FF0FF, 
0xF1AAF2EF, 0xFF22F1FF, 0xF19CF2EC, 0xFF25F1FF, 0xF137F2AE, 0xFF0BF1FF, 0xF1FEF188, 0xFFFCF0FF, 
0xF1FFF189, 0xFFFBF0FF, 0xF1FFF189, 0xE3FBF099, 0xF1FFF189, 0x1EFBF05F, 0xF1FFF189, 0x00FBF000, 
0x00000000, 0x00000000, 0x00000000, 0x00000000, 0x00000000, 0x00000000, 0x00000000, 0x00000000, 
0x00000000, 0x00000000, 0x00000000, 0x00000000, 0x00000000, 0x00000000, 0x00000000, 0x00000000, 
0x00000000, 0x00000000, 0x00000000, 0x00000000, 0x00000000, 0x00000000, 0x00000000, 0x00000000, 
0xF0F0F0F0, 0x00F0F000, 0xF0F0F0F0, 0x1AF0F063, 0xF0F0F0F0, 0xC7F0F044, 0xF0F0F0F0, 0xE3F0F099, 
0xF0F0F0F0, 0xE1F0F0DC, 0xF0F0F0F0, 0xE1F0F0DC, 0xF0F0F0F0, 0xE1F0F0DC, 0xF0F1F0F1, 0xE1F1F0DC, 
0xF0FCF0FC, 0xE1FCF0DC, 0xF107F107, 0xE107F1DC, 0xF107F107, 0xE107F1DC, 0xF109F109, 0xE109F1DC, 
0xF118F118, 0xE118F1DC, 0xF11AF11A, 0xE11AF1DC, 0xF0DEF0DE, 0xE1DEF0DC, 0xF06CF06C, 0xE16CF0DC, 
0xEFFDEFFD, 0xE1FDEFDC, 0xEFCCEFCC, 0xE1CCEFDC, 0xEFC6EFC6, 0xE1C6EFDC, 0xF001F001, 0xE101F0DC, 
0xF068F068, 0xE168F0DC, 0xF0DCF0DC, 0xE1DCF0DC, 0xF11BF11B, 0xE11BF1DC, 0xF119F119, 0xE119F1DC, 
0xF108F108, 0xE108F1DC, 0xF106F106, 0xE106F1DC, 0xF106F106, 0xE106F1DC, 0xF0FBF0FB, 0xE1FBF0DC, 
0xF0F0F0F0, 0xE1F0F0DC, 0xF0F0F0F0, 0xE1F0F0DC, 0xF0F0F0F0, 0xE1F0F0DC, 0xF0F0F0F0, 0xE1F0F0DC, 
0xF0F0F0F0, 0xE3F0F099, 0xF0F0F0F0, 0xC7F0F044, 0xF0F0F0F0, 0x1AF0F097, 0xF0F0F0F0, 0x00F0F000, 
0x00000000, 0x00000000, 0x00000000, 0x00000000, 0x00000000, 0x00000000, 0x00000000, 0x00000000, 
0x00000000, 0x00000000, 0x00000000, 0x00000000, 0x00000000, 0x00000000, 0x00000000, 0x00000000, 
0x00000000, 0x00000000, 0x00000000, 0x00000000, 0x00000000, 0x00000000, 0x00000000, 0x00000000, 
0xF0F0F0F0, 0x00F0F000, 0xF0F0F0F0, 0x03F0F07F, 0xF0F0F0F0, 0x1AF0F063, 0xF0F0F0F0, 0x1EF0F023, 
0xF0F0F0F0, 0x1DF0F0E8, 0xF0F0F0F0, 0x1DF0F0E8, 0xF0F0F0F0, 0x1DF0F0E8, 0xF0F0F0F0, 0x1DF0F0E8, 
0xF0F0F0F0, 0x1DF0F0E8, 0xF0F0F0F0, 0x1DF0F0E8, 0xF0F0F0F0, 0x1DF0F0E8, 0xF0F0F0F0, 0x1DF0F0E8, 
0xF0F0F0F0, 0x1DF0F0E8, 0xF0F0F0F0, 0x1DF0F0E8, 0xF0F9F0F9, 0x1DF9F0E8, 0xF126F126, 0x1D26F1E8, 
0xF16BF16B, 0x1D6BF1E8, 0xF18CF18C, 0x1D8CF1E8, 0xF18FF18F, 0x1D8FF1E8, 0xF169F169, 0x1D69F1E8, 
0xF128F128, 0x1D28F1E8, 0xF0FAF0FA, 0x1DFAF0E8, 0xF0F0F0F0, 0x1DF0F0E8, 0xF0F0F0F0, 0x1DF0F0E8, 
0xF0F0F0F0, 0x1DF0F0E8, 0xF0F0F0F0, 0x1DF0F0E8, 0xF0F0F0F0, 0x1DF0F0E8, 0xF0F0F0F0, 0x1DF0F0E8, 
0xF0F0F0F0, 0x1DF0F0E8, 0xF0F0F0F0, 0x1DF0F0E8, 0xF0F0F0F0, 0x1DF0F0E8, 0xF0F0F0F0, 0x1DF0F0E8, 
0xF0F0F0F0, 0x1EF0F023, 0xF0F0F0F0, 0x1AF0F063, 0xF0F0F0F0, 0x03F0F085, 0xF0F0F0F0, 0x00F0F000, 
0x00000000, 0x00000000, 0x00000000, 0x00000000, 0x00000000, 0x00000000, 0x00000000, 0x00000000, 
0x00000000, 0x00000000, 0x00000000, 0x00000000, 0x00000000, 0x00000000, 0x00000000, 0x00000000, 
0x00000000, 0x00000000, 0x00000000, 0x00000000, 0x00000000, 0x00000000, 0x00000000, 0x00000000, 
0xF0F0F0F0, 0x00F0F005, 0xF0F0F0F0, 0x00F0F000, 0xF0F0F0F0, 0x00F0F000, 0xF0F0F0F0, 0x00F0F000, 
0xF0F0F0F0, 0x00F0F000, 0xF0F0F0F0, 0x00F0F000, 0xF0F0F0F0, 0x00F0F000, 0xF0F0F0F0, 0x00F0F000, 
0xF0F0F0F0, 0x00F0F000, 0xF0F0F0F0, 0x00F0F000, 0xF0F0F0F0, 0x00F0F000, 0xF0F0F0F0, 0x00F0F000, 
0xF0F0F0F0, 0x00F0F000, 0xF0F0F0F0, 0x00F0F000, 0xF0F0F0F0, 0x00F0F000, 0xF0F0F0F0, 0x00F0F000, 
0xF0F0F0F0, 0x00F0F000, 0xF0F0F0F0, 0x00F0F000, 0xF0F0F0F0, 0x00F0F000, 0xF0F0F0F0, 0x00F0F000, 
0xF0F0F0F0, 0x00F0F000, 0xF0F0F0F0, 0x00F0F000, 0xF0F0F0F0, 0x00F0F000, 0xF0F0F0F0, 0x00F0F000, 
0xF0F0F0F0, 0x00F0F000, 0xF0F0F0F0, 0x00F0F000, 0xF0F0F0F0, 0x00F0F000, 0xF0F0F0F0, 0x00F0F000, 
0xF0F0F0F0, 0x00F0F000, 0xF0F0F0F0, 0x00F0F000, 0xF0F0F0F0, 0x00F0F000, 0xF0F0F0F0, 0x00F0F000, 
0xF0F0F0F0, 0x00F0F000, 0xF0F0F0F0, 0x00F0F000, 0xF0F0F0F0, 0x00F0F000, 0xF0F0F0F0, 0x00F0F004, 
0x00000000, 0x00000000, 0x00000000, 0x00000000, 0x00000000, 0x00000000, 0x00000000, 0x00000000, 
0x00000000, 0x00000000, 0x00000000, 0x00000000, 0x00000000, 0x00000000, 0x00000000, 0x00000000, 
0x00000000, 0x00000000, 0x00000000, 0x00000000, 0x00000000, 0x00000000, 0x00000000, 0x00000000, 

};

static const uint32_t adwaita_icon_files[] = {
0x00000000, 0x00000002, 0x00000000, 0x00000000, 0x00000000, 0x00000000, 0x00000000, 0x00000000, 
0x00000000, 0x00000000, 0x00000000, 0x00000000, 0x00000000, 0x00000001, 0x00000000, 0x00000000, 
0x00000000, 0x00000000, 0x00000000, 0x00000000, 0x00000000, 0x00000000, 0x00000000, 0x00000000, 
0x00000000, 0x00000000, 0x00000000, 0x00000000, 0x00000000, 0x00000000, 0x00000000, 0x00000000, 
0x00000000, 0x00000000, 0x00000000, 0x00000000, 0x00000000, 0x00000000, 0x00000000, 0x00000000, 
0x00000000, 0x00000000, 0x00000000, 0x00000000, 0x00000000, 0x00000000, 0x00000000, 0x00000000, 
0x00000000, 0x00000000, 0x00000000, 0x00000000, 0x00000000, 0x00000000, 0x00000000, 0x00000000, 
0x00000000, 0x00000000, 0x00000000, 0x00000000, 0x00000000, 0x00000000, 0x00000000, 0x00000000, 
0x00000000, 0x00000000, 0x00000000, 0x00000000, 0x00000000, 0x00000000, 0x00000000, 0x00000000, 
0x00000000, 0x00000000, 0x00000000, 0x00000000, 0x00000000, 0x00000000, 0x00000000, 0x00000000, 
0x00000000, 0x00000002, 0x00000000, 0x00000000, 0x00000000, 0x00000000, 0x00000000, 0x00000000, 
0x00000000, 0x00000000, 0x00000000, 0x00000000, 0x00000000, 0x00000000, 0x00000000, 0x00000003, 
0x00000000, 0x00000000, 0x00000000, 0x010000EA, 0x00000000, 0x0B0000BC, 0x00000000, 0x070000BB, 
0x00000000, 0x09000037, 0x00000000, 0x030000CF, 0x00000000, 0x00000000, 0x00000000, 0x00000000, 
0x00000000, 0x00000000, 0x00000000, 0x00000000, 0x00000000, 0x00000000, 0x00000000, 0x00000000, 
0x00000000, 0x00000000, 0x00000000, 0x00000000, 0x00000000, 0x00000000, 0x00000000, 0x00000000, 
0x00000000, 0x00000000, 0x00000000, 0x00000000, 0x00000000, 0x00000000, 0x00000000, 0x00000000, 
0x00000000, 0x00000000, 0x00000000, 0x00000000, 0x00000000, 0x00000000, 0x00000000, 0x00000000, 
0x00000000, 0x00000000, 0x00000000, 0x00000000, 0x00000000, 0x00000000, 0x00000000, 0x00000000, 
0x00000000, 0x00000000, 0x00000000, 0x00000000, 0x00000000, 0x00000000, 0x00000000, 0x00000000, 
0x00000000, 0x00000000, 0x00000000, 0x00000000, 0x00000000, 0x00000000, 0x00000000, 0x00000000, 
0x00000000, 0x00000000, 0x00000000, 0x00000000, 0x00000000, 0x00000000, 0x00000000, 0x00000000, 
0x00000000, 0x00000000, 0x00000000, 0x02000008, 0x00000000, 0x0A000040, 0x00000000, 0x0800003C, 
0x00000000, 0x090000A8, 0x00000000, 0x0A000038, 0x00000000, 0x0400009A, 0x00000000, 0x00000000, 
0x00000000, 0x00000000, 0x00000000, 0x080000A2, 0x00000000, 0x3B00005D, 0x00000000, 0x3900007A, 
0x00000000, 0x41000019, 0x00000000, 0x1A000081, 0xA8C7A8C7, 0x00C7A800, 0xF0C0F0C0, 0x00C0F000, 
0xF0F0F0F0, 0x00F0F000, 0xF0F0F0F0, 0x00F0F000, 0xF0F0F0F0, 0x00F0F000, 0xF0F0F0F0, 0x00F0F000, 
0xF0F0F0F0, 0x00F0F000, 0xF0F0F0F0, 0x00F0F000, 0xF0F0F0F0, 0x00F0F000, 0xF0F0F0F0, 0x00F0F000, 
0xF0F0F0F0, 0x00F0F000, 0xF0F0F0F0, 0x00F0F000, 0xF0F0F0F0, 0x00F0F000, 0xF0F0F0F0, 0x00F0F000, 
0xF0F0F0F0, 0x00F0F000, 0xF0F0F0F0, 0x00F0F000, 0xF0F0F0F0, 0x00F0F000, 0xF0F0F0F0, 0x00F0F000, 
0xF0F0F0F0, 0x00F0F000, 0xF0F0F0F0, 0x00F0F000, 0xF0F0F0F0, 0x00F0F000, 0xF0F0F0F0, 0x00F0F000, 
0xF0F0F0F0, 0x00F0F000, 0xF0F0F0F0, 0x00F0F000, 0xF0F0F0F0, 0x00F0F000, 0xF0F0F0F0, 0x00F0F000, 
0xF0F0F0F0, 0x00F0F000, 0xF0F0F0F0, 0x00F0F000, 0xF0F0F0F0, 0x00F0F000, 0xF0F0F0F0, 0x00F0F004, 
0x00000000, 0x00000000, 0x00000000, 0x00000000, 0x00000000, 0x00000000, 0x00000000, 0x00000000, 
0x00000000, 0x00000000, 0x00000000, 0x08000036, 0x00000000, 0x3B000017, 0x00000000, 0x3E000052, 
0x00000000, 0x420000FA, 0x00000000, 0x400000A7, 0x00000000, 0x2100008D, 0x00000000, 0x00000000, 
0xD6D7D6D7, 0x00D7D600, 0xDB1ADB1A, 0x031ADBDF, 0xD8E8D8E8, 0x1DE8D889, 0xD2A4D2A4, 0x22A4D2BD, 
0xD087D087, 0x2287D0D3, 0xE320E320, 0x1F20E3F9, 0xF182F182, 0x1E82F111, 0xF0F0F0F0, 0x1EF0F023, 
0xF0F0F0F0, 0x1EF0F023, 0xF0F0F0F0, 0x1EF0F023, 0xF0F0F0F0, 0x1EF0F023, 0xF0F0F0F0, 0x1EF0F023, 
0xF0F0F0F0, 0x1EF0F023, 0xF0F0F0F0, 0x1EF0F023, 0xF0F9F0F9, 0x1EF9F023, 0xF126F126, 0x1E26F123, 
0xF16EF16E, 0x1E6EF123, 0xF194F194, 0x1E94F123, 0xF192F192, 0x1E92F123, 0xF16CF16C, 0x1E6CF123, 
0xF127F127, 0x1E27F123, 0xF0F9F0F9, 0x1EF9F023, 0xF0F0F0F0, 0x1EF0F023, 0xF0F0F0F0, 0x1EF0F023, 
0xF0F0F0F0, 0x1EF0F023, 0xF0F0F0F0, 0x1EF0F023, 0xF0F0F0F0, 0x1EF0F023, 0xF0F0F0F0, 0x1EF0F023, 
0xF0F0F0F0, 0x1EF0F023, 0xF0F0F0F0, 0x1EF0F023, 0xF0F0F0F0, 0x1EF0F023, 0xF0F0F0F0, 0x1EF0F023, 
0xF0F0F0F0, 0x1EF0F05F, 0xF0F0F0F0, 0x1AF0F097, 0xF0F0F0F0, 0x03F0F08C, 0xF0F0F0F0, 0x00F0F000, 
0x00000000, 0x00000000, 0x00000000, 0x00000000, 0x00000000, 0x00000000, 0x00000000, 0x00000000, 
0xD660D660, 0x0060D600, 0xDD8FDD8F, 0x038FDDDC, 0xC4FBC4FB, 0x20FBC486, 0xCC39CC39, 0x2339CCD5, 
0xD13FD13F, 0x223FD1F8, 0xCED2CED2, 0x1ED2CEFA, 0x8D508D50, 0x06508D01, 0xC0CBC0CB, 0x00CBC000, 
0xF117F117, 0x0017F100, 0xF111F111, 0x1A11F15F, 0xF112F112, 0xC712F128, 0xF118F118, 0xE318F173, 
0xF11BF11B, 0xE11BF1B3, 0xF100F100, 0xE100F1CC, 0xF0EFF0EF, 0xE1EFF0DC, 0xF0F1F0F1, 0xE1F1F0DC, 
0xF0FDF0FD, 0xE1FDF0DC, 0xF109F109, 0xE109F1DC, 0xF107F107, 0xE107F1DC, 0xF109F109, 0xE109F1DC, 
0xF118F118, 0xE118F1DC, 0xF11BF11B, 0xE11BF1DC, 0xF0DFF0DF, 0xE1DFF0DC, 0xF06DF06D, 0xE16DF0DC, 
0xEFF9EFF9, 0xE1F9EFDC, 0xEFBEEFBE, 0xE1BEEFDC, 0xEFC3EFC3, 0xE1C3EFDC, 0xEFFCEFFC, 0xE1FCEFDC, 
0xF06BF06B, 0xE16BF0DC, 0xF0DFF0DF, 0xE1DFF0DC, 0xF11CF11C, 0xE11CF1DC, 0xF118F118, 0xE118F1DC, 
0xF108F108, 0xE108F1DC, 0xF106F106, 0xE106F1DC, 0xF106F106, 0xE106F1DC, 0xF0FCF0FC, 0xE1FCF0DC, 
0xF0F0F0F0, 0xE1F0F0DC, 0xF0F0F0F0, 0xE1F0F0DC, 0xF0F0F0F0, 0xE1F0F0DC, 0xF0F0F0F0, 0xE1F0F0DC, 
0xF0F0F0F0, 0xE3F0F099, 0xF0F0F0F0, 0xC7F0F044, 0xF0F0F0F0, 0x1AF0F097, 0xF0F0F0F0, 0x00F0F000, 
0x00000000, 0x00000000, 0x00000000, 0x00000000, 0x00000000, 0x00000000, 0x00000000, 0x00000000, 
0xF119F119, 0x0019F100, 0xF107F107, 0x1A07F195, 0xF14DF14D, 0xC64DF1F8, 0xF12FF12F, 0xE32FF15E, 
0xF119F119, 0xE319F172, 0xF11FF11F, 0xC71FF11E, 0xF1B7F1B7, 0x1AB7F14D, 0xF137F137, 0x0037F100, 
0xF0F0F0F0, 0x00F0F000, 0xF0F0F0F0, 0x1EF0F023, 0xF0F0F0F0, 0xE3F0F099, 0xF0F0F0F0, 0xFFF0F0FF, 
0xF0F0F0F0, 0xFFF0F0FF, 0xF0F0F0F0, 0xFFF0F0FF, 0xF173F141, 0xFF06F1FF, 0xF12DF2AD, 0xFF13F1FF, 
0xF18CF101, 0xFF58F0FF, 0xF006F17B, 0xFFD4EFFF, 0xF026F19D, 0xFFF8EFFF, 0xF002F176, 0xFFCEEFFF, 
0xEF07F084, 0xFFE6EEFF, 0xED2DEEFC, 0xFFC0EDFF, 0xED4FED50, 0xFF50EDFF, 0xED6CED6C, 0xFF6CEDFF, 
0xEDACEDAC, 0xFFACEDFF, 0xEDD6EDD6, 0xFFD6EDFF, 0xEDE0EDE0, 0xFFE0EDFF, 0xEDADEDAD, 0xFFADEDFF, 
0xED65ED65, 0xFF65EDFF, 0xED36ED36, 0xFF36EDFF, 0xEDADEDAD, 0xFFADEDFF, 0xEED8EED8, 0xFFD8EEFF, 
0xEFC8EFC8, 0xFFC8EFFF, 0xEFF2EFF2, 0xFFF2EFFF, 0xEFE1EFE1, 0xFFE1EFFF, 0xF051F051, 0xFF51F0FF, 
0xF105F105, 0xFF05F1FF, 0xF0FEF0FE, 0xFFFEF0FF, 0xF0F1F0F1, 0xFFF1F0FF, 0xF0F0F0F0, 0xFFF0F0FF, 
0xF0F0F0F0, 0xFFF0F0FF, 0xF0F0F0F0, 0xE3F0F099, 0xF0F0F0F0, 0x1EF0F05F, 0xF0F0F0F0, 0x00F0F000, 
0x00000000, 0x00000000, 0x00000000, 0x00000000, 0x00000000, 0x00000000, 0x00000000, 0x00000000, 
0xF0F0F0F0, 0x00F0F000, 0xF0F0F0F0, 0x1EF0F05F, 0xF0F0F0F0, 0xE3F0F099, 0xF0F0F0F0, 0xFFF0F0FF, 
0xF0F0F0F0, 0xFFF0F0FF, 0xF0F0F0F0, 0xE3F0F099, 0xF0F0F0F0, 0x1EF0F023, 0xF0F0F0F0, 0x00F0F000, 
0xF0F0F0F0, 0x00F0F000, 0xF0F0F0F0, 0x1DF0F0E8, 0xF0F0F0F0, 0xE1F0F0DC, 0xF0F0F0F0, 0xFFF0F0FF, 
0xF0F2F0F2, 0xFFF3F0FF, 0xF12CF2A2, 0xFFFCF0FF, 0xECA3E96A, 0xFFB8EFFF, 0xE3A6DB6D, 0xFFC0ECFF, 
0xE189D9F1, 0xFF19ECFF, 0xE2FED960, 0xFF73ECFF, 0xE141D97C, 0xFF64EBFF, 0xDF83D7E9, 0xFF09EAFF, 
0xE111D900, 0xFF87EAFF, 0xE839E6F7, 0xFF45ECFF, 0xEE97EE13, 0xFF73EDFF, 0xEDAFEDB1, 0xFFB2EDFF, 
0xEDC6EDC6, 0xFFC6EDFF, 0xEDCEEDCE, 0xFFCEEDFF, 0xEDCEEDCE, 0xFFCEEDFF, 0xEDC6EDC6, 0xFFC6EDFF, 
0xEDB2EDB2, 0xFFB2EDFF, 0xED60ED60, 0xFF60EDFF, 0xEC9DEC9D, 0xFF9DECFF, 0xEB9AEB9A, 0xFF9AEBFF, 
0xEB51EB51, 0xFF51EBFF, 0xECA5ECA5, 0xFFA5ECFF, 0xEDD0EDD0, 0xFFD0EDFF, 0xED34ED34, 0xFF34EDFF, 
0xEDE5EDE5, 0xFFE5EDFF, 0xF01FF01F, 0xFF1FF0FF, 0xF0E5F0E5, 0xFFE5F0FF, 0xF0F3F0F3, 0xFFF3F0FF, 
0xF0F0F0F0, 0xFFF0F0FF, 0xF0F0F0F0, 0xE1F0F0DC, 0xF0F0F0F0, 0x1EF0F023, 0xF0F0F0F0, 0x00F0F000, 
0x00000000, 0x00000000, 0x00000000, 0x00000000, 0x00000000, 0x00000000, 0x00000000, 0x00000000, 
0xF0F0F0F0, 0x00F0F000, 0xF0F0F0F0, 0x1EF0F05F, 0xF0F0F0F0, 0xE3F0F099, 0xF0F0F0F0, 0xFFF0F0FF, 
0xF0F0F0F0, 0xFFF0F0FF, 0xF0F0F0F0, 0xE3F0F099, 0xF0F0F0F0, 0x1EF0F023, 0xF0F0F0F0, 0x00F0F000, 
0xF0F0F0F0, 0x00F0F000, 0xF0F0F0F0, 0x1DF0F0E8, 0xF0F0F0F0, 0xE1F0F0DC, 0xF0F0F0F0, 0xFFF1F0FF, 
0xF122F29A, 0xFFF5F0FF, 0xDC56CE4D, 0xFF16EDFF, 0xA9F17523, 0xFF9DE6FF, 0x9781573B, 0xFFC0E3FF, 
0x97E156B8, 0xFFC4E5FF, 0x96A256E4, 0xFF12E4FF, 0x965556AD, 0xFF16E4FF, 0x978E5685, 0xFFB0E5FF, 
0x989258F8, 0xFF65E6FF, 0xAA9277B2, 0xFF3DE8FF, 0xDD93D090, 0xFF41EDFF, 0xEF7CF0DA, 0xFF18EFFF, 
0xEFFEEE00, 0xFF02EFFF, 0xEF01EF01, 0xFF01EFFF, 0xEF02EF02, 0xFF02EFFF, 0xEF02EF02, 0xFF02EFFF, 
0xEF02EF02, 0xFF02EFFF, 0xEF05EF05, 0xFF05EFFF, 0xEF14EF14, 0xFF14EFFF, 0xEF0FEF0F, 0xFF0FEFFF, 
0xEE6DEE6D, 0xFF6DEEFF, 0xECD7ECD7, 0xFFD7ECFF, 0xECC2ECC2, 0xFFC2ECFF, 0xEE84EE84, 0xFF84EEFF, 
0xEC90EC90, 0xFF90ECFF, 0xEDA6EDA6, 0xFFA6EDFF, 0xEF01EF01, 0xFF01EFFF, 0xF0EAF0EA, 0xFFEAF0FF, 
0xF0F0F0F0, 0xFFF0F0FF, 0xF0F0F0F0, 0xE1F0F0DC, 0xF0F0F0F0, 0x1EF0F023, 0xF0F0F0F0, 0x00F0F000, 
0x00000000, 0x00000000, 0x00000000, 0x00000000, 0x00000000, 0x00000000, 0x00000000, 0x00000000, 
0xF0F0F0F0, 0x00F0F000, 0xF0F0F0F0, 0x1AF0F097, 0xF0F0F0F0, 0xC7F0F044, 0xF0F0F0F0, 0xE3F0F099, 
0xF0F0F0F0, 0xE3F0F099, 0xF0F0F0F0, 0xC7F0F044, 0xF0F0F0F0, 0x1AF0F063, 0xF0F0F0F0, 0x00F0F000, 
0xF0F0F0F0, 0x00F0F000, 0xF0F0F0F0, 0x1DF0F0E8, 0xF0F0F0F0, 0xE1F0F0DC, 0xF171F13F, 0xFF03F1FF, 
0xECA3E96D, 0xFFC2EFFF, 0xA95276B8, 0xFF8BE7FF, 0x8AEF3E96, 0xFF99E5FF, 0x8B17412E, 0xFF44E4FF, 
0x8B3D4151, 0xFF53E4FF, 0x8C95410C, 0xFF9FE5FF, 0x8CFA41DE, 0xFFF0E6FF, 0x8CFE41E3, 0xFFF6E6FF, 
0x8CCF41C3, 0xFFEAE6FF, 0x8B883F74, 0xFFC8E6FF, 0xAC5A798E, 0xFF1CEAFF, 0xEDA5EA64, 0xFFADF0FF, 
0xF245F351, 0xFF2DF1FF, 0xF17BF2DE, 0xFF21F1FF, 0xF17DF2DF, 0xFF22F1FF, 0xF17DF2DF, 0xFF22F1FF, 
0xF17DF2DF, 0xFF22F1FF, 0xF17DF2DF, 0xFF22F1FF, 0xF17DF2DF, 0xFF22F1FF, 0xF17DF2DF, 0xFF21F1FF, 
0xF187F2E9, 0xFF2BF1FF, 0xF186F2E8, 0xFF2AF1FF, 0xF036F198, 0xFFDAEFFF, 0xEFEBEF4E, 0xFF90EEFF, 
0xEE5DEFE9, 0xFF5EEEFF, 0xEF08F0F4, 0xFFDBEFFF, 0xEE83EE84, 0xFF85EEFF, 0xF02AF02A, 0xFF2AF0FF, 
0xF0FCF0FC, 0xFFFCF0FF, 0xF0F0F0F0, 0xE1F0F0DC, 0xF0F0F0F0, 0x1EF0F023, 0xF0F0F0F0, 0x00F0F000, 
0x00000000, 0x00000000, 0x00000000, 0x00000000, 0x00000000, 0x00000000, 0x00000000, 0x00000000, 
0xF0F0F0F0, 0x00F0F000, 0xF0F0F0F0, 0x03F0F08C, 0xF0F0F0F0, 0x1AF0F097, 0xF0F0F0F0, 0x1EF0F05F, 
0xF0F0F0F0, 0x1EF0F05F, 0xF0F0F0F0, 0x1AF0F097, 0xF0F0F0F0, 0x03F0F085, 0xF0F0F0F0, 0x00F0F000, 
0xF0F0F0F0, 0x00F0F000, 0xF0F0F0F0, 0x1DF0F0E8, 0xF0F0F0F0, 0xE1F0F0DC, 0xF134F2B2, 0xFF15F1FF, 
0xE561DD3E, 0xFFBEEEFF, 0x99C65813, 0xFF7FE6FF, 0x8B4941AC, 0xFF34E5FF, 0x8AEC41CB, 0xFF6DE2FF, 
0x8D164330, 0xFF43E6FF, 0x8D4F43A6, 0xFF0FE7FF, 0x8D494399, 0xFFF9E6FF, 0x8D484399, 0xFFF9E6FF, 
0x8D494399, 0xFFF9E6FF, 0x8DCD4252, 0xFFF2E6FF, 0x90C248BC, 0xFF4DE7FF, 0xC27E9F5B, 0xFF47ECFF, 
0xE267D8F3, 0xFF8FEFFF, 0xE4B0DA38, 0xFFADEFFF, 0xE47FDA1B, 0xFFAAEFFF, 0xE480DA1B, 0xFFAAEFFF, 
0xE47FDA1B, 0xFFAAEFFF, 0xE47FDA1B, 0xFFAAEFFF, 0xE47FDA1B, 0xFFA9EFFF, 0xE47FDA1B, 0xFFA9EFFF, 
0xE47FDA1B, 0xFFA9EFFF, 0xE47FDA1C, 0xFFA9EFFF, 0xE491DA2E, 0xFFBEEFFF, 0xE3D9D96C, 0xFFF6EEFF, 
0xE306DC00, 0xFF72EBFF, 0xEE87ED43, 0xFF2FEFFF, 0xEF08F0A4, 0xFF2BEFFF, 0xEFBAEFBE, 0xFFC2EFFF, 
0xF104F104, 0xFF04F1FF, 0xF0F0F0F0, 0xE1F0F0DC, 0xF0F0F0F0, 0x1EF0F023, 0xF0F0F0F0, 0x00F0F000, 
0x00000000, 0x00000000, 0x00000000, 0x00000000, 0x00000000, 0x00000000, 0x00000000, 0x00000000, 
0xF0F0F0F0, 0x00F0F004, 0xF0F0F0F0, 0x00F0F000, 0xF0F0F0F0, 0x00F0F000, 0xF0F0F0F0, 0x00F0F000, 
0xF0F0F0F0, 0x00F0F000, 0xF0F0F0F0, 0x00F0F000, 0xF0F0F0F0, 0x00F0F000, 0xF0F0F0F0, 0x00F0F004, 
0xF0F0F0F0, 0x00F0F000, 0xF0F0F0F0, 0x1DF0F0E8, 0xF0F0F0F0, 0xE1F0F0DC, 0xF14BF2C0, 0xFF19F1FF, 
0xE425DC87, 0xFFA5EEFF, 0x97BD5653, 0xFF0FE5FF, 0x898740E5, 0xFF1CE2FF, 0x8B354249, 0xFF3FE3FF, 
0x8D044301, 0xFFFFE5FF, 0x8CEF42E2, 0xFFD3E5FF, 0x8CEB42DF, 0xFFD3E5FF, 0x8CF542DD, 0xFFCAE5FF, 
0x8CF042DF, 0xFFC7E5FF, 0x8CF042E0, 0xFFC7E5FF, 0x8C59428B, 0xFFBFE5FF, 0x8E4646C4, 0xFFF7E5FF, 
0x963954C7, 0xFFC3E6FF, 0x971156C6, 0xFFD8E6FF, 0x977D5570, 0xFFCEE6FF, 0x976D5568, 0xFFCDE6FF, 
0x97715568, 0xFFCDE6FF, 0x977A5568, 0xFFCDE6FF, 0x97715568, 0xFFD7E6FF, 0x9771556B, 0xFFD9E6FF, 
0x977B5572, 0xFFD9E6FF, 0x977A556B, 0xFFD7E6FF, 0x976D5566, 0xFFCDE6FF, 0x9772557B, 0xFFFAE6FF, 
0x99BB5BCA, 0xFF96E4FF, 0xB61E8E3C, 0xFFAAE6FF, 0xE5D5DFCE, 0xFF0BEDFF, 0xF0B3F04E, 0xFFD4EFFF, 
0xF104F105, 0xFF06F1FF, 0xF0F0F0F0, 0xE1F0F0DC, 0xF0F0F0F0, 0x1EF0F023, 0xF0F0F0F0, 0x00F0F000, 
0x00000000, 0x00000000, 0x00000000, 0x00000000, 0x00000000, 0x00000000, 0x00000000, 0x00000000, 
0x00000000, 0x00000000, 0x00000000, 0x00000000, 0x00000000, 0x00000000, 0x00000000, 0x00000000, 
0x00000000, 0x00000000, 0x00000000, 0x00000000, 0x00000000, 0x00000000, 0x00000000, 0x00000000, 
0xF0F0F0F0, 0x00F0F000, 0xF0F0F0F0, 0x1DF0F0E8, 0xF0F0F0F0, 0xE1F0F0DC, 0xF147F2BE, 0xFF18F1FF, 
0xE282DACC, 0xFFCBECFF, 0x95715500, 0xFF7BE1FF, 0x8AB5403B, 0xFF9BE2FF, 0x8B43425A, 0xFF4CE3FF, 
0x8CC94280, 0xFF2BE5FF, 0x8CB5426A, 0xFF12E5FF, 0x8CAD4264, 0xFF11E5FF, 0x8CBE4261, 0xFF01E5FF, 
0x8CB54264, 0xFFFDE4FF, 0x8CAC4261, 0xFFFDE4FF, 0x8CB14266, 0xFFFDE4FF, 0x8C724235, 0xFFF8E4FF, 
0x8BCA4040, 0xFFDCE4FF, 0x8E494510, 0xFF3FE5FF, 0x923D4C72, 0xFFD1E5FF, 0x92EB4CE7, 0xFFDEE5FF, 
0x92E54CE0, 0xFFDDE5FF, 0x92F54CE0, 0xFFDEE5FF, 0x92E54CE0, 0xFFEEE5FF, 0x92E54CE5, 0xFFF3E5FF, 
0x92F64CF0, 0xFFF3E5FF, 0x92F64CE5, 0xFFEEE5FF, 0x92E54CE0, 0xFFDEE5FF, 0x92F84CF7, 0xFFF8E5FF, 
0x901E4BF6, 0xFFE6E3FF, 0x8C50447C, 0xFFF4E2FF, 0xB4FC8CC5, 0xFFBDE4FF, 0xED82EC17, 0xFFC1EDFF, 
0xF12CF11A, 0xFF05F1FF, 0xF0F0F0F0, 0xE1F0F0DC, 0xF0F0F0F0, 0x1EF0F023, 0xF0F0F0F0, 0x00F0F000, 
0x00000000, 0x00000000, 0x00000000, 0x00000000, 0x00000000, 0x00000000, 0x00000000, 0x00000000, 
0x00000000, 0x00000000, 0x00000000, 0x00000000, 0x00000000, 0x00000000, 0x00000000, 0x00000000, 
0x00000000, 0x00000000, 0x00000000, 0x00000000, 0x00000000, 0x00000000, 0x00000000, 0x00000000, 
0xF0F0F0F0, 0x00F0F000, 0xF0F0F0F0, 0x1DF0F0E8, 0xF0FBF0FB, 0xE1FBF0DC, 0xF1ABF122, 0xFF7EF0FF, 
0xE1D9D80A, 0xFFEAEAFF, 0x96445699, 0xFF19E4FF, 0x8C6A4117, 0xFFE9E5FF, 0x8C054200, 0xFF02E5FF, 
0x8D914233, 0xFF09E7FF, 0x8D8A4224, 0xFFEFE6FF, 0x8D8B4224, 0xFFEFE6FF, 0x8D8A4224, 0xFFF0E6FF, 
0x8D8A4224, 0xFFF0E6FF, 0x8D8C4225, 0xFFF0E6FF, 0x8D6E4211, 0xFFEDE6FF, 0x8CEC41C3, 0xFFE3E6FF, 
0x9A6A574D, 0xFFAFE8FF, 0xB833875B, 0xFF9BECFF, 0xC3609817, 0xFF08EEFF, 0xC34799AF, 0xFF17EEFF, 
0xC33599A4, 0xFF16EEFF, 0xC33499A4, 0xFF16EEFF, 0xC33599A4, 0xFF15EEFF, 0xC33599A4, 0xFF15EEFF, 
0xC33499A3, 0xFF15EEFF, 0xC33499A4, 0xFF15EEFF, 0xC33599A4, 0xFF16EEFF, 0xC35899C5, 0xFF33EEFF, 
0xC1109781, 0xFF02ECFF, 0xB67C845D, 0xFF6EEBFF, 0xA6247087, 0xFF06E6FF, 0xE3FDDC72, 0xFF40EBFF, 
0xF054F1EE, 0xFF73F0FF, 0xF0FBF0FB, 0xE1FBF0DC, 0xF0F0F0F0, 0x1EF0F023, 0xF0F0F0F0, 0x00F0F000, 
0x00000000, 0x00000000, 0x00000000, 0x00000000, 0x00000000, 0x00000000, 0x00000000, 0x00000000, 
0x00000000, 0x00000000, 0x00000000, 0x00000000, 0x00000000, 0x00000000, 0x00000000, 0x00000000, 
0x00000000, 0x00000000, 0x00000000, 0x00000000, 0x00000000, 0x00000000, 0x00000000, 0x00000000, 
0xF0F0F0F0, 0x00F0F000, 0xF0F0F0F0, 0x1DF0F0E8, 0xF107F107, 0xE107F1DC, 0xF011F186, 0xFFDFEFFF, 
0xE0BCD71E, 0xFF2BEAFF, 0x97005639, 0xFFAFE5FF, 0x8E69458C, 0xFF25E6FF, 0x93654D14, 0xFFD5E5FF, 
0x94CD4EDA, 0xFFF3E7FF, 0x94BA4EC3, 0xFFD8E7FF, 0x94BA4EC3, 0xFFD8E7FF, 0x94BA4EC3, 0xFFD8E7FF, 
0x94BA4EC3, 0xFFD8E7FF, 0x94A54EB5, 0xFFD6E7FF, 0x95974F59, 0xFFF4E7FF, 0xA38F6535, 0xFFC1E9FF, 
0xC1CA9583, 0xFFBFEDFF, 0xCB3CA6CB, 0xFF0FEFFF, 0xCB79A550, 0xFFFFEEFF, 0xCB63A542, 0xFFFEEEFF, 
0xCB64A543, 0xFFFEEEFF, 0xCB64A543, 0xFFFEEEFF, 0xCB64A543, 0xFFFEEEFF, 0xCB64A543, 0xFFFEEEFF, 
0xCB64A543, 0xFFFEEEFF, 0xCB64A543, 0xFFFEEEFF, 0xCB64A543, 0xFFFEEEFF, 0xCB76A558, 0xFF19EFFF, 
0xC912A4AA, 0xFF04EDFF, 0xCAD2A495, 0xFF03EEFF, 0xC2269A2E, 0xFF5CEBFF, 0xE24CDB63, 0xFF7DEAFF, 
0xF0D1F05D, 0xFFD9EFFF, 0xF107F107, 0xE107F1DC, 0xF0F0F0F0, 0x1EF0F023, 0xF0F0F0F0, 0x00F0F000, 
0x00000000, 0x00000000, 0x00000000, 0x00000000, 0x00000000, 0x00000000, 0x00000000, 0x00000000, 
0x00000000, 0x00000000, 0x00000000, 0x00000000, 0x00000000, 0x00000000, 0x00000000, 0x00000000, 
0x00000000, 0x00000000, 0x00000000, 0x00000000, 0x00000000, 0x00000000, 0x00000000, 0x00000000, 
0xF0F0F0F0, 0x00F0F000, 0xF0F0F0F0, 0x1DF0F0E8, 0xF119F119, 0xE119F1DC, 0xEF1BF08F, 0xFFE7EEFF, 
0xDF48D7F3, 0xFF6CEAFF, 0xA3DF69FC, 0xFFEDE7FF, 0xB62D859F, 0xFF6AEBFF, 0xC1199767, 0xFFFDEBFF, 
0xC34F99B5, 0xFF18EEFF, 0xC32D9994, 0xFFFCEDFF, 0xC32D9994, 0xFFFCEDFF, 0xC32D9994, 0xFFFCEDFF, 
0xC32D9994, 0xFFFCEDFF, 0xC321998D, 0xFFFBEDFF, 0xC4EE9914, 0xFF11EEFF, 0xC9C2A100, 0xFFB5EEFF, 
0xCB70A54A, 0xFFFFEEFF, 0xCAA3A4C9, 0xFFEEEEFF, 0xCAA4A4CA, 0xFFEEEEFF, 0xCAA4A4CA, 0xFFEEEEFF, 
0xCAA4A4CA, 0xFFEEEEFF, 0xCAA4A4CA, 0xFFEEEEFF, 0xCAA4A4CA, 0xFFEEEEFF, 0xCAA4A4CA, 0xFFEEEEFF, 
0xCAA4A4CA, 0xFFEEEEFF, 0xCAA4A4CA, 0xFFEEEEFF, 0xCAA4A4CA, 0xFFEEEEFF, 0xCAB6A4E0, 0xFF08EFFF, 
0xC94CA332, 0xFFFFECFF, 0xC96CA3B3, 0xFFE4EDFF, 0xCD99AB4B, 0xFF65EDFF, 0xE64EE2E1, 0xFF59EBFF, 
0xEF78EF2C, 0xFFE1EEFF, 0xF118F118, 0xE118F1DC, 0xF0F0F0F0, 0x1EF0F023, 0xF0F0F0F0, 0x00F0F000, 
0x00000000, 0x00000000, 0x00000000, 0x00000000, 0x00000000, 0x00000000, 0x00000000, 0x00000000, 
0x00000000, 0x00000000, 0x00000000, 0x00000000, 0x00000000, 0x00000000, 0x00000000, 0x00000000, 
0x00000000, 0x00000000, 0x00000000, 0x00000000, 0x00000000, 0x00000000, 0x00000000, 0x00000000, 
0xF0F0F0F0, 0x00F0F000, 0xF0F0F0F0, 0x1DF0F0E8, 0xF11AF11A, 0xE11AF1DC, 0xEED5EE62, 0xFFDFEDFF, 
0xE3DADCE4, 0xFFFAEBFF, 0xC20F9BEF, 0xFF0BECFF, 0xCAD2A488, 0xFF03EEFF, 0xC920A4A2, 0xFF16EDFF, 
0xCB75A559, 0xFF18EFFF, 0xCB64A543, 0xFFFEEEFF, 0xCB64A543, 0xFFFEEEFF, 0xCB64A543, 0xFFFEEEFF, 
0xCB64A543, 0xFFFEEEFF, 0xCB65A543, 0xFFFEEEFF, 0xCB57A53A, 0xFFFCEEFF, 0xCADCA4ED, 0xFFF2EEFF, 
0xCAA2A4C9, 0xFFEEEEFF, 0xCAA4A4CA, 0xFFEEEEFF, 0xCAA4A4CA, 0xFFEEEEFF, 0xCAA4A4CA, 0xFFEEEEFF, 
0xCAA4A4CA, 0xFFEEEEFF, 0xCAA4A4CA, 0xFFEEEEFF, 0xCAA4A4CA, 0xFFEEEEFF, 0xCAA4A4CA, 0xFFEEEEFF, 
0xCAA4A4CA, 0xFFEEEEFF, 0xCAA4A4CA, 0xFFEEEEFF, 0xCAA4A4CA, 0xFFEEEEFF, 0xCAB6A4E0, 0xFF09EFFF, 
0xC948A320, 0xFFF6ECFF, 0xC953A39B, 0xFFDDEDFF, 0xCD8BACD9, 0xFF75EDFF, 0xE812E459, 0xFF6FECFF, 
0xEE47EE00, 0xFFBCEDFF, 0xF11BF11B, 0xE11BF1DC, 0xF0F0F0F0, 0x1EF0F023, 0xF0F0F0F0, 0x00F0F000, 
0x00000000, 0x00000000, 0x00000000, 0x00000000, 0x00000000, 0x00000000, 0x00000000, 0x00000000, 
0x00000000, 0x00000000, 0x00000000, 0x00000000, 0x00000000, 0x00000000, 0x00000000, 0x00000000, 
0x00000000, 0x00000000, 0x00000000, 0x00000000, 0x00000000, 0x00000000, 0x00000000, 0x00000000, 
0xF0F0F0F0, 0x00F0F000, 0xF0F9F0F9, 0x1DF9F0E8, 0xF0DEF0DE, 0xE1DEF0DC, 0xEDFDEDB1, 0xFF67EDFF, 
0xE853E4D7, 0xFF4DEDFF, 0xCDA9AB43, 0xFF59EDFF, 0xC969A3A5, 0xFFE3EDFF, 0xC949A319, 0xFFFDECFF, 
0xCAB6A4E1, 0xFF08EFFF, 0xCAA4A4CA, 0xFFEEEEFF, 0xCAA4A4CA, 0xFFEEEEFF, 0xCAA4A4CA, 0xFFEEEEFF, 
0xCAA4A4CA, 0xFFEEEEFF, 0xCAA4A4CA, 0xFFEEEEFF, 0xCAA4A4CA, 0xFFEEEEFF, 0xCAA4A4CA, 0xFFEEEEFF, 
0xCAA4A4CA, 0xFFEEEEFF, 0xCAA4A4CA, 0xFFEEEEFF, 0xCAA4A4CA, 0xFFEEEEFF, 0xCAA4A4CA, 0xFFEEEEFF, 
0xCAA4A4CA, 0xFFEEEEFF, 0xCAA4A4CA, 0xFFEEEEFF, 0xCAA4A4CA, 0xFFEEEEFF, 0xCAA4A4CA, 0xFFEEEEFF, 
0xCAA4A4CA, 0xFFEEEEFF, 0xCAA4A4CA, 0xFFEEEEFF, 0xCAA4A4CA, 0xFFEEEEFF, 0xCAB6A4E1, 0xFF08EFFF, 
0xC946A316, 0xFFF9ECFF, 0xC952A395, 0xFFDFEDFF, 0xCD75ACCA, 0xFF6EEDFF, 0xE9CAE416, 0xFF30EDFF, 
0xEDCEED87, 0xFF43EDFF, 0xF0E0F0E0, 0xE1E0F0DC, 0xF0F8F0F8, 0x1EF8F023, 0xF0F0F0F0, 0x00F0F000, 
0x00000000, 0x00000000, 0x00000000, 0x00000000, 0x00000000, 0x00000000, 0x00000000, 0x00000000, 
0x00000000, 0x00000000, 0x00000000, 0x00000000, 0x00000000, 0x00000000, 0x00000000, 0x00000000, 
0x00000000, 0x00000000, 0x00000000, 0x00000000, 0x00000000, 0x00000000, 0x00000000, 0x00000000, 
0xF0F0F0F0, 0x00F0F000, 0xF127F127, 0x1D27F1E8, 0xF069F069, 0xE169F0DC, 0xED01EEB9, 0xFF76EDFF, 
0xE942E591, 0xFFA0EDFF, 0xCD7BACD8, 0xFF67EDFF, 0xC950A393, 0xFFDDEDFF, 0xC943A313, 0xFFF7ECFF, 
0xCAB7A4E1, 0xFF09EFFF, 0xCAA4A4CA, 0xFFEEEEFF, 0xCAA4A4CA, 0xFFEEEEFF, 0xCAA4A4CA, 0xFFEEEEFF, 
0xCAA4A4CA, 0xFFEEEEFF, 0xCAA4A4CA, 0xFFEEEEFF, 0xCAA4A4CA, 0xFFEEEEFF, 0xCAA4A4CA, 0xFFEEEEFF, 
0xCAA4A4CA, 0xFFEEEEFF, 0xCAA4A4CA, 0xFFEEEEFF, 0xCAA4A4CA, 0xFFEEEEFF, 0xCAA4A4CA, 0xFFEEEEFF, 
0xCAA4A4CA, 0xFFEEEEFF, 0xCAA4A4CA, 0xFFEEEEFF, 0xCAA4A4CA, 0xFFEEEEFF, 0xCAA4A4CA, 0xFFEEEEFF, 
0xCAA4A4CA, 0xFFEEEEFF, 0xCAA4A4CA, 0xFFEEEEFF, 0xCAA4A4CA, 0xFFEEEEFF, 0xCAB6A4E1, 0xFF08EFFF, 
0xC946A316, 0xFFFAECFF, 0xC952A396, 0xFFDFEDFF, 0xCD71ACC7, 0xFF67EDFF, 0xE91FE56A, 0xFF83EDFF, 
0xEDF3EDAC, 0xFF68EDFF, 0xF06BF06B, 0xE16BF0DC, 0xF127F127, 0x1E27F123, 0xF0F0F0F0, 0x00F0F000, 
0x00000000, 0x00000000, 0x00000000, 0x00000000, 0x00000000, 0x00000000, 0x00000000, 0x00000000, 
0x00000000, 0x00000000, 0x00000000, 0x00000000, 0x00000000, 0x00000000, 0x00000000, 0x00000000, 
0x00000000, 0x00000000, 0x00000000, 0x00000000, 0x00000000, 0x00000000, 0x00000000, 0x00000000, 
0xF0F0F0F0, 0x00F0F000, 0xF16DF16D, 0x1D6DF1E8, 0xEFF9EFF9, 0xE1F9EFDC, 0xED3FEEF6, 0xFFB3EDFF, 
0xE93CE595, 0xFFA3EDFF, 0xCD71ACDD, 0xFF6CEDFF, 0xC958A39C, 0xFFE6EDFF, 0xC94FA323, 0xFF06EDFF, 
0xCAB6A4E0, 0xFF08EFFF, 0xCAA4A4CA, 0xFFEEEEFF, 0xCAA4A4CA, 0xFFEEEEFF, 0xCAA4A4CA, 0xFFEEEEFF, 
0xCAA4A4CA, 0xFFEEEEFF, 0xCAA4A4CA, 0xFFEEEEFF, 0xCAA4A4CA, 0xFFEEEEFF, 0xCAA4A4CA, 0xFFEEEEFF, 
0xCAA4A4CA, 0xFFEEEEFF, 0xCAA4A4CA, 0xFFEEEEFF, 0xCAA4A4CA, 0xFFEEEEFF, 0xCAA4A4CA, 0xFFEEEEFF, 
0xCAA4A4CA, 0xFFEEEEFF, 0xCAA4A4CA, 0xFFEEEEFF, 0xCAA4A4CA, 0xFFEEEEFF, 0xCAA4A4CA, 0xFFEEEEFF, 
0xCAA4A4CA, 0xFFEEEEFF, 0xCAA4A4CA, 0xFFEEEEFF, 0xCAA4A4CA, 0xFFEEEEFF, 0xCAB6A4E1, 0xFF08EFFF, 
0xC94DA31D, 0xFF04EDFF, 0xC957A39A, 0xFFE5EDFF, 0xCD68ACBE, 0xFF62EDFF, 0xE92EE579, 0xFF94EDFF, 
0xED3CEEF5, 0xFFB1EDFF, 0xF002F002, 0xE102F0DC, 0xF169F169, 0x1E69F123, 0xF0F0F0F0, 0x00F0F000, 
0x00000000, 0x00000000, 0x00000000, 0x00000000, 0x00000000, 0x00000000, 0x00000000, 0x00000000, 
0x00000000, 0x00000000, 0x00000000, 0x00000000, 0x00000000, 0x00000000, 0x00000000, 0x00000000, 
0x00000000, 0x00000000, 0x00000000, 0x00000000, 0x00000000, 0x00000000, 0x00000000, 0x00000000, 
0xF0F0F0F0, 0x00F0F000, 0xF193F193, 0x1D93F1E8, 0xEFBFEFBF, 0xE1BFEFDC, 0xEE63EE1B, 0xFFD8EDFF, 
0xE93FE58F, 0xFF9EEDFF, 0xCD75ACD1, 0xFF61EDFF, 0xC958A3A7, 0xFFE6EDFF, 0xC94FA334, 0xFF06EDFF, 
0xCAB6A4DF, 0xFF08EFFF, 0xCAA4A4CA, 0xFFEEEEFF, 0xCAA4A4CA, 0xFFEEEEFF, 0xCAA4A4CA, 0xFFEEEEFF, 
0xCAA4A4CA, 0xFFEEEEFF, 0xCAA4A4CA, 0xFFEEEEFF, 0xCAA4A4CA, 0xFFEEEEFF, 0xCAA4A4CA, 0xFFEEEEFF, 
0xCAA4A4CA, 0xFFEEEEFF, 0xCAA4A4CA, 0xFFEEEEFF, 0xCAA4A4CA, 0xFFEEEEFF, 0xCAA4A4CA, 0xFFEEEEFF, 
0xCAA4A4CA, 0xFFEEEEFF, 0xCAA4A4CA, 0xFFEEEEFF, 0xCAA4A4CA, 0xFFEEEEFF, 0xCAA4A4CA, 0xFFEEEEFF, 
0xCAA4A4CA, 0xFFEEEEFF, 0xCAA4A4CA, 0xFFEEEEFF, 0xCAA4A4CA, 0xFFEEEEFF, 0xCAB6A4E1, 0xFF08EFFF, 
0xC94CA31C, 0xFF00EDFF, 0xC956A399, 0xFFE3EDFF, 0xCD6EACC3, 0xFF68EDFF, 0xE946E591, 0xFFADEDFF, 
0xEE63EE1B, 0xFFD7EDFF, 0xEFBCEFBC, 0xE1BCEFDC, 0xF195F195, 0x1E95F123, 0xF0F0F0F0, 0x00F0F000, 
0x00000000, 0x00000000, 0x00000000, 0x00000000, 0x00000000, 0x00000000, 0x00000000, 0x00000000, 
0x00000000, 0x00000000, 0x00000000, 0x00000000, 0x00000000, 0x00000000, 0x00000000, 0x00000000, 
0x00000000, 0x00000000, 0x00000000, 0x00000000, 0x00000000, 0x00000000, 0x00000000, 0x00000000, 
0xF0F0F0F0, 0x00F0F000, 0xF192F192, 0x1D92F1E8, 0xEFC1EFC1, 0xE1C1EFDC, 0xEE64EE1D, 0xFFD9EDFF, 
0xE93DE58D, 0xFF9CEDFF, 0xCD71ACCE, 0xFF5EEDFF, 0xC951A3A1, 0xFFDEEDFF, 0xC944A329, 0xFFF7ECFF, 
0xCAB7A4E0, 0xFF09EFFF, 0xCAA4A4CA, 0xFFEEEEFF, 0xCAA4A4CA, 0xFFEEEEFF, 0xCAA4A4CA, 0xFFEEEEFF, 
0xCAA4A4CA, 0xFFEEEEFF, 0xCAA4A4CA, 0xFFEEEEFF, 0xCAA4A4CA, 0xFFEEEEFF, 0xCAA4A4CA, 0xFFEEEEFF, 
0xCAA4A4CA, 0xFFEEEEFF, 0xCAA4A4CA, 0xFFEEEEFF, 0xCAA4A4CA, 0xFFEEEEFF, 0xCAA4A4CA, 0xFFEEEEFF, 
0xCAA4A4CA, 0xFFEEEEFF, 0xCAA4A4CA, 0xFFEEEEFF, 0xCAA4A4CA, 0xFFEEEEFF, 0xCAA4A4CA, 0xFFEEEEFF, 
0xCAA4A4CA, 0xFFEEEEFF, 0xCAA4A4CA, 0xFFEEEEFF, 0xCAA4A4CA, 0xFFEEEEFF, 0xCAB7A4E1, 0xFF09EFFF, 
0xC942A312, 0xFFF5ECFF, 0xC950A392, 0xFFDCEDFF, 0xCD75ACD7, 0xFF74EDFF, 0xE95CE5AF, 0xFFC6EDFF, 
0xEE5FEE17, 0xFFD3EDFF, 0xEFAFEFAF, 0xE1AFEFDC, 0xF19BF19B, 0x1E9BF123, 0xF0F0F0F0, 0x00F0F000, 
0x00000000, 0x00000000, 0x00000000, 0x00000000, 0x00000000, 0x00000000, 0x00000000, 0x00000000, 
0x00000000, 0x00000000, 0x00000000, 0x00000000, 0x00000000, 0x00000000, 0x00000000, 0x00000000, 
0x00000000, 0x00000000, 0x00000000, 0x00000000, 0x00000000, 0x00000000, 0x00000000, 0x00000000, 
0xF0F0F0F0, 0x00F0F000, 0xF16CF16C, 0x1D6CF1E8, 0xEFFAEFFA, 0xE1FAEFDC, 0xED39EEF1, 0xFFAEEDFF, 
0xE935E58D, 0xFF9CEDFF, 0xCD5DACC8, 0xFF58EDFF, 0xC949A397, 0xFFD5EDFF, 0xC935A319, 0xFFE7ECFF, 
0xCAB7A4E1, 0xFF09EFFF, 0xCAA4A4CA, 0xFFEEEEFF, 0xCAA4A4CA, 0xFFEEEEFF, 0xCAA4A4CA, 0xFFEEEEFF, 
0xCAA4A4CA, 0xFFEEEEFF, 0xCAA4A4CA, 0xFFEEEEFF, 0xCAA4A4CA, 0xFFEEEEFF, 0xCAA4A4CA, 0xFFEEEEFF, 
0xCAA4A4CA, 0xFFEEEEFF, 0xCAA4A4CA, 0xFFEEEEFF, 0xCAA4A4CA, 0xFFEEEEFF, 0xCAA4A4CA, 0xFFEEEEFF, 
0xCAA4A4CA, 0xFFEEEEFF, 0xCAA4A4CA, 0xFFEEEEFF, 0xCAA4A4CA, 0xFFEEEEFF, 0xCAA4A4CA, 0xFFEEEEFF, 
0xCAA4A4CA, 0xFFEEEEFF, 0xCAA4A4CA, 0xFFEEEEFF, 0xCAA4A4CA, 0xFFEEEEFF, 0xCAB6A4E1, 0xFF08EFFF, 
0xC94DA31E, 0xFF02EDFF, 0xC956A399, 0xFFE3EDFF, 0xCD6FACDA, 0xFF69EDFF, 0xE944E59C, 0xFFABEDFF, 
0xED41EEF9, 0xFFB6EDFF, 0xEFFEEFFE, 0xE1FEEFDC, 0xF16AF16A, 0x1E6AF123, 0xF0F0F0F0, 0x00F0F000, 
0x00000000, 0x00000000, 0x00000000, 0x00000000, 0x00000000, 0x00000000, 0x00000000, 0x00000000, 
0x00000000, 0x00000000, 0x00000000, 0x00000000, 0x00000000, 0x00000000, 0x00000000, 0x00000000, 
0x00000000, 0x00000000, 0x00000000, 0x00000000, 0x00000000, 0x00000000, 0x00000000, 0x00000000, 
0xF0F0F0F0, 0x00F0F000, 0xF127F127, 0x1D27F1E8, 0xF069F069, 0xE169F0DC, 0xEDF1EDA9, 0xFF66EDFF, 
0xE91EE576, 0xFF85EDFF, 0xCD64ACCF, 0xFF5FEDFF, 0xC94FA393, 0xFFD1EDFF, 0xC93FA313, 0xFFE1ECFF, 
0xCAB7A4E1, 0xFF0AEFFF, 0xCAA4A4CA, 0xFFEEEEFF, 0xCAA4A4CA, 0xFFEEEEFF, 0xCAA4A4CA, 0xFFEEEEFF, 
0xCAA4A4CA, 0xFFEEEEFF, 0xCAA4A4CA, 0xFFEEEEFF, 0xCAA4A4CA, 0xFFEEEEFF, 0xCAA4A4CA, 0xFFEEEEFF, 
0xCAA4A4CA, 0xFFEEEEFF, 0xCAA4A4CA, 0xFFEEEEFF, 0xCAA4A4CA, 0xFFEEEEFF, 0xCAA4A4CA, 0xFFEEEEFF, 
0xCAA4A4CA, 0xFFEEEEFF, 0xCAA4A4CA, 0xFFEEEEFF, 0xCAA4A4CA, 0xFFEEEEFF, 0xCAA4A4CA, 0xFFEEEEFF, 
0xCAA4A4CA, 0xFFEEEEFF, 0xCAA4A4CA, 0xFFEEEEFF, 0xCAA4A4CA, 0xFFEEEEFF, 0xCAB6A4DF, 0xFF08EFFF, 
0xC951A332, 0xFF08EDFF, 0xC95AA3A6, 0xFFE8EDFF, 0xCD5EACC8, 0xFF58EDFF, 0xE92CE584, 0xFF93EDFF, 
0xED0EEEC5, 0xFF82EDFF, 0xF073F073, 0xE173F0DC, 0xF122F122, 0x1E22F123, 0xF0F0F0F0, 0x00F0F000, 
0x00000000, 0x00000000, 0x00000000, 0x00000000, 0x00000000, 0x00000000, 0x00000000, 0x00000000, 
0x00000000, 0x00000000, 0x00000000, 0x00000000, 0x00000000, 0x00000000, 0x00000000, 0x00000000, 
0x00000000, 0x00000000, 0x00000000, 0x00000000, 0x00000000, 0x00000000, 0x00000000, 0x00000000, 
0xF0F0F0F0, 0x00F0F000, 0xF0FAF0FA, 0x1DFAF0E8, 0xF0DBF0DB, 0xE1DBF0DC, 0xEDDAED92, 0xFF4EEDFF, 
0xE9D5E42B, 0xFF3AEDFF, 0xCD71ACD8, 0xFF69EDFF, 0xC958A39D, 0xFFDAEDFF, 0xC950A323, 0xFFF1ECFF, 
0xCAB6A4E0, 0xFF09EFFF, 0xCAA4A4CA, 0xFFEEEEFF, 0xCAA4A4CA, 0xFFEEEEFF, 0xCAA4A4CA, 0xFFEEEEFF, 
0xCAA4A4CA, 0xFFEEEEFF, 0xCAA4A4CA, 0xFFEEEEFF, 0xCAA4A4CA, 0xFFEEEEFF, 0xCAA4A4CA, 0xFFEEEEFF, 
0xCAA4A4CA, 0xFFEEEEFF, 0xCAA4A4CA, 0xFFEEEEFF, 0xCAA4A4CA, 0xFFEEEEFF, 0xCAA4A4CA, 0xFFEEEEFF, 
0xCAA4A4CA, 0xFFEEEEFF, 0xCAA4A4CA, 0xFFEEEEFF, 0xCAA4A4CA, 0xFFEEEEFF, 0xCAA4A4CA, 0xFFEEEEFF, 
0xCAA4A4CA, 0xFFEEEEFF, 0xCAA4A4CA, 0xFFEEEEFF, 0xCAA4A4CA, 0xFFEEEEFF, 0xCAB6A4E0, 0xFF08EFFF, 
0xC948A32E, 0xFFFBECFF, 0xC955A3A4, 0xFFE1EDFF, 0xCD5CACBE, 0xFF4FEDFF, 0xE9DFE432, 0xFF41EDFF, 
0xEDE2ED9A, 0xFF57EDFF, 0xF0DDF0DD, 0xE1DDF0DC, 0xF0F9F0F9, 0x1EF9F023, 0xF0F0F0F0, 0x00F0F000, 
0x00000000, 0x00000000, 0x00000000, 0x00000000, 0x00000000, 0x00000000, 0x00000000, 0x00000000, 
0x00000000, 0x00000000, 0x00000000, 0x00000000, 0x00000000, 0x00000000, 0x00000000, 0x00000000, 
0x00000000, 0x00000000, 0x00000000, 0x00000000, 0x00000000, 0x00000000, 0x00000000, 0x00000000, 
0xF0F0F0F0, 0x00F0F000, 0xF0F0F0F0, 0x1DF0F0E8, 0xF11AF11A, 0xE11AF1DC, 0xEE48EE00, 0xFFBCEDFF, 
0xE81AE466, 0xFF7FECFF, 0xCD7DACD3, 0xFF75EDFF, 0xC958A3A7, 0xFFE4EDFF, 0xC94FA334, 0xFF02EDFF, 
0xCAB6A4DF, 0xFF08EFFF, 0xCAA4A4CA, 0xFFEEEEFF, 0xCAA4A4CA, 0xFFEEEEFF, 0xCAA4A4CA, 0xFFEEEEFF, 
0xCAA4A4CA, 0xFFEEEEFF, 0xCAA4A4CA, 0xFFEEEEFF, 0xCAA4A4CA, 0xFFEEEEFF, 0xCAA4A4CA, 0xFFEEEEFF, 
0xCAA4A4CA, 0xFFEEEEFF, 0xCAA4A4CA, 0xFFEEEEFF, 0xCAA4A4CA, 0xFFEEEEFF, 0xCAA4A4CA, 0xFFEEEEFF, 
0xCAA4A4CA, 0xFFEEEEFF, 0xCAA4A4CA, 0xFFEEEEFF, 0xCAA4A4CA, 0xFFEEEEFF, 0xCAA4A4CA, 0xFFEEEEFF, 
0xCAA4A4CA, 0xFFEEEEFF, 0xCAA4A4CA, 0xFFEEEEFF, 0xCAA4A4CA, 0xFFEEEEFF, 0xCAB7A4E1, 0xFF09EFFF, 
0xC937A31D, 0xFFEBECFF, 0xC94AA39A, 0xFFD7EDFF, 0xCD7FACD3, 0xFF63EDFF, 0xE828E473, 0xFF82ECFF, 
0xEE5BEE14, 0xFFD0EDFF, 0xF119F119, 0xE119F1DC, 0xF0F0F0F0, 0x1EF0F023, 0xF0F0F0F0, 0x00F0F000, 
0x00000000, 0x00000000, 0x00000000, 0x00000000, 0x00000000, 0x00000000, 0x00000000, 0x00000000, 
0x00000000, 0x00000000, 0x00000000, 0x00000000, 0x00000000, 0x00000000, 0x00000000, 0x00000000, 
0x00000000, 0x00000000, 0x00000000, 0x00000000, 0x00000000, 0x00000000, 0x00000000, 0x00000000, 
0xF0F0F0F0, 0x00F0F000, 0xF0F0F0F0, 0x1DF0F0E8, 0xF119F119, 0xE119F1DC, 0xEF5DEF15, 0xFFD1EEFF, 
0xE7EFE23A, 0xFF56EBFF, 0xCD86ACDB, 0xFF81EDFF, 0xC958A3A0, 0xFFE4EDFF, 0xC951A329, 0xFF04EDFF, 
0xCAB6A4E0, 0xFF08EFFF, 0xCAA4A4CA, 0xFFEEEEFF, 0xCAA4A4CA, 0xFFEEEEFF, 0xCAA4A4CA, 0xFFEEEEFF, 
0xCAA4A4CA, 0xFFEEEEFF, 0xCAA4A4CA, 0xFFEEEEFF, 0xCAA4A4CA, 0xFFEEEEFF, 0xCAA4A4CA, 0xFFEEEEFF, 
0xCAA4A4CA, 0xFFEEEEFF, 0xCAA4A4CA, 0xFFEEEEFF, 0xCAA4A4CA, 0xFFEEEEFF, 0xCAA4A4CA, 0xFFEEEEFF, 
0xCAA4A4CA, 0xFFEEEEFF, 0xCAA4A4CA, 0xFFEEEEFF, 0xCAA4A4CA, 0xFFEEEEFF, 0xCAA4A4CA, 0xFFEEEEFF, 
0xCAA4A4CA, 0xFFEEEEFF, 0xCAA4A4CA, 0xFFEEEEFF, 0xCAA4A4CA, 0xFFEEEEFF, 0xCAB7A4E1, 0xFF0AEFFF, 
0xC93AA312, 0xFFE0ECFF, 0xC94BA392, 0xFFD0EDFF, 0xCD81ACE5, 0xFF75EDFF, 0xE7FEE252, 0xFF61EBFF, 
0xEF6CEF24, 0xFFE1EEFF, 0xF118F118, 0xE118F1DC, 0xF0F0F0F0, 0x1EF0F023, 0xF0F0F0F0, 0x00F0F000, 
0x00000000, 0x00000000, 0x00000000, 0x00000000, 0x00000000, 0x00000000, 0x00000000, 0x00000000, 
0x00000000, 0x00000000, 0x00000000, 0x00000000, 0x00000000, 0x00000000, 0x00000000, 0x00000000, 
0x00000000, 0x00000000, 0x00000000, 0x00000000, 0x00000000, 0x00000000, 0x00000000, 0x00000000, 
0xF0F0F0F0, 0x00F0F000, 0xF0F0F0F0, 0x1DF0F0E8, 0xF108F108, 0xE108F1DC, 0xF04DF006, 0xFFC2EFFF, 
0xE698E2E0, 0xFFF6EAFF, 0xCDDBAB2C, 0xFFCAECFF, 0xC95EA3A1, 0xFFEBEDFF, 0xC94BA319, 0xFFFDECFF, 
0xCAB6A4E1, 0xFF08EFFF, 0xCAA4A4CA, 0xFFEEEEFF, 0xCAA4A4CA, 0xFFEEEEFF, 0xCAA4A4CA, 0xFFEEEEFF, 
0xCAA4A4CA, 0xFFEEEEFF, 0xCAA4A4CA, 0xFFEEEEFF, 0xCAA4A4CA, 0xFFEEEEFF, 0xCAA4A4CA, 0xFFEEEEFF, 
0xCAA4A4CA, 0xFFEEEEFF, 0xCAA4A4CA, 0xFFEEEEFF, 0xCAA4A4CA, 0xFFEEEEFF, 0xCAA4A4CA, 0xFFEEEEFF, 
0xCAA4A4CA, 0xFFEEEEFF, 0xCAA4A4CA, 0xFFEEEEFF, 0xCAA4A4CA, 0xFFEEEEFF, 0xCAA4A4CA, 0xFFEEEEFF, 
0xCAA4A4CA, 0xFFEEEEFF, 0xCAA4A4CA, 0xFFEEEEFF, 0xCAA4A4CA, 0xFFEEEEFF, 0xCAB6A4E1, 0xFF09EFFF, 
0xC94DA31E, 0xFFECECFF, 0xC960A3A3, 0xFFE1EDFF, 0xCDD8AB3B, 0xFFCBECFF, 0xE6A0E2F2, 0xFF00EBFF, 
0xF04FF008, 0xFFC4EFFF, 0xF108F108, 0xE108F1DC, 0xF0F0F0F0, 0x1EF0F023, 0xF0F0F0F0, 0x00F0F000, 
0x00000000, 0x00000000, 0x00000000, 0x00000000, 0x00000000, 0x00000000, 0x00000000, 0x00000000, 
0x00000000, 0x00000000, 0x00000000, 0x00000000, 0x00000000, 0x00000000, 0x00000000, 0x00000000, 
0x00000000, 0x00000000, 0x00000000, 0x00000000, 0x00000000, 0x00000000, 0x00000000, 0x00000000, 
0xF0F0F0F0, 0x00F0F000, 0xF0F0F0F0, 0x1DF0F0E8, 0xF107F107, 0xE107F1DC, 0xF079F034, 0xFFF1EFFF, 
0xE827E45A, 0xFF5BECFF, 0xCBD1AAE0, 0xFF33EBFF, 0xC956A398, 0xFFE1EDFF, 0xC948A314, 0xFFF7ECFF, 
0xCAB6A4E1, 0xFF09EFFF, 0xCAA4A4CA, 0xFFEEEEFF, 0xCAA4A4CA, 0xFFEEEEFF, 0xCAA4A4CA, 0xFFEEEEFF, 
0xCAA4A4CA, 0xFFEEEEFF, 0xCAA4A4CA, 0xFFEEEEFF, 0xCAA4A4CA, 0xFFEEEEFF, 0xCAA4A4CA, 0xFFEEEEFF, 
0xCAA4A4CA, 0xFFEEEEFF, 0xCAA4A4CA, 0xFFEEEEFF, 0xCAA4A4CA, 0xFFEEEEFF, 0xCAA4A4CA, 0xFFEEEEFF, 
0xCAA4A4CA, 0xFFEEEEFF, 0xCAA4A4CA, 0xFFEEEEFF, 0xCAA4A4CA, 0xFFEEEEFF, 0xCAA4A4CA, 0xFFEEEEFF, 
0xCAA4A4CA, 0xFFEEEEFF, 0xCAA4A4CA, 0xFFEEEEFF, 0xCAA4A4CA, 0xFFEEEEFF, 0xCAB6A4DF, 0xFF08EFFF, 
0xC951A333, 0xFF00EDFF, 0xC95DA3AA, 0xFFE6EDFF, 0xCBCFAACF, 0xFF2CEBFF, 0xE81CE44D, 0xFF54ECFF, 
0xF074F02F, 0xFFEBEFFF, 0xF107F107, 0xE107F1DC, 0xF0F0F0F0, 0x1EF0F023, 0xF0F0F0F0, 0x00F0F000, 
0x00000000, 0x00000000, 0x00000000, 0x00000000, 0x00000000, 0x00000000, 0x00000000, 0x00000000, 
0x00000000, 0x00000000, 0x00000000, 0x00000000, 0x00000000, 0x00000000, 0x00000000, 0x00000000, 
0x00000000, 0x00000000, 0x00000000, 0x00000000, 0x00000000, 0x00000000, 0x00000000, 0x00000000, 
0xF0F0F0F0, 0x00F0F000, 0xF0F0F0F0, 0x1DF0F0E8, 0xF107F107, 0xE107F1DC, 0xF06AF023, 0xFFDFEFFF, 
0xE92BE575, 0xFF8EEDFF, 0xCBD4AAD5, 0xFF18EBFF, 0xC86FA27B, 0xFF90ECFF, 0xC95FA337, 0xFF1EEDFF, 
0xCAB6A4E0, 0xFF07EFFF, 0xCAA4A4CA, 0xFFEEEEFF, 0xCAA4A4CA, 0xFFEEEEFF, 0xCAA4A4CA, 0xFFEEEEFF, 
0xCAA4A4CA, 0xFFEEEEFF, 0xCAA4A4CA, 0xFFEEEEFF, 0xCAA4A4CA, 0xFFEEEEFF, 0xCAA4A4CA, 0xFFEEEEFF, 
0xCAA4A4CA, 0xFFEEEEFF, 0xCAA4A4CA, 0xFFEEEEFF, 0xCAA4A4CA, 0xFFEEEEFF, 0xCAA4A4CA, 0xFFEEEEFF, 
0xCAA4A4CA, 0xFFEEEEFF, 0xCAA4A4CA, 0xFFEEEEFF, 0xCAA4A4CA, 0xFFEEEEFF, 0xCAA4A4CA, 0xFFEEEEFF, 
0xCAA4A4CA, 0xFFEEEEFF, 0xCAA4A4CA, 0xFFEEEEFF, 0xCAA4A4CA, 0xFFEEEEFF, 0xCAB6A4DF, 0xFF08EFFF, 
0xC95FA340, 0xFF1AEDFF, 0xC863A27D, 0xFF8CECFF, 0xCBD5AAD4, 0xFF1DEBFF, 0xE927E56D, 0xFF88EDFF, 
0xF06AF023, 0xFFDFEFFF, 0xF107F107, 0xE107F1DC, 0xF0F0F0F0, 0x1EF0F023, 0xF0F0F0F0, 0x00F0F000, 
0x00000000, 0x00000000, 0x00000000, 0x00000000, 0x00000000, 0x00000000, 0x00000000, 0x00000000, 
0x00000000, 0x00000000, 0x00000000, 0x00000000, 0x00000000, 0x00000000, 0x00000000, 0x00000000, 
0x00000000, 0x00000000, 0x00000000, 0x00000000, 0x00000000, 0x00000000, 0x00000000, 0x00000000, 
0xF0F0F0F0, 0x00F0F000, 0xF0F0F0F0, 0x1DF0F0E8, 0xF107F107, 0xE107F1DC, 0xF065F01E, 0xFFDAEFFF, 
0xE937E581, 0xFF99EDFF, 0xCD42AC7F, 0xFF0FEDFF, 0xC77FA147, 0xFF2DEBFF, 0xC8CBA276, 0xFF37ECFF, 
0xCAC1A4EF, 0xFF19EFFF, 0xCAA4A4CA, 0xFFEEEEFF, 0xCAA4A4CA, 0xFFEEEEFF, 0xCAA4A4CA, 0xFFEEEEFF, 
0xCAA4A4CA, 0xFFEEEEFF, 0xCAA4A4CA, 0xFFEEEEFF, 0xCAA4A4CA, 0xFFEEEEFF, 0xCAA4A4CA, 0xFFEEEEFF, 
0xCAA4A4CA, 0xFFEEEEFF, 0xCAA4A4CA, 0xFFEEEEFF, 0xCAA4A4CA, 0xFFEEEEFF, 0xCAA4A4CA, 0xFFEEEEFF, 
0xCAA4A4CA, 0xFFEEEEFF, 0xCAA4A4CA, 0xFFEEEEFF, 0xCAA4A4CA, 0xFFEEEEFF, 0xCAA4A4CA, 0xFFEEEEFF, 
0xCAA4A4CA, 0xFFEEEEFF, 0xCAA4A4CA, 0xFFEEEEFF, 0xCAA4A4CA, 0xFFEEEEFF, 0xCAC2A4EF, 0xFF1AEFFF, 
0xC8CAA27A, 0xFF39ECFF, 0xC773A159, 0xFF31EBFF, 0xCD34AC7A, 0xFF08EDFF, 0xE938E582, 0xFF9BEDFF, 
0xF069F022, 0xFFDEEFFF, 0xF107F107, 0xE107F1DC, 0xF0F0F0F0, 0x1EF0F023, 0xF0F0F0F0, 0x00F0F000, 
0x00000000, 0x00000000, 0x00000000, 0x00000000, 0x00000000, 0x00000000, 0x00000000, 0x00000000, 
0x00000000, 0x00000000, 0x00000000, 0x00000000, 0x00000000, 0x00000000, 0x00000000, 0x00000000, 
0x00000000, 0x00000000, 0x00000000, 0x00000000, 0x00000000, 0x00000000, 0x00000000, 0x00000000, 
0xF0F0F0F0, 0x00F0F000, 0xF0F0F0F0, 0x1DF0F0E8, 0xF106F106, 0xE106F1DC, 0xF07CF031, 0xFFE7EFFF, 
0xE9AAE42A, 0xFF9EEDFF, 0xCDAEAB52, 0xFF7DEDFF, 0xC9EFA218, 0xFF2EEDFF, 0xC66EA1DC, 0xFF3CEAFF, 
0xCA2DA437, 0xFF41EEFF, 0xCAB2A4DC, 0xFF02EFFF, 0xCAA4A4CB, 0xFFEFEEFF, 0xCAA4A4CA, 0xFFEEEEFF, 
0xCAA4A4CA, 0xFFEEEEFF, 0xCAA4A4CA, 0xFFEEEEFF, 0xCAA4A4CA, 0xFFEEEEFF, 0xCAA4A4CA, 0xFFEEEEFF, 
0xCAA4A4CA, 0xFFEEEEFF, 0xCAA4A4CA, 0xFFEEEEFF, 0xCAA4A4CA, 0xFFEEEEFF, 0xCAA4A4CA, 0xFFEEEEFF, 
0xCAA4A4CA, 0xFFEEEEFF, 0xCAA4A4CA, 0xFFEEEEFF, 0xCAA4A4CA, 0xFFEEEEFF, 0xCAA4A4CA, 0xFFEEEEFF, 
0xCAA4A4CA, 0xFFEEEEFF, 0xCAA4A4CA, 0xFFEFEEFF, 0xCAB2A4DB, 0xFF03EFFF, 0xCA28A436, 0xFF36EEFF, 
0xC662A1BD, 0xFF2CEAFF, 0xC9ECA20A, 0xFF28EDFF, 0xCD98AB5D, 0xFF78EDFF, 0xE99CE42A, 0xFF91EDFF, 
0xF07AF02E, 0xFFE4EFFF, 0xF106F106, 0xE106F1DC, 0xF0F0F0F0, 0x1EF0F023, 0xF0F0F0F0, 0x00F0F000, 
0x00000000, 0x00000000, 0x00000000, 0x00000000, 0x00000000, 0x00000000, 0x00000000, 0x00000000, 
0x00000000, 0x00000000, 0x00000000, 0x00000000, 0x00000000, 0x00000000, 0x00000000, 0x00000000, 
0x00000000, 0x00000000, 0x00000000, 0x00000000, 0x00000000, 0x00000000, 0x00000000, 0x00000000, 
0xF109F28E, 0x00FCF000, 0xF109F28E, 0x1DFCF0E8, 0xF115F29B, 0xE108F1DC, 0xF112F245, 0xFF57F0FF, 
0xE8C0E343, 0xFF44EDFF, 0xC937A63B, 0xFF99ECFF, 0xCADDA302, 0xFFE8EDFF, 0xC96FA308, 0xFF71ECFF, 
0xC977A310, 0xFF86ECFF, 0xCA5BA42B, 0xFFDAEDFF, 0xCB49A548, 0xFF28EFFF, 0xCB4BA54B, 0xFF2BEFFF, 
0xCB4AA549, 0xFF28EFFF, 0xCB4AA549, 0xFF28EFFF, 0xCB4AA549, 0xFF29EFFF, 0xCB4AA548, 0xFF29EFFF, 
0xCB4AA548, 0xFF29EFFF, 0xCB4AA548, 0xFF29EFFF, 0xCB4AA549, 0xFF29EFFF, 0xCB4AA548, 0xFF29EFFF, 
0xCB49A547, 0xFF28EFFF, 0xCB49A548, 0xFF27EFFF, 0xCB49A548, 0xFF28EFFF, 0xCB49A549, 0xFF28EFFF, 
0xCB4BA54B, 0xFF2BEFFF, 0xCB4CA549, 0xFF2AEFFF, 0xCA64A42A, 0xFFD6EDFF, 0xC97BA317, 0xFF87ECFF, 
0xC865A3F0, 0xFF68ECFF, 0xCAE2A300, 0xFFFBEDFF, 0xC981A7D7, 0xFF12ECFF, 0xE804E466, 0xFF21EDFF, 
0xF115F24A, 0xFF61F0FF, 0xF115F29A, 0xE107F1DC, 0xF109F28E, 0x1EFCF023, 0xF109F28E, 0x00FCF000, 
0x00000000, 0x00000000, 0x00000000, 0x00000000, 0x00000000, 0x00000000, 0x00000000, 0x00000000, 
0x00000000, 0x00000000, 0x00000000, 0x00000000, 0x00000000, 0x00000000, 0x00000000, 0x00000000, 
0x00000000, 0x00000000, 0x00000000, 0x00000000, 0x00000000, 0x00000000, 0x00000000, 0x00000000, 
0xE6FDDD43, 0x0023F000, 0xE6FDDD43, 0x1D23F0E8, 0xE6FEDD44, 0xE124F0DC, 0xE620DE56, 0xFF23F0FF, 
0xE314DA2B, 0xFF11EEFF, 0xC87DA828, 0xFFCAEBFF, 0xBFC99432, 0xFF56EBFF, 0xBF7796A7, 0xFFB4E8FF, 
0xC1E19724, 0xFF52EAFF, 0xBF8E966F, 0xFF5FE8FF, 0xBFDF96EB, 0xFFD4E8FF, 0xC1279866, 0xFFA2EAFF, 
0xC13C988B, 0xFFCEEAFF, 0xC1409888, 0xFFCAEAFF, 0xC130987B, 0xFFB9EAFF, 0xC12E9888, 0xFFB5EAFF, 
0xC123988C, 0xFFA6EAFF, 0xC124988C, 0xFFA6EAFF, 0xC12C987B, 0xFFA6EAFF, 0xC1249880, 0xFFA8EAFF, 
0xC1359899, 0xFFBDEAFF, 0xC1389893, 0xFFD0EAFF, 0xC145989D, 0xFFCEEAFF, 0xC147988D, 0xFFCEEAFF, 
0xC125986C, 0xFFA9EAFF, 0xBFEE96FC, 0xFFD4E8FF, 0xBF829674, 0xFF35E8FF, 0xC1CB9718, 0xFF33EAFF, 
0xBF769680, 0xFF70E8FF, 0xC08F984D, 0xFF83E8FF, 0xCA38AE53, 0xFF50E9FF, 0xE305DA15, 0xFFFBEDFF, 
0xE61EDE55, 0xFF23F0FF, 0xE6FEDD44, 0xE124F0DC, 0xE6FDDD43, 0x1E23F023, 0xE6FDDD43, 0x0023F000, 
0x00000000, 0x00000000, 0x00000000, 0x00000000, 0x00000000, 0x00000000, 0x00000000, 0x00000000, 
0x00000000, 0x00000000, 0x00000000, 0x00000000, 0x00000000, 0x00000000, 0x00000000, 0x00000000, 
0x00000000, 0x00000000, 0x00000000, 0x00000000, 0x00000000, 0x00000000, 0x00000000, 0x00000000, 
0xD271BA3D, 0x00A3EE00, 0xD271BA3D, 0x1DA3EEE8, 0xD271BA3C, 0xE1A2EEDC, 0xD272BA3D, 0xFFA4EEFF, 
0xD2C0BA66, 0xFFA1EEFF, 0xCF8BB6D8, 0xFF14EEFF, 0xCCDAAF11, 0xFF62EDFF, 0xCB30AF2A, 0xFF91EBFF, 
0xC9E6ADD3, 0xFF2BEAFF, 0xC9D1ADB2, 0xFF08EAFF, 0xC998AD6F, 0xFFACE9FF, 0xC920AD01, 0xFF59E9FF, 
0xC7E3ABCF, 0xFF2BE8FF, 0xC8DEACC4, 0xFF20E9FF, 0xC99BAD84, 0xFFDDE9FF, 0xC9E5ADD7, 0xFF26EAFF, 
0xC9F8ADF3, 0xFF38EAFF, 0xC903AEFD, 0xFF42EAFF, 0xC908AEF4, 0xFF42EAFF, 0xC9F2ADE5, 0xFF32EAFF, 
0xC9E7ADDE, 0xFF29EAFF, 0xC9A0AD93, 0xFFEBE9FF, 0xC8DEACCF, 0xFF21E9FF, 0xC7ECABD3, 0xFF2EE8FF, 
0xC925AD0A, 0xFF63E9FF, 0xC9A3AD7F, 0xFFB4E9FF, 0xC9E6ADDB, 0xFF1EEAFF, 0xC9EAADDE, 0xFF2BEAFF, 
0xCB55AF42, 0xFF87EBFF, 0xCC1AB150, 0xFF2AECFF, 0xD070B72A, 0xFFA3EDFF, 0xD2AFBA5E, 0xFFA5EEFF, 
0xD272BA3E, 0xFFA5EEFF, 0xD271BA3C, 0xE1A2EEDC, 0xD271BA3D, 0x1EA3EE23, 0xD271BA3D, 0x00A3EE00, 
0x00000000, 0x00000000, 0x00000000, 0x00000000, 0x00000000, 0x00000000, 0x00000000, 0x00000000, 
0x00000000, 0x00000000, 0x00000000, 0x00000000, 0x00000000, 0x00000000, 0x00000000, 0x00000000, 
0x00000000, 0x00000000, 0x00000000, 0x00000000, 0x00000000, 0x00000000, 0x00000000, 0x00000000, 
0xF1FFF189, 0x00FBF000, 0xF1FFF189, 0x1EFBF023, 0xF1FFF189, 0xE3FBF099, 0xF1FFF189, 0xFFFBF0FF, 
0xF1FDF188, 0xFFFCF0FF, 0xF145F2B3, 0xFF05F1FF, 0xF1AFF2F0, 0xFF12F1FF, 0xF1A5F2E9, 0xFF19F1FF, 
0xF1F5F13A, 0xFF6CF0FF, 0xF086F1CC, 0xFFFDEFFF, 0xF08DF1D3, 0xFF06F0FF, 0xF061F1A7, 0xFFD8EFFF, 
0xEF88F0CD, 0xFFFEEEFF, 0xEE74EFBA, 0xFFEBEDFF, 0xEEF1EE37, 0xFF68EDFF, 0xEE0DEF51, 0xFF83EDFF, 
0xEE56EF9B, 0xFFCDEDFF, 0xEE89EFCE, 0xFF00EEFF, 0xEE81EFC6, 0xFFF8EDFF, 0xEE5EEFA3, 0xFFD5EDFF, 
0xEE07EF4B, 0xFF7DEDFF, 0xEEF5EE3A, 0xFF6BEDFF, 0xEE73EFB7, 0xFFE9EDFF, 0xEF80F0C5, 0xFFF6EEFF, 
0xF062F1A7, 0xFFD9EFFF, 0xF093F1DA, 0xFF0DF0FF, 0xF094F1D8, 0xFF0BF0FF, 0xF108F24D, 0xFF7FF0FF, 
0xF1AAF2EF, 0xFF22F1FF, 0xF19CF2EC, 0xFF25F1FF, 0xF137F2AE, 0xFF0BF1FF, 0xF1FEF188, 0xFFFCF0FF, 
0xF1FFF189, 0xFFFBF0FF, 0xF1FFF189, 0xE3FBF099, 0xF1FFF189, 0x1EFBF05F, 0xF1FFF189, 0x00FBF000, 
0x00000000, 0x00000000, 0x00000000, 0x00000000, 0x00000000, 0x00000000, 0x00000000, 0x00000000, 
0x00000000, 0x00000000, 0x00000000, 0x00000000, 0x00000000, 0x00000000, 0x00000000, 0x00000000, 
0x00000000, 0x00000000, 0x00000000, 0x00000000, 0x00000000, 0x00000000, 0x00000000, 0x00000000, 
0xF0F0F0F0, 0x00F0F000, 0xF0F0F0F0, 0x1AF0F063, 0xF0F0F0F0, 0xC7F0F044, 0xF0F0F0F0, 0xE3F0F099, 
0xF0F0F0F0, 0xE1F0F0DC, 0xF0F0F0F0, 0xE1F0F0DC, 0xF0F0F0F0, 0xE1F0F0DC, 0xF0F1F0F1, 0xE1F1F0DC, 
0xF0FCF0FC, 0xE1FCF0DC, 0xF107F107, 0xE107F1DC, 0xF107F107, 0xE107F1DC, 0xF109F109, 0xE109F1DC, 
0xF118F118, 0xE118F1DC, 0xF11AF11A, 0xE11AF1DC, 0xF0DEF0DE, 0xE1DEF0DC, 0xF06CF06C, 0xE16CF0DC, 
0xEFFDEFFD, 0xE1FDEFDC, 0xEFCCEFCC, 0xE1CCEFDC, 0xEFC6EFC6, 0xE1C6EFDC, 0xF001F001, 0xE101F0DC, 
0xF068F068, 0xE168F0DC, 0xF0DCF0DC, 0xE1DCF0DC, 0xF11BF11B, 0xE11BF1DC, 0xF119F119, 0xE119F1DC, 
0xF108F108, 0xE108F1DC, 0xF106F106, 0xE106F1DC, 0xF106F106, 0xE106F1DC, 0xF0FBF0FB, 0xE1FBF0DC, 
0xF0F0F0F0, 0xE1F0F0DC, 0xF0F0F0F0, 0xE1F0F0DC, 0xF0F0F0F0, 0xE1F0F0DC, 0xF0F0F0F0, 0xE1F0F0DC, 
0xF0F0F0F0, 0xE3F0F099, 0xF0F0F0F0, 0xC7F0F044, 0xF0F0F0F0, 0x1AF0F097, 0xF0F0F0F0, 0x00F0F000, 
0x00000000, 0x00000000, 0x00000000, 0x00000000, 0x00000000, 0x00000000, 0x00000000, 0x00000000, 
0x00000000, 0x00000000, 0x00000000, 0x00000000, 0x00000000, 0x00000000, 0x00000000, 0x00000000, 
0x00000000, 0x00000000, 0x00000000, 0x00000000, 0x00000000, 0x00000000, 0x00000000, 0x00000000, 
0xF0F0F0F0, 0x00F0F000, 0xF0F0F0F0, 0x03F0F07F, 0xF0F0F0F0, 0x1AF0F063, 0xF0F0F0F0, 0x1EF0F023, 
0xF0F0F0F0, 0x1DF0F0E8, 0xF0F0F0F0, 0x1DF0F0E8, 0xF0F0F0F0, 0x1DF0F0E8, 0xF0F0F0F0, 0x1DF0F0E8, 
0xF0F0F0F0, 0x1DF0F0E8, 0xF0F0F0F0, 0x1DF0F0E8, 0xF0F0F0F0, 0x1DF0F0E8, 0xF0F0F0F0, 0x1DF0F0E8, 
0xF0F0F0F0, 0x1DF0F0E8, 0xF0F0F0F0, 0x1DF0F0E8, 0xF0F9F0F9, 0x1DF9F0E8, 0xF126F126, 0x1D26F1E8, 
0xF16BF16B, 0x1D6BF1E8, 0xF18CF18C, 0x1D8CF1E8, 0xF18FF18F, 0x1D8FF1E8, 0xF169F169, 0x1D69F1E8, 
0xF128F128, 0x1D28F1E8, 0xF0FAF0FA, 0x1DFAF0E8, 0xF0F0F0F0, 0x1DF0F0E8, 0xF0F0F0F0, 0x1DF0F0E8, 
0xF0F0F0F0, 0x1DF0F0E8, 0xF0F0F0F0, 0x1DF0F0E8, 0xF0F0F0F0, 0x1DF0F0E8, 0xF0F0F0F0, 0x1DF0F0E8, 
0xF0F0F0F0, 0x1DF0F0E8, 0xF0F0F0F0, 0x1DF0F0E8, 0xF0F0F0F0, 0x1DF0F0E8, 0xF0F0F0F0, 0x1DF0F0E8, 
0xF0F0F0F0, 0x1EF0F023, 0xF0F0F0F0, 0x1AF0F063, 0xF0F0F0F0, 0x03F0F085, 0xF0F0F0F0, 0x00F0F000, 
0x00000000, 0x00000000, 0x00000000, 0x00000000, 0x00000000, 0x00000000, 0x00000000, 0x00000000, 
0x00000000, 0x00000000, 0x00000000, 0x00000000, 0x00000000, 0x00000000, 0x00000000, 0x00000000, 
0x00000000, 0x00000000, 0x00000000, 0x00000000, 0x00000000, 0x00000000, 0x00000000, 0x00000000, 
0xF0F0F0F0, 0x00F0F005, 0xF0F0F0F0, 0x00F0F000, 0xF0F0F0F0, 0x00F0F000, 0xF0F0F0F0, 0x00F0F000, 
0xF0F0F0F0, 0x00F0F000, 0xF0F0F0F0, 0x00F0F000, 0xF0F0F0F0, 0x00F0F000, 0xF0F0F0F0, 0x00F0F000, 
0xF0F0F0F0, 0x00F0F000, 0xF0F0F0F0, 0x00F0F000, 0xF0F0F0F0, 0x00F0F000, 0xF0F0F0F0, 0x00F0F000, 
0xF0F0F0F0, 0x00F0F000, 0xF0F0F0F0, 0x00F0F000, 0xF0F0F0F0, 0x00F0F000, 0xF0F0F0F0, 0x00F0F000, 
0xF0F0F0F0, 0x00F0F000, 0xF0F0F0F0, 0x00F0F000, 0xF0F0F0F0, 0x00F0F000, 0xF0F0F0F0, 0x00F0F000, 
0xF0F0F0F0, 0x00F0F000, 0xF0F0F0F0, 0x00F0F000, 0xF0F0F0F0, 0x00F0F000, 0xF0F0F0F0, 0x00F0F000, 
0xF0F0F0F0, 0x00F0F000, 0xF0F0F0F0, 0x00F0F000, 0xF0F0F0F0, 0x00F0F000, 0xF0F0F0F0, 0x00F0F000, 
0xF0F0F0F0, 0x00F0F000, 0xF0F0F0F0, 0x00F0F000, 0xF0F0F0F0, 0x00F0F000, 0xF0F0F0F0, 0x00F0F000, 
0xF0F0F0F0, 0x00F0F000, 0xF0F0F0F0, 0x00F0F000, 0xF0F0F0F0, 0x00F0F000, 0xF0F0F0F0, 0x00F0F004, 
0x00000000, 0x00000000, 0x00000000, 0x00000000, 0x00000000, 0x00000000, 0x00000000, 0x00000000, 
0x00000000, 0x00000000, 0x00000000, 0x00000000, 0x00000000, 0x00000000, 0x00000000, 0x00000000, 
0x00000000, 0x00000000, 0x00000000, 0x00000000, 0x00000000, 0x00000000, 0x00000000, 0x00000000, 

};

static const uint32_t adwaita_icon_trash[] = {
0x00000000, 0x00000002, 0x00000000, 0x00000000, 0x00000000, 0x00000000, 0x00000000, 0x00000000, 
0x00000000, 0x00000000, 0x00000000, 0x00000000, 0x00000000, 0x00000001, 0x00000000, 0x00000000, 
0x00000000, 0x00000000, 0x00000000, 0x00000000, 0x00000000, 0x00000000, 0x00000000, 0x00000000, 
0x00000000, 0x00000000, 0x00000000, 0x00000000, 0x00000000, 0x00000000, 0x00000000, 0x00000000, 
0x00000000, 0x00000000, 0x00000000, 0x00000000, 0x00000000, 0x00000000, 0x00000000, 0x00000000, 
0x00000000, 0x00000000, 0x00000000, 0x00000000, 0x00000000, 0x00000000, 0x00000000, 0x00000000, 
0x00000000, 0x00000000, 0x00000000, 0x00000000, 0x00000000, 0x00000000, 0x00000000, 0x00000000, 
0x00000000, 0x00000000, 0x00000000, 0x00000000, 0x00000000, 0x00000000, 0x00000000, 0x00000000, 
0x00000000, 0x00000000, 0x00000000, 0x00000000, 0x00000000, 0x00000000, 0x00000000, 0x00000000, 
0x00000000, 0x00000000, 0x00000000, 0x00000000, 0x00000000, 0x00000000, 0x00000000, 0x00000000, 
0x00000000, 0x00000002, 0x00000000, 0x00000000, 0x00000000, 0x00000000, 0x00000000, 0x00000000, 
0x00000000, 0x00000000, 0x00000000, 0x00000000, 0x00000000, 0x00000000, 0x00000000, 0x00000003, 
0x00000000, 0x00000000, 0x00000000, 0x010000EA, 0x00000000, 0x0B0000BC, 0x00000000, 0x070000BB, 
0x00000000, 0x09000037, 0x00000000, 0x030000CF, 0x00000000, 0x00000000, 0x00000000, 0x00000000, 
0x00000000, 0x00000000, 0x00000000, 0x00000000, 0x00000000, 0x00000000, 0x00000000, 0x00000000, 
0x00000000, 0x00000000, 0x00000000, 0x00000000, 0x00000000, 0x00000000, 0x00000000, 0x00000000, 
0x00000000, 0x00000000, 0x00000000, 0x00000000, 0x00000000, 0x00000000, 0x00000000, 0x00000000, 
0x00000000, 0x00000000, 0x00000000, 0x00000000, 0x00000000, 0x00000000, 0x00000000, 0x00000000, 
0x00000000, 0x00000000, 0x00000000, 0x00000000, 0x00000000, 0x00000000, 0x00000000, 0x00000000, 
0x00000000, 0x00000000, 0x00000000, 0x00000000, 0x00000000, 0x00000000, 0x00000000, 0x00000000, 
0x00000000, 0x00000000, 0x00000000, 0x00000000, 0x00000000, 0x00000000, 0x00000000, 0x00000000, 
0x00000000, 0x00000000, 0x00000000, 0x00000000, 0x00000000, 0x00000000, 0x00000000, 0x00000000, 
0x00000000, 0x00000000, 0x00000000, 0x02000008, 0x00000000, 0x0A000040, 0x00000000, 0x0800003C, 
0x00000000, 0x090000A8, 0x00000000, 0x0A000038, 0x00000000, 0x0400009A, 0x00000000, 0x00000000, 
0x00000000, 0x00000000, 0x00000000, 0x080000A2, 0x00000000, 0x3B00005D, 0x00000000, 0x3900007A, 
0x00000000, 0x41000019, 0x00000000, 0x1A000081, 0xA8C7A8C7, 0x00C7A800, 0xF0C0F0C0, 0x00C0F000, 
0xF0F0F0F0, 0x00F0F000, 0xF0F0F0F0, 0x00F0F000, 0xF0F0F0F0, 0x00F0F000, 0xF0F0F0F0, 0x00F0F000, 
0xF0F0F0F0, 0x00F0F000, 0xF0F0F0F0, 0x00F0F000, 0xF0F0F0F0, 0x00F0F000, 0xF0F0F0F0, 0x00F0F000, 
0xF0F0F0F0, 0x00F0F000, 0xF0F0F0F0, 0x00F0F000, 0xF0F0F0F0, 0x00F0F000, 0xF0F0F0F0, 0x00F0F000, 
0xF0F0F0F0, 0x00F0F000, 0xF0F0F0F0, 0x00F0F000, 0xF0F0F0F0, 0x00F0F000, 0xF0F0F0F0, 0x00F0F000, 
0xF0F0F0F0, 0x00F0F000, 0xF0F0F0F0, 0x00F0F000, 0xF0F0F0F0, 0x00F0F000, 0xF0F0F0F0, 0x00F0F000, 
0xF0F0F0F0, 0x00F0F000, 0xF0F0F0F0, 0x00F0F000, 0xF0F0F0F0, 0x00F0F000, 0xF0F0F0F0, 0x00F0F000, 
0xF0F0F0F0, 0x00F0F000, 0xF0F0F0F0, 0x00F0F000, 0xF0F0F0F0, 0x00F0F000, 0xF0F0F0F0, 0x00F0F004, 
0x00000000, 0x00000000, 0x00000000, 0x00000000, 0x00000000, 0x00000000, 0x00000000, 0x00000000, 
0x00000000, 0x00000000, 0x00000000, 0x08000036, 0x00000000, 0x3B000017, 0x00000000, 0x3E000052, 
0x00000000, 0x420000FA, 0x00000000, 0x400000A7, 0x00000000, 0x2100008D, 0x00000000, 0x00000000, 
0xD6D7D6D7, 0x00D7D600, 0xDB1ADB1A, 0x031ADBDF, 0xD8E8D8E8, 0x1DE8D889, 0xD2A4D2A4, 0x22A4D2BD, 
0xD087D087, 0x2287D0D3, 0xE320E320, 0x1F20E3F9, 0xF182F182, 0x1E82F111, 0xF0F0F0F0, 0x1EF0F023, 
0xF0F0F0F0, 0x1EF0F023, 0xF0F0F0F0, 0x1EF0F023, 0xF0F0F0F0, 0x1EF0F023, 0xF0F0F0F0, 0x1EF0F023, 
0xF0F0F0F0, 0x1EF0F023, 0xF0F0F0F0, 0x1EF0F023, 0xF0F9F0F9, 0x1EF9F023, 0xF126F126, 0x1E26F123, 
0xF16EF16E, 0x1E6EF123, 0xF194F194, 0x1E94F123, 0xF192F192, 0x1E92F123, 0xF16CF16C, 0x1E6CF123, 
0xF127F127, 0x1E27F123, 0xF0F9F0F9, 0x1EF9F023, 0xF0F0F0F0, 0x1EF0F023, 0xF0F0F0F0, 0x1EF0F023, 
0xF0F0F0F0, 0x1EF0F023, 0xF0F0F0F0, 0x1EF0F023, 0xF0F0F0F0, 0x1EF0F023, 0xF0F0F0F0, 0x1EF0F023, 
0xF0F0F0F0, 0x1EF0F023, 0xF0F0F0F0, 0x1EF0F023, 0xF0F0F0F0, 0x1EF0F023, 0xF0F0F0F0, 0x1EF0F023, 
0xF0F0F0F0, 0x1EF0F05F, 0xF0F0F0F0, 0x1AF0F097, 0xF0F0F0F0, 0x03F0F08C, 0xF0F0F0F0, 0x00F0F000, 
0x00000000, 0x00000000, 0x00000000, 0x00000000, 0x00000000, 0x00000000, 0x00000000, 0x00000000, 
0xD660D660, 0x0060D600, 0xDD8FDD8F, 0x038FDDDC, 0xC4FBC4FB, 0x20FBC486, 0xCC39CC39, 0x2339CCD5, 
0xD13FD13F, 0x223FD1F8, 0xCED2CED2, 0x1ED2CEFA, 0x8D508D50, 0x06508D01, 0xC0CBC0CB, 0x00CBC000, 
0xF117F117, 0x0017F100, 0xF111F111, 0x1A11F15F, 0xF112F112, 0xC712F128, 0xF118F118, 0xE318F173, 
0xF11BF11B, 0xE11BF1B3, 0xF101F101, 0xE100F1CC, 0xF0EFF0EF, 0xE1EFF0DC, 0xF0E8F0EA, 0xE1EBF0DC, 
0xF0E3F0E5, 0xE1E7F0DC, 0xF0E3F0E5, 0xE1E7F0DC, 0xF0E3F0E5, 0xE1E7F0DC, 0xF0E2F0E5, 0xE1E7F0DC, 
0xF0E8F0EA, 0xE1ECF0DC, 0xF0F3F0F5, 0xE1F7F0DC, 0xF0BBF0BD, 0xE1BFF0DC, 0xF048F04A, 0xE14DF0DC, 
0xEFD4EFD6, 0xE1D8EFDC, 0xEF99EF9B, 0xE19EEFDC, 0xEF9EEFA0, 0xE1A3EFDC, 0xEFD7EFD9, 0xE1DCEFDC, 
0xF047F049, 0xE14BF0DC, 0xF0BAF0BC, 0xE1BEF0DC, 0xF0F5F0F7, 0xE1F9F0DC, 0xF0E8F0EA, 0xE1EDF0DC, 
0xF0E2F0E5, 0xE1E7F0DC, 0xF0E3F0E5, 0xE1E7F0DC, 0xF0E3F0E5, 0xE1E7F0DC, 0xF0E3F0E5, 0xE1E7F0DC, 
0xF0E8F0EA, 0xE1ECF0DC, 0xF0F0F0F0, 0xE1F0F0DC, 0xF0F0F0F0, 0xE1F0F0DC, 0xF0F0F0F0, 0xE1F0F0DC, 
0xF0F0F0F0, 0xE3F0F099, 0xF0F0F0F0, 0xC7F0F044, 0xF0F0F0F0, 0x1AF0F097, 0xF0F0F0F0, 0x00F0F000, 
0x00000000, 0x00000000, 0x00000000, 0x00000000, 0x00000000, 0x00000000, 0x00000000, 0x00000000, 
0xF119F119, 0x0019F100, 0xF107F107, 0x1A07F195, 0xF14DF14D, 0xC64DF1F8, 0xF12FF12F, 0xE32FF15E, 
0xF119F119, 0xE319F172, 0xF11FF11F, 0xC71FF11E, 0xF1B7F1B7, 0x1AB7F14D, 0xF137F137, 0x0037F100, 
0xF0F0F0F0, 0x00F0F000, 0xF0F0F0F0, 0x1EF0F023, 0xF0F0F0F0, 0xE3F0F099, 0xF0F0F0F0, 0xFFF0F0FF, 
0xF0F0F0F0, 0xFFF0F0FF, 0xF0F0F0F0, 0xFFF0F0FF, 0xF0E9F0EA, 0xFFEBF0FF, 0xF1D5F1BF, 0xFFA5F1FF, 
0xF26FF250, 0xFF30F2FF, 0xF258F23A, 0xFF21F2FF, 0xF259F23B, 0xFF21F2FF, 0xF25DF23F, 0xFF25F2FF, 
0xF10BF2ED, 0xFFD3F1FF, 0xF06FF051, 0xFF37F0FF, 0xEFD2EFB4, 0xFF9AEFFF, 0xEFF0EFD2, 0xFFB8EFFF, 
0xF030F012, 0xFFF8EFFF, 0xF05AF03C, 0xFF22F0FF, 0xF064F046, 0xFF2BF0FF, 0xF031F013, 0xFFF9EFFF, 
0xEFE9EFCB, 0xFFB1EFFF, 0xEFB7EF99, 0xFF7FEFFF, 0xF058F03A, 0xFF20F0FF, 0xF106F2E8, 0xFFCEF1FF, 
0xF25DF23F, 0xFF25F2FF, 0xF259F23B, 0xFF21F2FF, 0xF25AF23C, 0xFF22F2FF, 0xF248F229, 0xFF0DF2FF, 
0xF1A0F189, 0xFF6EF1FF, 0xF0EAF0EA, 0xFFEAF0FF, 0xF0F1F0F1, 0xFFF2F0FF, 0xF0F0F0F0, 0xFFF0F0FF, 
0xF0F0F0F0, 0xFFF0F0FF, 0xF0F0F0F0, 0xE3F0F099, 0xF0F0F0F0, 0x1EF0F05F, 0xF0F0F0F0, 0x00F0F000, 
0x00000000, 0x00000000, 0x00000000, 0x00000000, 0x00000000, 0x00000000, 0x00000000, 0x00000000, 
0xF0F0F0F0, 0x00F0F000, 0xF0F0F0F0, 0x1EF0F05F, 0xF0F0F0F0, 0xE3F0F099, 0xF0F0F0F0, 0xFFF0F0FF, 
0xF0F0F0F0, 0xFFF0F0FF, 0xF0F0F0F0, 0xE3F0F099, 0xF0F0F0F0, 0x1EF0F023, 0xF0F0F0F0, 0x00F0F000, 
0xF0F0F0F0, 0x00F0F000, 0xF0F0F0F0, 0x1DF0F0E8, 0xF0F0F0F0, 0xE1F0F0DC, 0xF0F0F0F0, 0xFFF0F0FF, 
0xF0F2F0F2, 0xFFF2F0FF, 0xF0E2F0E1, 0xFFE1F0FF, 0xF2A9F249, 0xFFDAF1FF, 0xED82EEA9, 0xFFF8ECFF, 
0xE9FCE91E, 0xFF44E8FF, 0xEA6BEB88, 0xFF67E9FF, 0xEA61EB7E, 0xFF5FE9FF, 0xEA63EB81, 0xFF61E9FF, 
0xEA31EB4E, 0xFF2FE9FF, 0xE994EAB1, 0xFF92E8FF, 0xEA09EB27, 0xFF07E9FF, 0xEA5EEB7C, 0xFF5CE9FF, 
0xEA72EB90, 0xFF70E9FF, 0xEA7AEB98, 0xFF78E9FF, 0xEA7AEB97, 0xFF78E9FF, 0xEA72EB8F, 0xFF70E9FF, 
0xEA5EEB7B, 0xFF5CE9FF, 0xEA07EB24, 0xFF05E9FF, 0xE989EAA6, 0xFF87E8FF, 0xEA2CEB49, 0xFF2AE9FF, 
0xEA63EB81, 0xFF61E9FF, 0xEA61EB7E, 0xFF5FE9FF, 0xEA57EB74, 0xFF55E9FF, 0xEB60EC82, 0xFF68EAFF, 
0xF078F1A5, 0xFFB2EFFF, 0xF120F2C6, 0xFF5CF1FF, 0xF0CEF0CB, 0xFFC9F0FF, 0xF0F3F0F3, 0xFFF4F0FF, 
0xF0F0F0F0, 0xFFF0F0FF, 0xF0F0F0F0, 0xE1F0F0DC, 0xF0F0F0F0, 0x1EF0F023, 0xF0F0F0F0, 0x00F0F000, 
0x00000000, 0x00000000, 0x00000000, 0x00000000, 0x00000000, 0x00000000, 0x00000000, 0x00000000, 
0xF0F0F0F0, 0x00F0F000, 0xF0F0F0F0, 0x1EF0F05F, 0xF0F0F0F0, 0xE3F0F099, 0xF0F0F0F0, 0xFFF0F0FF, 
0xF0F0F0F0, 0xFFF0F0FF, 0xF0F0F0F0, 0xE3F0F099, 0xF0F0F0F0, 0x1EF0F023, 0xF0F0F0F0, 0x00F0F000, 
0xF0F0F0F0, 0x00F0F000, 0xF0F0F0F0, 0x1DF0F0E8, 0xF0F0F0F0, 0xE1F0F0DC, 0xF0F1F0F1, 0xFFF1F0FF, 
0xF0DBF0DC, 0xFFDDF0FF, 0xEFFEEFE8, 0xFFD0EFFF, 0xEC0AED29, 0xFFADEBFF, 0xA4B0A5AE, 0xFF72A6FF, 
0x9AFD9A21, 0xFF8699FF, 0xA4D6A5D1, 0xFFF8A1FF, 0xA485A583, 0xFFBAA1FF, 0xA485A582, 0xFFBAA1FF, 
0xA489A586, 0xFFBDA1FF, 0xA492A58F, 0xFFC7A1FF, 0xA489A586, 0xFFBEA1FF, 0xA486A583, 0xFFBAA1FF, 
0xA485A582, 0xFFBAA1FF, 0xA485A583, 0xFFBAA1FF, 0xA485A583, 0xFFBAA1FF, 0xA485A582, 0xFFBAA1FF, 
0xA486A583, 0xFFBAA1FF, 0xA489A586, 0xFFBEA1FF, 0xA493A590, 0xFFC7A1FF, 0xA489A586, 0xFFBEA1FF, 
0xA485A582, 0xFFBAA1FF, 0xA485A583, 0xFFBAA1FF, 0xA43EA53B, 0xFF70A1FF, 0xABC8ACFB, 0xFF58A9FF, 
0xC8A5C9C1, 0xFFC2C6FF, 0xEFC3F0DB, 0xFFF1EEFF, 0xEF8DEF72, 0xFF5BEFFF, 0xF0E5F0E6, 0xFFE8F0FF, 
0xF0F0F0F0, 0xFFF0F0FF, 0xF0F0F0F0, 0xE1F0F0DC, 0xF0F0F0F0, 0x1EF0F023, 0xF0F0F0F0, 0x00F0F000, 
0x00000000, 0x00000000, 0x00000000, 0x00000000, 0x00000000, 0x00000000, 0x00000000, 0x00000000, 
0xF0F0F0F0, 0x00F0F000, 0xF0F0F0F0, 0x1AF0F097, 0xF0F0F0F0, 0xC7F0F044, 0xF0F0F0F0, 0xE3F0F099, 
0xF0F0F0F0, 0xE3F0F099, 0xF0F0F0F0, 0xC7F0F044, 0xF0F0F0F0, 0x1AF0F063, 0xF0F0F0F0, 0x00F0F000, 
0xF0F0F0F0, 0x00F0F000, 0xF0F0F0F0, 0x1DF0F0E8, 0xF0F0F0F0, 0xE1F0F0DC, 0xF0FCF0FC, 0xFFFCF0FF, 
0xF01BF01D, 0xFF1FF0FF, 0xEF1EF0FE, 0xFFD7EFFF, 0xE62DE745, 0xFF12E6FF, 0x8A238B3A, 0xFF488DFF, 
0x8D188E42, 0xFFBC8CFF, 0x99429A3F, 0xFF2596FF, 0x98E499E3, 0xFFDC95FF, 0x98E499E3, 0xFFDC95FF, 
0x98E499E3, 0xFFDC95FF, 0x98E499E3, 0xFFDC95FF, 0x98E499E3, 0xFFDC95FF, 0x98E499E3, 0xFFDC95FF, 
0x98E499E3, 0xFFDC95FF, 0x98E499E3, 0xFFDC95FF, 0x98E499E3, 0xFFDC95FF, 0x98E499E3, 0xFFDC95FF, 
0x98E499E3, 0xFFDC95FF, 0x98E499E3, 0xFFDC95FF, 0x98E499E3, 0xFFDC95FF, 0x98E499E3, 0xFFDC95FF, 
0x98E499E3, 0xFFDC95FF, 0x98E499E3, 0xFFDC95FF, 0x98949993, 0xFF8995FF, 0xA145A285, 0xFFA39EFF, 
0xBA07BB41, 0xFFF0B7FF, 0xEDDCEEF9, 0xFFFAECFF, 0xEF9EEF81, 0xFF65EFFF, 0xF01FF020, 0xFF22F0FF, 
0xF0FCF0FC, 0xFFFCF0FF, 0xF0F0F0F0, 0xE1F0F0DC, 0xF0F0F0F0, 0x1EF0F023, 0xF0F0F0F0, 0x00F0F000, 
0x00000000, 0x00000000, 0x00000000, 0x00000000, 0x00000000, 0x00000000, 0x00000000, 0x00000000, 
0xF0F0F0F0, 0x00F0F000, 0xF0F0F0F0, 0x03F0F08C, 0xF0F0F0F0, 0x1AF0F097, 0xF0F0F0F0, 0x1EF0F05F, 
0xF0F0F0F0, 0x1EF0F05F, 0xF0F0F0F0, 0x1AF0F097, 0xF0F0F0F0, 0x03F0F085, 0xF0F0F0F0, 0x00F0F000, 
0xF0F0F0F0, 0x00F0F000, 0xF0F0F0F0, 0x1DF0F0E8, 0xF0F0F0F0, 0xE1F0F0DC, 0xF103F103, 0xFF03F1FF, 
0xEFC0EFC2, 0xFFC4EFFF, 0xF0B6F098, 0xFF6FF0FF, 0xE685E7A1, 0xFF65E6FF, 0x8B368C4C, 0xFF498EFF, 
0x8EE88E12, 0xFF8B8DFF, 0x99F89AF4, 0xFFDE96FF, 0x999A9A99, 0xFF9696FF, 0x999A9A99, 0xFF9696FF, 
0x999A9A99, 0xFF9696FF, 0x999A9A99, 0xFF9696FF, 0x999A9A99, 0xFF9696FF, 0x999A9A99, 0xFF9696FF, 
0x999A9A99, 0xFF9696FF, 0x999A9A99, 0xFF9696FF, 0x999A9A99, 0xFF9696FF, 0x999A9A99, 0xFF9696FF, 
0x999A9A99, 0xFF9696FF, 0x999A9A99, 0xFF9696FF, 0x999A9A99, 0xFF9696FF, 0x999A9A99, 0xFF9696FF, 
0x999A9A99, 0xFF9696FF, 0x999A9A99, 0xFF9696FF, 0x994A9A49, 0xFF4496FF, 0xA2EDA22C, 0xFF4F9FFF, 
0xBA8DBBCB, 0xFF7EB8FF, 0xEE19EF37, 0xFF38EDFF, 0xF02CF00E, 0xFFF1EFFF, 0xEFB7EFB9, 0xFFBBEFFF, 
0xF104F104, 0xFF04F1FF, 0xF0F0F0F0, 0xE1F0F0DC, 0xF0F0F0F0, 0x1EF0F023, 0xF0F0F0F0, 0x00F0F000, 
0x00000000, 0x00000000, 0x00000000, 0x00000000, 0x00000000, 0x00000000, 0x00000000, 0x00000000, 
0xF0F0F0F0, 0x00F0F004, 0xF0F0F0F0, 0x00F0F000, 0xF0F0F0F0, 0x00F0F000, 0xF0F0F0F0, 0x00F0F000, 
0xF0F0F0F0, 0x00F0F000, 0xF0F0F0F0, 0x00F0F000, 0xF0F0F0F0, 0x00F0F000, 0xF0F0F0F0, 0x00F0F004, 
0xF0F0F0F0, 0x00F0F000, 0xF0F0F0F0, 0x1DF0F0E8, 0xF0F0F0F0, 0xE1F0F0DC, 0xF106F106, 0xFF06F1FF, 
0xEFB5EFB7, 0xFFB9EFFF, 0xEFD0EFB1, 0xFF89EFFF, 0xE639E754, 0xFF19E6FF, 0x8B3B8C51, 0xFF4E8EFF, 
0x8EE88E12, 0xFF8B8DFF, 0x99F89AF4, 0xFFDE96FF, 0x999A9A99, 0xFF9696FF, 0x999A9A99, 0xFF9696FF, 
0x999A9A99, 0xFF9696FF, 0x999A9A99, 0xFF9696FF, 0x999A9A99, 0xFF9696FF, 0x999A9A99, 0xFF9696FF, 
0x999A9A99, 0xFF9696FF, 0x999A9A99, 0xFF9696FF, 0x999A9A99, 0xFF9696FF, 0x999A9A99, 0xFF9696FF, 
0x999A9A99, 0xFF9696FF, 0x999A9A99, 0xFF9696FF, 0x999A9A99, 0xFF9696FF, 0x999A9A99, 0xFF9696FF, 
0x999A9A99, 0xFF9696FF, 0x999A9A99, 0xFF9696FF, 0x994A9A49, 0xFF4496FF, 0xA2EDA22C, 0xFF4F9FFF, 
0xBA91BBCE, 0xFF81B8FF, 0xEEE4EE01, 0xFF03EDFF, 0xEF74EF55, 0xFF39EFFF, 0xEFB3EFB5, 0xFFB7EFFF, 
0xF106F106, 0xFF06F1FF, 0xF0F0F0F0, 0xE1F0F0DC, 0xF0F0F0F0, 0x1EF0F023, 0xF0F0F0F0, 0x00F0F000, 
0x00000000, 0x00000000, 0x00000000, 0x00000000, 0x00000000, 0x00000000, 0x00000000, 0x00000000, 
0x00000000, 0x00000000, 0x00000000, 0x00000000, 0x00000000, 0x00000000, 0x00000000, 0x00000000, 
0x00000000, 0x00000000, 0x00000000, 0x00000000, 0x00000000, 0x00000000, 0x00000000, 0x00000000, 
0xF0F0F0F0, 0x00F0F000, 0xF0F0F0F0, 0x1DF0F0E8, 0xF0F0F0F0, 0xE1F0F0DC, 0xF105F105, 0xFF05F1FF, 
0xEDD7EDD8, 0xFFDAEDFF, 0xEC41EC26, 0xFFFDEBFF, 0xE57FE6A2, 0xFF69E5FF, 0x8A2C8B45, 0xFF518DFF, 
0x8D188E42, 0xFFBC8CFF, 0x99429A3F, 0xFF2596FF, 0x98E499E3, 0xFFDC95FF, 0x98E499E3, 0xFFDC95FF, 
0x98E499E3, 0xFFDC95FF, 0x98E499E3, 0xFFDC95FF, 0x98E499E3, 0xFFDC95FF, 0x98E499E3, 0xFFDC95FF, 
0x98E499E3, 0xFFDC95FF, 0x98E499E3, 0xFFDC95FF, 0x98E499E3, 0xFFDC95FF, 0x98E499E3, 0xFFDC95FF, 
0x98E499E3, 0xFFDC95FF, 0x98E499E3, 0xFFDC95FF, 0x98E499E3, 0xFFDC95FF, 0x98E499E3, 0xFFDC95FF, 
0x98E499E3, 0xFFDC95FF, 0x98E499E3, 0xFFDC95FF, 0x98949993, 0xFF8995FF, 0xA145A285, 0xFFA39EFF, 
0xBA06BB49, 0xFFF8B7FF, 0xED43EE68, 0xFF6AECFF, 0xEBC3EBA7, 0xFF8BEBFF, 0xEDBEEDC0, 0xFFC1EDFF, 
0xF103F103, 0xFF03F1FF, 0xF0F0F0F0, 0xE1F0F0DC, 0xF0F0F0F0, 0x1EF0F023, 0xF0F0F0F0, 0x00F0F000, 
0x00000000, 0x00000000, 0x00000000, 0x00000000, 0x00000000, 0x00000000, 0x00000000, 0x00000000, 
0x00000000, 0x00000000, 0x00000000, 0x00000000, 0x00000000, 0x00000000, 0x00000000, 0x00000000, 
0x00000000, 0x00000000, 0x00000000, 0x00000000, 0x00000000, 0x00000000, 0x00000000, 0x00000000, 
0xF0F0F0F0, 0x00F0F000, 0xF0F0F0F0, 0x1DF0F0E8, 0xF0FBF0FB, 0xE1FBF0DC, 0xF06BF06B, 0xFF6BF0FF, 
0xEC13EC14, 0xFF17ECFF, 0xEC0BEDF6, 0xFFC6ECFF, 0xEBA8ECD4, 0xFF3FEBFF, 0xA46EA580, 0xFF69A6FF, 
0x9A1E9B43, 0xFFAC99FF, 0xA4FAA5F7, 0xFF24A2FF, 0xA4A9A5A8, 0xFFE6A1FF, 0xA4A9A5A8, 0xFFE6A1FF, 
0xA4A9A5A8, 0xFFE6A1FF, 0xA4A9A5A8, 0xFFE6A1FF, 0xA4A9A5A8, 0xFFE6A1FF, 0xA4A9A5A8, 0xFFE6A1FF, 
0xA4A9A5A8, 0xFFE6A1FF, 0xA4A9A5A8, 0xFFE6A1FF, 0xA4A9A5A8, 0xFFE6A1FF, 0xA4A9A5A8, 0xFFE6A1FF, 
0xA4A9A5A8, 0xFFE6A1FF, 0xA4A9A5A8, 0xFFE6A1FF, 0xA4A9A5A8, 0xFFE6A1FF, 0xA4A9A5A8, 0xFFE6A1FF, 
0xA4A9A5A8, 0xFFE6A1FF, 0xA4A9A5A8, 0xFFE6A1FF, 0xA462A561, 0xFF9CA1FF, 0xACEAAC20, 0xFF81A9FF, 
0xC9EEC92E, 0xFF10C7FF, 0xEE2DEF4B, 0xFF06EDFF, 0xEBA1EB81, 0xFF3AEBFF, 0xEC32EC34, 0xFF39ECFF, 
0xF066F066, 0xFF66F0FF, 0xF0FBF0FB, 0xE1FBF0DC, 0xF0F0F0F0, 0x1EF0F023, 0xF0F0F0F0, 0x00F0F000, 
0x00000000, 0x00000000, 0x00000000, 0x00000000, 0x00000000, 0x00000000, 0x00000000, 0x00000000, 
0x00000000, 0x00000000, 0x00000000, 0x00000000, 0x00000000, 0x00000000, 0x00000000, 0x00000000, 
0x00000000, 0x00000000, 0x00000000, 0x00000000, 0x00000000, 0x00000000, 0x00000000, 0x00000000, 
0xF0F0F0F0, 0x00F0F000, 0xF0F0F0F0, 0x1DF0F0E8, 0xF107F107, 0xE107F1DC, 0xEFCCEFCC, 0xFFCCEFFF, 
0xEB6EEB71, 0xFF74EBFF, 0xEC75EC54, 0xFF18ECFF, 0xEB31EC51, 0xFF00EAFF, 0xEC6FED69, 0xFF9EEBFF, 
0xE75FE861, 0xFF46E6FF, 0xE848E947, 0xFFCAE6FF, 0xE840E93F, 0xFFC5E6FF, 0xE840E93F, 0xFFC5E6FF, 
0xE840E93F, 0xFFC5E6FF, 0xE840E93F, 0xFFC5E6FF, 0xE840E93F, 0xFFC5E6FF, 0xE840E93F, 0xFFC5E6FF, 
0xE840E93F, 0xFFC5E6FF, 0xE840E93F, 0xFFC5E6FF, 0xE840E93F, 0xFFC5E6FF, 0xE840E93F, 0xFFC5E6FF, 
0xE840E93F, 0xFFC5E6FF, 0xE840E93F, 0xFFC5E6FF, 0xE840E93F, 0xFFC5E6FF, 0xE840E93F, 0xFFC5E6FF, 
0xE840E93F, 0xFFC5E6FF, 0xE840E93F, 0xFFC5E6FF, 0xE833E932, 0xFFB6E6FF, 0xE9A2EAA7, 0xFF42E8FF, 
0xEF33F023, 0xFFE0EDFF, 0xE219E322, 0xFF8FDFFF, 0xE9A5E982, 0xFFE8E8FF, 0xEB97EB9A, 0xFFA3EBFF, 
0xEFCCEFCC, 0xFFCCEFFF, 0xF107F107, 0xE107F1DC, 0xF0F0F0F0, 0x1EF0F023, 0xF0F0F0F0, 0x00F0F000, 
0x00000000, 0x00000000, 0x00000000, 0x00000000, 0x00000000, 0x00000000, 0x00000000, 0x00000000, 
0x00000000, 0x00000000, 0x00000000, 0x00000000, 0x00000000, 0x00000000, 0x00000000, 0x00000000, 
0x00000000, 0x00000000, 0x00000000, 0x00000000, 0x00000000, 0x00000000, 0x00000000, 0x00000000, 
0xF0F0F0F0, 0x00F0F000, 0xF0F0F0F0, 0x1DF0F0E8, 0xF119F119, 0xE119F1DC, 0xEED5EED5, 0xFFD5EEFF, 
0xEBB1EBB2, 0xFFB5EBFF, 0xEDAAED9B, 0xFF70EDFF, 0xE755E9D6, 0xFFD7E6FF, 0xEC72EE22, 0xFF9AEBFF, 
0xE598E7AA, 0xFFD8E3FF, 0xE1C7E3DB, 0xFF78DFFF, 0xE1D8E3EB, 0xFF8EDFFF, 0xE1D9E3EC, 0xFF8EDFFF, 
0xE1D9E3EC, 0xFF8EDFFF, 0xE1D9E3EC, 0xFF8EDFFF, 0xE1D9E3EC, 0xFF8EDFFF, 0xE1D9E3EC, 0xFF8EDFFF, 
0xE1D9E3EC, 0xFF8EDFFF, 0xE1D9E3EC, 0xFF8EDFFF, 0xE1D9E3EC, 0xFF8EDFFF, 0xE1D9E3EC, 0xFF8EDFFF, 
0xE1D9E3EC, 0xFF8EDFFF, 0xE1D9E3EC, 0xFF8EDFFF, 0xE1D9E3EC, 0xFF8EDFFF, 0xE1D9E3EC, 0xFF8EDFFF, 
0xE1D9E3EC, 0xFF8EDFFF, 0xE1D9E3EC, 0xFF8EDFFF, 0xE1BDE3D1, 0xFF6FDFFF, 0xE461E673, 0xFF5CE2FF, 
0xEA9DEC43, 0xFFFDE8FF, 0xDD12DF92, 0xFF00DBFF, 0xEBBCEBAD, 0xFF40EBFF, 0xEBD4EBD6, 0xFFDCEBFF, 
0xEEDCEEDC, 0xFFDCEEFF, 0xF118F118, 0xE118F1DC, 0xF0F0F0F0, 0x1EF0F023, 0xF0F0F0F0, 0x00F0F000, 
0x00000000, 0x00000000, 0x00000000, 0x00000000, 0x00000000, 0x00000000, 0x00000000, 0x00000000, 
0x00000000, 0x00000000, 0x00000000, 0x00000000, 0x00000000, 0x00000000, 0x00000000, 0x00000000, 
0x00000000, 0x00000000, 0x00000000, 0x00000000, 0x00000000, 0x00000000, 0x00000000, 0x00000000, 
0xF0F0F0F0, 0x00F0F000, 0xF0F0F0F0, 0x1DF0F0E8, 0xF11AF11A, 0xE11AF1DC, 0xEDD2EDD2, 0xFFD2EDFF, 
0xECC9ECC9, 0xFFCAECFF, 0xEFECEF6C, 0xFFA5EFFF, 0xDA71C351, 0xFF18CFFF, 0xDAB5C34E, 0xFF84CEFF, 
0xD9E9CC65, 0xFF20D1FF, 0xD59DC835, 0xFF5ACCFF, 0xD5ADC848, 0xFF70CCFF, 0xD5AEC848, 0xFF71CCFF, 
0xD5AEC848, 0xFF71CCFF, 0xD5AEC848, 0xFF71CCFF, 0xD5AEC848, 0xFF71CCFF, 0xD5AEC848, 0xFF71CCFF, 
0xD5AEC848, 0xFF71CCFF, 0xD5AEC848, 0xFF71CCFF, 0xD5AEC848, 0xFF71CCFF, 0xD5AEC848, 0xFF71CCFF, 
0xD5AEC848, 0xFF71CCFF, 0xD5AEC848, 0xFF71CCFF, 0xD5AEC848, 0xFF71CCFF, 0xD5AEC848, 0xFF71CCFF, 
0xD5AEC848, 0xFF71CCFF, 0xD5AEC848, 0xFF71CCFF, 0xD596C82E, 0xFF54CCFF, 0xD891CB06, 0xFF81CFFF, 
0xD615C0F0, 0xFF80CAFF, 0xD604BF02, 0xFF51CAFF, 0xEFDCEF5C, 0xFF91EFFF, 0xECAEECAE, 0xFFAFECFF, 
0xEDB8EDB8, 0xFFB8EDFF, 0xF11BF11B, 0xE11BF1DC, 0xF0F0F0F0, 0x1EF0F023, 0xF0F0F0F0, 0x00F0F000, 
0x00000000, 0x00000000, 0x00000000, 0x00000000, 0x00000000, 0x00000000, 0x00000000, 0x00000000, 
0x00000000, 0x00000000, 0x00000000, 0x00000000, 0x00000000, 0x00000000, 0x00000000, 0x00000000, 
0x00000000, 0x00000000, 0x00000000, 0x00000000, 0x00000000, 0x00000000, 0x00000000, 0x00000000, 
0xF0F0F0F0, 0x00F0F000, 0xF0F9F0F9, 0x1DF9F0E8, 0xF0DEF0DE, 0xE1DEF0DC, 0xED63ED63, 0xFF63EDFF, 
0xED8DED8D, 0xFF8DEDFF, 0xEFDAF1F0, 0xFFD2F0FF, 0xCF7D90A0, 0xFF69B2FF, 0xBDFE4085, 0xFFD083FF, 
0xB98F42F7, 0xFFB182FF, 0xB6683FDD, 0xFFA87FFF, 0xB6873FFB, 0xFFC57FFF, 0xB6873FFB, 0xFFC67FFF, 
0xB6873FFB, 0xFFC67FFF, 0xB6873FFB, 0xFFC67FFF, 0xB6873FFB, 0xFFC67FFF, 0xB6873FFB, 0xFFC67FFF, 
0xB6873FFB, 0xFFC67FFF, 0xB6873FFB, 0xFFC67FFF, 0xB6873FFB, 0xFFC67FFF, 0xB6873FFB, 0xFFC67FFF, 
0xB6873FFB, 0xFFC67FFF, 0xB6873FFB, 0xFFC67FFF, 0xB6873FFB, 0xFFC67FFF, 0xB6873FFB, 0xFFC67FFF, 
0xB6873FFB, 0xFFC67FFF, 0xB6873FFB, 0xFFC67FFF, 0xB6863FF8, 0xFFC27FFF, 0xB700408D, 0xFF5680FF, 
0xB2143572, 0xFF9178FF, 0xCBAE8CAF, 0xFFA3AEFF, 0xF01FF234, 0xFF18F1FF, 0xED6CED6C, 0xFF6CEDFF, 
0xED3FED3F, 0xFF3FEDFF, 0xF0E0F0E0, 0xE1E0F0DC, 0xF0F8F0F8, 0x1EF8F023, 0xF0F0F0F0, 0x00F0F000, 
0x00000000, 0x00000000, 0x00000000, 0x00000000, 0x00000000, 0x00000000, 0x00000000, 0x00000000, 
0x00000000, 0x00000000, 0x00000000, 0x00000000, 0x00000000, 0x00000000, 0x00000000, 0x00000000, 
0x00000000, 0x00000000, 0x00000000, 0x00000000, 0x00000000, 0x00000000, 0x00000000, 0x00000000, 
0xF0F0F0F0, 0x00F0F000, 0xF127F127, 0x1D27F1E8, 0xF069F069, 0xE169F0DC, 0xED72ED72, 0xFF72EDFF, 
0xEDD3EDD3, 0xFFD3EDFF, 0xEFDDF1C6, 0xFFBDF0FF, 0xD3149154, 0xFFB0B4FF, 0xC9B83634, 0xFF8B85FF, 
0xC50930DC, 0xFFE480FF, 0xC2BC2CB6, 0xFFD67DFF, 0xC2E32CD8, 0xFFF87DFF, 0xC2E32CD8, 0xFFF87DFF, 
0xC2E32CD8, 0xFFF87DFF, 0xC2E42CD8, 0xFFF87DFF, 0xC2DF2CD6, 0xFFF57DFF, 0xC2EF2A45, 0xFFC37CFF, 
0xC1B529F9, 0xFF0C7CFF, 0xC1C229F9, 0xFF117CFF, 0xC1B329E9, 0xFF007CFF, 0xC19F29E4, 0xFFF47BFF, 
0xC2ED2A46, 0xFFC37CFF, 0xC2DE2CD6, 0xFFF57DFF, 0xC2E42CD8, 0xFFF87DFF, 0xC2E32CD8, 0xFFF87DFF, 
0xC2E32CD8, 0xFFF87DFF, 0xC2E32CD8, 0xFFF87DFF, 0xC2E32CD8, 0xFFF87DFF, 0xC3ED2C18, 0xFF1F7EFF, 
0xBCEA2848, 0xFF7178FF, 0xCFF38C01, 0xFF8CB0FF, 0xF01EF206, 0xFFFDF0FF, 0xEDC0EDC0, 0xFFC0EDFF, 
0xED64ED64, 0xFF64EDFF, 0xF06BF06B, 0xE16BF0DC, 0xF127F127, 0x1E27F123, 0xF0F0F0F0, 0x00F0F000, 
0x00000000, 0x00000000, 0x00000000, 0x00000000, 0x00000000, 0x00000000, 0x00000000, 0x00000000, 
0x00000000, 0x00000000, 0x00000000, 0x00000000, 0x00000000, 0x00000000, 0x00000000, 0x00000000, 
0x00000000, 0x00000000, 0x00000000, 0x00000000, 0x00000000, 0x00000000, 0x00000000, 0x00000000, 
0xF0F0F0F0, 0x00F0F000, 0xF16DF16D, 0x1D6DF1E8, 0xEFF9EFF9, 0xE1F9EFDC, 0xEDAFEDAF, 0xFFAFEDFF, 
0xEDE0EDE0, 0xFFE0EDFF, 0xEFF1F1DD, 0xFFD2F0FF, 0xD3179126, 0xFF99B4FF, 0xC87C37F0, 0xFFBE85FF, 
0xC55631C8, 0xFF6D81FF, 0xC2082EA0, 0xFF5C7EFF, 0xC22E2EC2, 0xFF7E7EFF, 0xC22E2EC2, 0xFF7E7EFF, 
0xC22E2EC2, 0xFF7E7EFF, 0xC22C2EC1, 0xFF7D7EFF, 0xC22B2D77, 0xFFE07DFF, 0xCE0D57B4, 0xFFC197FF, 
0xDC268FF1, 0xFFD8B8FF, 0xE0119613, 0xFFEEBDFF, 0xE1809791, 0xFF8BBFFF, 0xDFF291E0, 0xFF0EBCFF, 
0xCE1357A6, 0xFFBA97FF, 0xC21C2D72, 0xFFD77DFF, 0xC2FE2DB4, 0xFF607EFF, 0xC22F2EC2, 0xFF7F7EFF, 
0xC22E2EC2, 0xFF7E7EFF, 0xC22E2EC2, 0xFF7E7EFF, 0xC22E2EC2, 0xFF7E7EFF, 0xC33F2E08, 0xFFAC7EFF, 
0xBCC42919, 0xFFB878FF, 0xCEFB8CD8, 0xFF79B0FF, 0xF018F203, 0xFFF9F0FF, 0xEDD1EDD1, 0xFFD1EDFF, 
0xEDADEDAD, 0xFFADEDFF, 0xF002F002, 0xE102F0DC, 0xF169F169, 0x1E69F123, 0xF0F0F0F0, 0x00F0F000, 
0x00000000, 0x00000000, 0x00000000, 0x00000000, 0x00000000, 0x00000000, 0x00000000, 0x00000000, 
0x00000000, 0x00000000, 0x00000000, 0x00000000, 0x00000000, 0x00000000, 0x00000000, 0x00000000, 
0x00000000, 0x00000000, 0x00000000, 0x00000000, 0x00000000, 0x00000000, 0x00000000, 0x00000000, 
0xF0F0F0F0, 0x00F0F000, 0xF193F193, 0x1D93F1E8, 0xEFBFEFBF, 0xE1BFEFDC, 0xEDD4EDD4, 0xFFD4EDFF, 
0xEDDAEDDA, 0xFFDAEDFF, 0xEFE7F1D2, 0xFFC8F0FF, 0xD3189126, 0xFF99B4FF, 0xC87C37F0, 0xFFBE85FF, 
0xC55631C8, 0xFF6D81FF, 0xC2082EA0, 0xFF5C7EFF, 0xC22E2EC2, 0xFF7E7EFF, 0xC22E2EC2, 0xFF7E7EFF, 
0xC22E2EC2, 0xFF7E7EFF, 0xC2AB2C51, 0xFF8F7DFF, 0xCA4549A2, 0xFF3A8FFF, 0xF48CD744, 0xFF1AE7FF, 
0xFDEFFF02, 0xFFF1FDFF, 0xFA06FEBA, 0xFF85FBFF, 0xFFFFFFFF, 0xFFFFFFFF, 0xFFFFFFFF, 0xFFFFFFFF, 
0xF378D6DC, 0xFF54E6FF, 0xCABA4882, 0xFFD48EFF, 0xC3D02F3E, 0xFF807FFF, 0xC2192EBC, 0xFF717EFF, 
0xC22E2EC2, 0xFF7E7EFF, 0xC22E2EC2, 0xFF7E7EFF, 0xC22E2EC2, 0xFF7E7EFF, 0xC33F2E08, 0xFFAC7EFF, 
0xBCC42919, 0xFFB878FF, 0xCEFB8CD8, 0xFF79B0FF, 0xF01EF209, 0xFFFFF0FF, 0xEDE9EDE9, 0xFFE9EDFF, 
0xEDD3EDD3, 0xFFD3EDFF, 0xEFBCEFBC, 0xE1BCEFDC, 0xF195F195, 0x1E95F123, 0xF0F0F0F0, 0x00F0F000, 
0x00000000, 0x00000000, 0x00000000, 0x00000000, 0x00000000, 0x00000000, 0x00000000, 0x00000000, 
0x00000000, 0x00000000, 0x00000000, 0x00000000, 0x00000000, 0x00000000, 0x00000000, 0x00000000, 
0x00000000, 0x00000000, 0x00000000, 0x00000000, 0x00000000, 0x00000000, 0x00000000, 0x00000000, 
0xF0F0F0F0, 0x00F0F000, 0xF192F192, 0x1D92F1E8, 0xEFC1EFC1, 0xE1C1EFDC, 0xEDD5EDD5, 0xFFD5EDFF, 
0xEDD8EDD8, 0xFFD8EDFF, 0xEFE2F1CE, 0xFFC3F0FF, 0xD3189127, 0xFF9AB4FF, 0xC87C37F0, 0xFFBE85FF, 
0xC55631C8, 0xFF6D81FF, 0xC2082EA0, 0xFF5C7EFF, 0xC22E2EC2, 0xFF7E7EFF, 0xC22D2EC2, 0xFF7E7EFF, 
0xC2FB2DB3, 0xFF5E7EFF, 0xC1DC2AC9, 0xFF727CFF, 0xD32669E2, 0xFFDCA2FF, 0xFA32ED89, 0xFF67F4FF, 
0xFFFFFFFF, 0xFFFFFFFF, 0xF18FDE24, 0xFFE3E7FF, 0xF6A6E3E8, 0xFFFBEDFF, 0xFFFFFFFF, 0xFFFFFFFF, 
0xFF61FFD2, 0xFF99FFFF, 0xED2ABF0A, 0xFFE7D7FF, 0xCC3D4F62, 0xFFE592FF, 0xC2622C3C, 0xFF627DFF, 
0xC22E2EC2, 0xFF7E7EFF, 0xC22E2EC2, 0xFF7E7EFF, 0xC22E2EC2, 0xFF7E7EFF, 0xC33F2E08, 0xFFAC7EFF, 
0xBCC42919, 0xFFB878FF, 0xCEFB8CD8, 0xFF79B0FF, 0xF01CF207, 0xFFFDF0FF, 0xEDFAEDFA, 0xFFFAEDFF, 
0xEDD0EDD0, 0xFFD0EDFF, 0xEFAFEFAF, 0xE1AFEFDC, 0xF19BF19B, 0x1E9BF123, 0xF0F0F0F0, 0x00F0F000, 
0x00000000, 0x00000000, 0x00000000, 0x00000000, 0x00000000, 0x00000000, 0x00000000, 0x00000000, 
0x00000000, 0x00000000, 0x00000000, 0x00000000, 0x00000000, 0x00000000, 0x00000000, 0x00000000, 
0x00000000, 0x00000000, 0x00000000, 0x00000000, 0x00000000, 0x00000000, 0x00000000, 0x00000000, 
0xF0F0F0F0, 0x00F0F000, 0xF16CF16C, 0x1D6CF1E8, 0xEFFAEFFA, 0xE1FAEFDC, 0xEDAAEDAA, 0xFFAAEDFF, 
0xEDD9EDD9, 0xFFD9EDFF, 0xEFDCF1C8, 0xFFBDF0FF, 0xD3189127, 0xFF9AB4FF, 0xC87C37F0, 0xFFBE85FF, 
0xC55631C8, 0xFF6D81FF, 0xC2082EA0, 0xFF5C7EFF, 0xC22B2EC1, 0xFF7C7EFF, 0xC25D2ED0, 0xFF9B7EFF, 
0xC4003329, 0xFF7781FF, 0xC6003B82, 0xFF6A86FF, 0xCB6F4DE0, 0xFFCA91FF, 0xD4CC6CFF, 0xFF21A5FF, 
0xEBF7B842, 0xFF1DD4FF, 0xD86A7BA5, 0xFFC8ADFF, 0xDCFC8541, 0xFF9BB4FF, 0xFFFFFFFF, 0xFFFFFFFF, 
0xFFFFFFFF, 0xFFFFFFFF, 0xF269D3F7, 0xFF76E4FF, 0xC68F3CEF, 0xFF5C87FF, 0xC2AA2C51, 0xFF8F7DFF, 
0xC2352EC4, 0xFF837EFF, 0xC22E2EC2, 0xFF7E7EFF, 0xC22E2EC2, 0xFF7E7EFF, 0xC33F2E08, 0xFFAC7EFF, 
0xBCC42919, 0xFFB878FF, 0xCEFC8CD9, 0xFF7AB0FF, 0xEF0DF2F8, 0xFFEEF0FF, 0xEDDDEDDD, 0xFFDDEDFF, 
0xEDB2EDB2, 0xFFB2EDFF, 0xEFFEEFFE, 0xE1FEEFDC, 0xF16AF16A, 0x1E6AF123, 0xF0F0F0F0, 0x00F0F000, 
0x00000000, 0x00000000, 0x00000000, 0x00000000, 0x00000000, 0x00000000, 0x00000000, 0x00000000, 
0x00000000, 0x00000000, 0x00000000, 0x00000000, 0x00000000, 0x00000000, 0x00000000, 0x00000000, 
0x00000000, 0x00000000, 0x00000000, 0x00000000, 0x00000000, 0x00000000, 0x00000000, 0x00000000, 
0xF0F0F0F0, 0x00F0F000, 0xF127F127, 0x1D27F1E8, 0xF069F069, 0xE169F0DC, 0xED62ED62, 0xFF62EDFF, 
0xEDB9EDB9, 0xFFB9EDFF, 0xEFD5F1C1, 0xFFB6F0FF, 0xD3199127, 0xFF9AB4FF, 0xC87C37F0, 0xFFBE85FF, 
0xC55631C8, 0xFF6D81FF, 0xC2082EA0, 0xFF5C7EFF, 0xC2192EBC, 0xFF717EFF, 0xC2CF2DA7, 0xFF437EFF, 
0xD5BF6D49, 0xFFB9A5FF, 0xF249D018, 0xFF8DE2FF, 0xF9E7E847, 0xFFC0F1FF, 0xDF4A8F12, 0xFF68BAFF, 
0xC4F43222, 0xFF7281FF, 0xC4653203, 0xFF1E81FF, 0xD3DE68E8, 0xFFB2A2FF, 0xEE99C206, 0xFF14DAFF, 
0xF5EEDB7C, 0xFFBEE9FF, 0xDC47867C, 0xFFE2B4FF, 0xC58638C7, 0xFFD884FF, 0xC5E23502, 0xFF3D83FF, 
0xC2962D96, 0xFF217EFF, 0xC22F2EC2, 0xFF7F7EFF, 0xC22E2EC2, 0xFF7E7EFF, 0xC33F2E08, 0xFFAC7EFF, 
0xBCC42919, 0xFFB878FF, 0xCEFC8CD9, 0xFF7AB0FF, 0xEF0DF2F8, 0xFFEEF0FF, 0xEDCEEDCE, 0xFFCEEDFF, 
0xED7EED7E, 0xFF7EEDFF, 0xF073F073, 0xE173F0DC, 0xF122F122, 0x1E22F123, 0xF0F0F0F0, 0x00F0F000, 
0x00000000, 0x00000000, 0x00000000, 0x00000000, 0x00000000, 0x00000000, 0x00000000, 0x00000000, 
0x00000000, 0x00000000, 0x00000000, 0x00000000, 0x00000000, 0x00000000, 0x00000000, 0x00000000, 
0x00000000, 0x00000000, 0x00000000, 0x00000000, 0x00000000, 0x00000000, 0x00000000, 0x00000000, 
0xF0F0F0F0, 0x00F0F000, 0xF0FAF0FA, 0x1DFAF0E8, 0xF0DBF0DB, 0xE1DBF0DC, 0xED4BED4B, 0xFF4BEDFF, 
0xED6CED6C, 0xFF6CEDFF, 0xEFDBF1C7, 0xFFBCF0FF, 0xD3199127, 0xFF9AB4FF, 0xC87C37F0, 0xFFBE85FF, 
0xC55631C8, 0xFF6D81FF, 0xC2082EA0, 0xFF5C7EFF, 0xC2192EBC, 0xFF717EFF, 0xC2112D70, 0xFFCC7DFF, 
0xDE9B8D9E, 0xFF5BB9FF, 0xFFFFFFFF, 0xFFFFFFFF, 0xFFFFFFFF, 0xFFFFFFFF, 0xF41DD861, 0xFF55E7FF, 
0xC82A4005, 0xFF8F89FF, 0xC2D22C5D, 0xFFA87DFF, 0xC37E306F, 0xFFEC7FFF, 0xC4B7335B, 0xFFE681FF, 
0xC9EC46FD, 0xFFC88DFF, 0xD77276DA, 0xFF1DABFF, 0xEFF8C8F9, 0xFFFDDDFF, 0xDD0F8812, 0xFFEDB5FF, 
0xC2532D84, 0xFFF57DFF, 0xC21A2EBC, 0xFF727EFF, 0xC22E2EC2, 0xFF7E7EFF, 0xC33F2E08, 0xFFAC7EFF, 
0xBCC42919, 0xFFB878FF, 0xCEFC8CD9, 0xFF7AB0FF, 0xEF04F2EF, 0xFFE5F0FF, 0xED7DED7D, 0xFF7DEDFF, 
0xED53ED53, 0xFF53EDFF, 0xF0DDF0DD, 0xE1DDF0DC, 0xF0F9F0F9, 0x1EF9F023, 0xF0F0F0F0, 0x00F0F000, 
0x00000000, 0x00000000, 0x00000000, 0x00000000, 0x00000000, 0x00000000, 0x00000000, 0x00000000, 
0x00000000, 0x00000000, 0x00000000, 0x00000000, 0x00000000, 0x00000000, 0x00000000, 0x00000000, 
0x00000000, 0x00000000, 0x00000000, 0x00000000, 0x00000000, 0x00000000, 0x00000000, 0x00000000, 
0xF0F0F0F0, 0x00F0F000, 0xF0F0F0F0, 0x1DF0F0E8, 0xF11AF11A, 0xE11AF1DC, 0xEDB8EDB8, 0xFFB8EDFF, 
0xECBBECBB, 0xFFBBECFF, 0xEFF9F1E5, 0xFFDAF0FF, 0xD3189126, 0xFF99B4FF, 0xC87C37F0, 0xFFBE85FF, 
0xC55631C8, 0xFF6D81FF, 0xC2082EA0, 0xFF5C7EFF, 0xC2202D73, 0xFFD87DFF, 0xC7483E77, 0xFF6388FF, 
0xF49AD73B, 0xFFF8E6FF, 0xFFFFFFFF, 0xFFFFFFFF, 0xFF20FD33, 0xFF44FEFF, 0xE902B249, 0xFFD8CFFF, 
0xCB684C9C, 0xFF1D91FF, 0xC28E2C49, 0xFF7E7DFF, 0xC29F2D99, 0xFF267EFF, 0xC2632C42, 0xFF657DFF, 
0xD4B76A4E, 0xFFCEA3FF, 0xFBA7F135, 0xFFB3F6FF, 0xFFFFFFFF, 0xFFFFFFFF, 0xF31FD7A8, 0xFF79E6FF, 
0xC7153E5A, 0xFF4388FF, 0xC2232D75, 0xFFDA7DFF, 0xC22E2EC2, 0xFF7E7EFF, 0xC33F2E08, 0xFFAC7EFF, 
0xBCC42919, 0xFFB878FF, 0xCEFC8CD9, 0xFF7AB0FF, 0xF018F203, 0xFFF9F0FF, 0xECBFECBF, 0xFFBFECFF, 
0xEDCCEDCC, 0xFFCCEDFF, 0xF119F119, 0xE119F1DC, 0xF0F0F0F0, 0x1EF0F023, 0xF0F0F0F0, 0x00F0F000, 
0x00000000, 0x00000000, 0x00000000, 0x00000000, 0x00000000, 0x00000000, 0x00000000, 0x00000000, 
0x00000000, 0x00000000, 0x00000000, 0x00000000, 0x00000000, 0x00000000, 0x00000000, 0x00000000, 
0x00000000, 0x00000000, 0x00000000, 0x00000000, 0x00000000, 0x00000000, 0x00000000, 0x00000000, 
0xF0F0F0F0, 0x00F0F000, 0xF0F0F0F0, 0x1DF0F0E8, 0xF119F119, 0xE119F1DC, 0xEECDEECD, 0xFFCDEEFF, 
0xEB93EB93, 0xFF93EBFF, 0xEF07F2F3, 0xFFE8F0FF, 0xD3179125, 0xFF98B4FF, 0xC87C37F0, 0xFFBE85FF, 
0xC55631C8, 0xFF6D81FF, 0xC2082EA0, 0xFF5C7EFF, 0xC2582D83, 0xFFFA7DFF, 0xC6B73A69, 0xFF3386FF, 
0xF186CE72, 0xFF5DE1FF, 0xFFFFFFFF, 0xFFFFFFFF, 0xF5AEDD4F, 0xFF65EAFF, 0xCF8B5A02, 0xFF7099FF, 
0xC6BF3A67, 0xFF3C86FF, 0xC2CF2B11, 0xFF087DFF, 0xCB8C4A0E, 0xFFFE8FFF, 0xD7DA7471, 0xFF1AAAFF, 
0xCFA65B9E, 0xFF4B9AFF, 0xEFA8D87B, 0xFF0EE4FF, 0xF795FBE3, 0xFF6AF8FF, 0xEAF9C7B2, 0xFF43DAFF, 
0xC5443AFD, 0xFFC485FF, 0xC25F2D8B, 0xFF017EFF, 0xC22E2EC2, 0xFF7E7EFF, 0xC33F2E08, 0xFFAC7EFF, 
0xBCC42919, 0xFFB878FF, 0xCEFB8CD8, 0xFF79B0FF, 0xF02AF215, 0xFF0BF1FF, 0xEB9DEB9D, 0xFF9DEBFF, 
0xEEDDEEDD, 0xFFDDEEFF, 0xF118F118, 0xE118F1DC, 0xF0F0F0F0, 0x1EF0F023, 0xF0F0F0F0, 0x00F0F000, 
0x00000000, 0x00000000, 0x00000000, 0x00000000, 0x00000000, 0x00000000, 0x00000000, 0x00000000, 
0x00000000, 0x00000000, 0x00000000, 0x00000000, 0x00000000, 0x00000000, 0x00000000, 0x00000000, 
0x00000000, 0x00000000, 0x00000000, 0x00000000, 0x00000000, 0x00000000, 0x00000000, 0x00000000, 
0xF0F0F0F0, 0x00F0F000, 0xF0F0F0F0, 0x1DF0F0E8, 0xF108F108, 0xE108F1DC, 0xEFBFEFBF, 0xFFBFEFFF, 
0xEB30EB30, 0xFF30EBFF, 0xEF4AF136, 0xFF2BF0FF, 0xD3229130, 0xFFA3B4FF, 0xC87C37F0, 0xFFBE85FF, 
0xC55631C8, 0xFF6D81FF, 0xC2082EA0, 0xFF5C7EFF, 0xC2292EC1, 0xFF7B7EFF, 0xC2FE2B1E, 0xFF247DFF, 
0xD9327D15, 0xFFC6AEFF, 0xFD5CFBC9, 0xFF8CFCFF, 0xF4B9EE7E, 0xFFEAF0FF, 0xF426E5C8, 0xFF15EDFF, 
0xDDE08986, 0xFF16B7FF, 0xC53D38B4, 0xFFB884FF, 0xEA25B678, 0xFF66D2FF, 0xFC17F5D0, 0xFF43F9FF, 
0xF8A9E695, 0xFF58F0FF, 0xFC0FF602, 0xFF15F9FF, 0xFCECF934, 0xFFD2FAFF, 0xD7127CAD, 0xFF58ADFF, 
0xC2FE2B1A, 0xFF1F7DFF, 0xC2292EC1, 0xFF7B7EFF, 0xC22E2EC2, 0xFF7E7EFF, 0xC33F2E08, 0xFFAC7EFF, 
0xBCC42919, 0xFFB878FF, 0xCE058DE2, 0xFF83B0FF, 0xEF7CF167, 0xFF5DF0FF, 0xEB3BEB3B, 0xFF3BEBFF, 
0xEFC1EFC1, 0xFFC1EFFF, 0xF108F108, 0xE108F1DC, 0xF0F0F0F0, 0x1EF0F023, 0xF0F0F0F0, 0x00F0F000, 
0x00000000, 0x00000000, 0x00000000, 0x00000000, 0x00000000, 0x00000000, 0x00000000, 0x00000000, 
0x00000000, 0x00000000, 0x00000000, 0x00000000, 0x00000000, 0x00000000, 0x00000000, 0x00000000, 
0x00000000, 0x00000000, 0x00000000, 0x00000000, 0x00000000, 0x00000000, 0x00000000, 0x00000000, 
0xF0F0F0F0, 0x00F0F000, 0xF0F0F0F0, 0x1DF0F0E8, 0xF107F107, 0xE107F1DC, 0xEFEDEFED, 0xFFEDEFFF, 
0xEC93EC93, 0xFF93ECFF, 0xEDB1EF9C, 0xFF92EEFF, 0xD31B912A, 0xFF9DB4FF, 0xC87C37F0, 0xFFBE85FF, 
0xC55631C8, 0xFF6D81FF, 0xC2082EA0, 0xFF5C7EFF, 0xC22F2EC2, 0xFF7E7EFF, 0xC2522D87, 0xFFF97DFF, 
0xC55F39D9, 0xFF4985FF, 0xE88BBD7F, 0xFF28D4FF, 0xF77EFBE8, 0xFF8AF8FF, 0xFFFFFFFF, 0xFFFFFFFF, 
0xE1FB951A, 0xFF99BEFF, 0xD3896784, 0xFFE7A1FF, 0xFDA4F8D8, 0xFF6FFBFF, 0xFFFFFFFF, 0xFFFFFFFF, 
0xFFFFFFFF, 0xFFFFFFFF, 0xFFFFFFFF, 0xFFFFFFFF, 0xEDA9C275, 0xFFAAD9FF, 0xC56639BA, 0xFF3485FF, 
0xC2502D87, 0xFFF97DFF, 0xC22F2EC2, 0xFF7E7EFF, 0xC22E2EC2, 0xFF7E7EFF, 0xC33F2E08, 0xFFAC7EFF, 
0xBCC42919, 0xFFB978FF, 0xCEFF8CDC, 0xFF7DB0FF, 0xEDD2EFBD, 0xFFB3EEFF, 0xEC87EC87, 0xFF87ECFF, 
0xEFE8EFE8, 0xFFE8EFFF, 0xF107F107, 0xE107F1DC, 0xF0F0F0F0, 0x1EF0F023, 0xF0F0F0F0, 0x00F0F000, 
0x00000000, 0x00000000, 0x00000000, 0x00000000, 0x00000000, 0x00000000, 0x00000000, 0x00000000, 
0x00000000, 0x00000000, 0x00000000, 0x00000000, 0x00000000, 0x00000000, 0x00000000, 0x00000000, 
0x00000000, 0x00000000, 0x00000000, 0x00000000, 0x00000000, 0x00000000, 0x00000000, 0x00000000, 
0xF0F0F0F0, 0x00F0F000, 0xF0F0F0F0, 0x1DF0F0E8, 0xF107F107, 0xE107F1DC, 0xEFDBEFDB, 0xFFDBEFFF, 
0xEDCBEDCB, 0xFFCBEDFF, 0xED9EEF8A, 0xFF7FEEFF, 0xD1BD8FCB, 0xFF3EB3FF, 0xC88A37FE, 0xFFCC85FF, 
0xC55631C8, 0xFF6D81FF, 0xC2082EA0, 0xFF5C7EFF, 0xC22E2EC2, 0xFF7E7EFF, 0xC2342EC4, 0xFF827EFF, 
0xC2162C38, 0xFF407DFF, 0xCCF056C2, 0xFF5696FF, 0xEECDCB94, 0xFF4BDEFF, 0xF9B6EAD0, 0xFFE0F2FF, 
0xDDFA898D, 0xFF28B7FF, 0xC52D38AB, 0xFFA584FF, 0xEA0DB662, 0xFF51D2FF, 0xFC1BF5D2, 0xFF46F9FF, 
0xF891E7DE, 0xFFEBF0FF, 0xF1D4CE9D, 0xFFA8E1FF, 0xCF97594F, 0xFF3999FF, 0xC2FC2B1D, 0xFF237DFF, 
0xC2342EC4, 0xFF827EFF, 0xC22E2EC2, 0xFF7E7EFF, 0xC22E2EC2, 0xFF7E7EFF, 0xC33F2E08, 0xFFAC7EFF, 
0xBCD32928, 0xFFC878FF, 0xCD9A8B77, 0xFF18AFFF, 0xEDB5EFA0, 0xFF96EEFF, 0xEDB9EDB9, 0xFFB9EDFF, 
0xEFDCEFDC, 0xFFDCEFFF, 0xF107F107, 0xE107F1DC, 0xF0F0F0F0, 0x1EF0F023, 0xF0F0F0F0, 0x00F0F000, 
0x00000000, 0x00000000, 0x00000000, 0x00000000, 0x00000000, 0x00000000, 0x00000000, 0x00000000, 
0x00000000, 0x00000000, 0x00000000, 0x00000000, 0x00000000, 0x00000000, 0x00000000, 0x00000000, 
0x00000000, 0x00000000, 0x00000000, 0x00000000, 0x00000000, 0x00000000, 0x00000000, 0x00000000, 
0xF0F0F0F0, 0x00F0F000, 0xF0F0F0F0, 0x1DF0F0E8, 0xF107F107, 0xE107F1DC, 0xEFD6EFD6, 0xFFD6EFFF, 
0xEDD6EDD6, 0xFFD6EDFF, 0xEF8DF179, 0xFF6EF0FF, 0xD1E08FF2, 0xFF63B3FF, 0xC88037F4, 0xFFC285FF, 
0xC55631C8, 0xFF6D81FF, 0xC2082EA0, 0xFF5C7EFF, 0xC22E2EC2, 0xFF7E7EFF, 0xC22E2EC2, 0xFF7E7EFF, 
0xC2262EC0, 0xFF797EFF, 0xC2912DA1, 0xFF277EFF, 0xC62D3CDD, 0xFF2B87FF, 0xCA58471B, 0xFF068EFF, 
0xC6943A60, 0xFF2586FF, 0xC2D32B12, 0xFF0B7DFF, 0xCB874A06, 0xFFF98FFF, 0xD71176B5, 0xFFD1AAFF, 
0xC93346C5, 0xFF528DFF, 0xC61F3CD0, 0xFF1B87FF, 0xC27E2D8F, 0xFF127EFF, 0xC2262EC0, 0xFF797EFF, 
0xC22E2EC2, 0xFF7E7EFF, 0xC22E2EC2, 0xFF7E7EFF, 0xC22E2EC2, 0xFF7E7EFF, 0xC33F2E08, 0xFFAC7EFF, 
0xBCC7291D, 0xFFBC78FF, 0xCDAC8B8C, 0xFF2CAFFF, 0xEF9FF18A, 0xFF80F0FF, 0xEDCBEDCB, 0xFFCBEDFF, 
0xEFDBEFDB, 0xFFDBEFFF, 0xF107F107, 0xE107F1DC, 0xF0F0F0F0, 0x1EF0F023, 0xF0F0F0F0, 0x00F0F000, 
0x00000000, 0x00000000, 0x00000000, 0x00000000, 0x00000000, 0x00000000, 0x00000000, 0x00000000, 
0x00000000, 0x00000000, 0x00000000, 0x00000000, 0x00000000, 0x00000000, 0x00000000, 0x00000000, 
0x00000000, 0x00000000, 0x00000000, 0x00000000, 0x00000000, 0x00000000, 0x00000000, 0x00000000, 
0xF0F0F0F0, 0x00F0F000, 0xF0F0F0F0, 0x1DF0F0E8, 0xF106F106, 0xE106F1DC, 0xEFE3EFE3, 0xFFE3EFFF, 
0xEDDAEDDA, 0xFFDAEDFF, 0xEFFAF1E4, 0xFFDAF0FF, 0xD2A590ED, 0xFF45B4FF, 0xC86837FD, 0xFFBD85FF, 
0xC55831C9, 0xFF6F81FF, 0xC2082EA0, 0xFF5C7EFF, 0xC22E2EC2, 0xFF7E7EFF, 0xC22E2EC2, 0xFF7E7EFF, 
0xC22F2EC2, 0xFF7E7EFF, 0xC2272EC0, 0xFF7A7EFF, 0xC2402D7D, 0xFFEB7DFF, 0xC2892C47, 0xFF7A7DFF, 
0xC25F2D86, 0xFFFE7DFF, 0xC2392EC5, 0xFF857EFF, 0xC2B72D9E, 0xFF347EFF, 0xC3632F18, 0xFF3C7FFF, 
0xC2962C4B, 0xFF827DFF, 0xC23F2D7D, 0xFFEA7DFF, 0xC2272EC0, 0xFF7A7EFF, 0xC22F2EC2, 0xFF7E7EFF, 
0xC22E2EC2, 0xFF7E7EFF, 0xC22E2EC2, 0xFF7E7EFF, 0xC22E2EC2, 0xFF7E7EFF, 0xC3412E09, 0xFFAE7EFF, 
0xBCA4291E, 0xFFAC78FF, 0xCE938CB6, 0xFF38B0FF, 0xF01DF206, 0xFFFDF0FF, 0xEDC9EDC9, 0xFFC9EDFF, 
0xEFE1EFE1, 0xFFE1EFFF, 0xF106F106, 0xE106F1DC, 0xF0F0F0F0, 0x1EF0F023, 0xF0F0F0F0, 0x00F0F000, 
0x00000000, 0x00000000, 0x00000000, 0x00000000, 0x00000000, 0x00000000, 0x00000000, 0x00000000, 
0x00000000, 0x00000000, 0x00000000, 0x00000000, 0x00000000, 0x00000000, 0x00000000, 0x00000000, 
0x00000000, 0x00000000, 0x00000000, 0x00000000, 0x00000000, 0x00000000, 0x00000000, 0x00000000, 
0xF109F28E, 0x00FCF000, 0xF109F28E, 0x1DFCF0E8, 0xF115F29B, 0xE108F1DC, 0xF05FF1E4, 0xFF52F0FF, 
0xEEAAEE2F, 0xFF9CEDFF, 0xEF4DF2C7, 0xFF26F0FF, 0xD7FAA2D9, 0xFFB4BEFF, 0xC70039E1, 0xFF1385FF, 
0xC6AC3027, 0xFF8580FF, 0xC3B22D23, 0xFFB17DFF, 0xC3D62D43, 0xFFD17DFF, 0xC3D62D43, 0xFFD17DFF, 
0xC3D62D43, 0xFFD17DFF, 0xC3D62D43, 0xFFD17DFF, 0xC3D62D43, 0xFFD17DFF, 0xC3D62D43, 0xFFD17DFF, 
0xC3D62D43, 0xFFD17DFF, 0xC3D72D43, 0xFFD17DFF, 0xC3CE2D41, 0xFFCB7DFF, 0xC3A92D36, 0xFFB57DFF, 
0xC3D62D43, 0xFFD07DFF, 0xC3D62D43, 0xFFD17DFF, 0xC3D62D43, 0xFFD17DFF, 0xC3D62D43, 0xFFD17DFF, 
0xC3D62D43, 0xFFD17DFF, 0xC3D62D43, 0xFFD17DFF, 0xC3D92D45, 0xFFD37DFF, 0xC3862D59, 0xFFB77DFF, 
0xBC7A2C1E, 0xFF3E79FF, 0xD575A022, 0xFF1DBCFF, 0xEF7EF2F9, 0xFF57F0FF, 0xEEABEE31, 0xFF9EEDFF, 
0xF066F1EB, 0xFF59F0FF, 0xF115F29A, 0xE107F1DC, 0xF109F28E, 0x1EFCF023, 0xF109F28E, 0x00FCF000, 
0x00000000, 0x00000000, 0x00000000, 0x00000000, 0x00000000, 0x00000000, 0x00000000, 0x00000000, 
0x00000000, 0x00000000, 0x00000000, 0x00000000, 0x00000000, 0x00000000, 0x00000000, 0x00000000, 
0x00000000, 0x00000000, 0x00000000, 0x00000000, 0x00000000, 0x00000000, 0x00000000, 0x00000000, 
0xE6FDDD43, 0x0023F000, 0xE6FDDD43, 0x1D23F0E8, 0xE6FEDD44, 0xE124F0DC, 0xE6FCDD42, 0xFF21F0FF, 
0xE40DDC53, 0xFF33EEFF, 0xE282DA14, 0xFF47ECFF, 0xDA81C6A3, 0xFF06DFFF, 0xBC6C6042, 0xFF989FFF, 
0xB2093264, 0xFF0185FF, 0xB1FA2E46, 0xFF1483FF, 0xB1322F58, 0xFF3683FF, 0xB1322F58, 0xFF3683FF, 
0xB1412F68, 0xFF4683FF, 0xB1422F69, 0xFF4783FF, 0xB1352F5B, 0xFF3983FF, 0xB1322F59, 0xFF3783FF, 
0xB1322F58, 0xFF3683FF, 0xB1322F58, 0xFF3683FF, 0xB1322F58, 0xFF3683FF, 0xB1322F59, 0xFF3783FF, 
0xB1332F59, 0xFF3783FF, 0xB1352F5B, 0xFF3A83FF, 0xB1432F69, 0xFF4783FF, 0xB1422F68, 0xFF4683FF, 
0xB1322F58, 0xFF3683FF, 0xB1312F57, 0xFF3683FF, 0xB10A2F54, 0xFF2183FF, 0xB19F3025, 0xFFBF83FF, 
0xB9495D2C, 0xFFA09CFF, 0xDA6FC66C, 0xFFE5DEFF, 0xE282DA15, 0xFF47ECFF, 0xE4F6DB3C, 0xFF1CEEFF, 
0xE6FBDD41, 0xFF21F0FF, 0xE6FEDD44, 0xE124F0DC, 0xE6FDDD43, 0x1E23F023, 0xE6FDDD43, 0x0023F000, 
0x00000000, 0x00000000, 0x00000000, 0x00000000, 0x00000000, 0x00000000, 0x00000000, 0x00000000, 
0x00000000, 0x00000000, 0x00000000, 0x00000000, 0x00000000, 0x00000000, 0x00000000, 0x00000000, 
0x00000000, 0x00000000, 0x00000000, 0x00000000, 0x00000000, 0x00000000, 0x00000000, 0x00000000, 
0xD271BA3D, 0x00A3EE00, 0xD271BA3D, 0x1DA3EEE8, 0xD271BA3C, 0xE1A2EEDC, 0xD273BA3F, 0xFFA5EEFF, 
0xD271BA3C, 0xFFA2EEFF, 0xD1A0B972, 0xFFD5EDFF, 0xD082B9A5, 0xFF58EDFF, 0xCCCBB1FD, 0xFFD8E7FF, 
0xC6EBA1E3, 0xFF3EDDFF, 0xC649A06F, 0xFF3BDCFF, 0xC67DA092, 0xFF67DCFF, 0xC5AA9FBF, 0xFF93DBFF, 
0xC4679E7C, 0xFF51DAFF, 0xC55F9F74, 0xFF49DBFF, 0xC61FA034, 0xFF08DCFF, 0xC668A07D, 0xFF52DCFF, 
0xC682A097, 0xFF6BDCFF, 0xC68CA0A1, 0xFF75DCFF, 0xC68CA0A1, 0xFF76DCFF, 0xC67BA090, 0xFF65DCFF, 
0xC666A07B, 0xFF4FDCFF, 0xC61FA034, 0xFF08DCFF, 0xC55D9F72, 0xFF47DBFF, 0xC46A9E7F, 0xFF53DAFF, 
0xC5B09FC5, 0xFF99DBFF, 0xC688A09D, 0xFF72DCFF, 0xC664A089, 0xFF56DCFF, 0xC605A2FC, 0xFF56DDFF, 
0xCD1DB249, 0xFF20E8FF, 0xD07FB9A1, 0xFF55EDFF, 0xD19AB96C, 0xFFCFEDFF, 0xD26FBA3A, 0xFFA0EEFF, 
0xD274BA3F, 0xFFA5EEFF, 0xD271BA3C, 0xE1A2EEDC, 0xD271BA3D, 0x1EA3EE23, 0xD271BA3D, 0x00A3EE00, 
0x00000000, 0x00000000, 0x00000000, 0x00000000, 0x00000000, 0x00000000, 0x00000000, 0x00000000, 
0x00000000, 0x00000000, 0x00000000, 0x00000000, 0x00000000, 0x00000000, 0x00000000, 0x00000000, 
0x00000000, 0x00000000, 0x00000000, 0x00000000, 0x00000000, 0x00000000, 0x00000000, 0x00000000, 
0xF1FFF189, 0x00FBF000, 0xF1FFF189, 0x1EFBF023, 0xF1FFF189, 0xE3FBF099, 0xF1FFF189, 0xFFFBF0FF, 
0xF100F289, 0xFFFCF0FF, 0xF10BF295, 0xFF08F1FF, 0xF11DF2A9, 0xFF1BF1FF, 0xF183F2C7, 0xFF5AF1FF, 
0xF1B7F260, 0xFF3AF1FF, 0xF064F2F9, 0xFFDCF0FF, 0xF065F2FB, 0xFFDDF0FF, 0xF03EF2D4, 0xFFB6F0FF, 
0xEF65F1FB, 0xFFDEEFFF, 0xEE52F0E8, 0xFFCAEEFF, 0xEECFEF65, 0xFF48EEFF, 0xEEEAEF80, 0xFF63EEFF, 
0xEE34F0CA, 0xFFACEEFF, 0xEE67F0FD, 0xFFDFEEFF, 0xEE5EF0F4, 0xFFD7EEFF, 0xEE3BF0D1, 0xFFB4EEFF, 
0xEEE4EF7A, 0xFF5DEEFF, 0xEED3EF69, 0xFF4CEEFF, 0xEE50F0E6, 0xFFC9EEFF, 0xEF5EF1F4, 0xFFD6EFFF, 
0xF03FF2D5, 0xFFB8F0FF, 0xF16BF201, 0xFFE4F0FF, 0xF172F206, 0xFFEAF0FF, 0xF1C9F273, 0xFF4CF1FF, 
0xF189F2CD, 0xFF60F1FF, 0xF11DF2A9, 0xFF1AF1FF, 0xF10BF295, 0xFF08F1FF, 0xF100F289, 0xFFFCF0FF, 
0xF1FFF189, 0xFFFBF0FF, 0xF1FFF189, 0xE3FBF099, 0xF1FFF189, 0x1EFBF05F, 0xF1FFF189, 0x00FBF000, 
0x00000000, 0x00000000, 0x00000000, 0x00000000, 0x00000000, 0x00000000, 0x00000000, 0x00000000, 
0x00000000, 0x00000000, 0x00000000, 0x00000000, 0x00000000, 0x00000000, 0x00000000, 0x00000000, 
0x00000000, 0x00000000, 0x00000000, 0x00000000, 0x00000000, 0x00000000, 0x00000000, 0x00000000, 
0xF0F0F0F0, 0x00F0F000, 0xF0F0F0F0, 0x1AF0F063, 0xF0F0F0F0, 0xC7F0F044, 0xF0F0F0F0, 0xE3F0F099, 
0xF0F0F0F0, 0xE1F0F0DC, 0xF0F0F0F0, 0xE1F0F0DC, 0xF0F0F0F0, 0xE1F0F0DC, 0xF0F1F0F1, 0xE1F1F0DC, 
0xF0FCF0FC, 0xE1FCF0DC, 0xF107F107, 0xE107F1DC, 0xF107F107, 0xE107F1DC, 0xF109F109, 0xE109F1DC, 
0xF118F118, 0xE118F1DC, 0xF11AF11A, 0xE11AF1DC, 0xF0DEF0DE, 0xE1DEF0DC, 0xF06CF06C, 0xE16CF0DC, 
0xEFFDEFFD, 0xE1FDEFDC, 0xEFCCEFCC, 0xE1CCEFDC, 0xEFC6EFC6, 0xE1C6EFDC, 0xF001F001, 0xE101F0DC, 
0xF068F068, 0xE168F0DC, 0xF0DCF0DC, 0xE1DCF0DC, 0xF11BF11B, 0xE11BF1DC, 0xF119F119, 0xE119F1DC, 
0xF108F108, 0xE108F1DC, 0xF106F106, 0xE106F1DC, 0xF106F106, 0xE106F1DC, 0xF0FBF0FB, 0xE1FBF0DC, 
0xF0F0F0F0, 0xE1F0F0DC, 0xF0F0F0F0, 0xE1F0F0DC, 0xF0F0F0F0, 0xE1F0F0DC, 0xF0F0F0F0, 0xE1F0F0DC, 
0xF0F0F0F0, 0xE3F0F099, 0xF0F0F0F0, 0xC7F0F044, 0xF0F0F0F0, 0x1AF0F097, 0xF0F0F0F0, 0x00F0F000, 
0x00000000, 0x00000000, 0x00000000, 0x00000000, 0x00000000, 0x00000000, 0x00000000, 0x00000000, 
0x00000000, 0x00000000, 0x00000000, 0x00000000, 0x00000000, 0x00000000, 0x00000000, 0x00000000, 
0x00000000, 0x00000000, 0x00000000, 0x00000000, 0x00000000, 0x00000000, 0x00000000, 0x00000000, 
0xF0F0F0F0, 0x00F0F000, 0xF0F0F0F0, 0x03F0F07F, 0xF0F0F0F0, 0x1AF0F063, 0xF0F0F0F0, 0x1EF0F023, 
0xF0F0F0F0, 0x1DF0F0E8, 0xF0F0F0F0, 0x1DF0F0E8, 0xF0F0F0F0, 0x1DF0F0E8, 0xF0F0F0F0, 0x1DF0F0E8, 
0xF0F0F0F0, 0x1DF0F0E8, 0xF0F0F0F0, 0x1DF0F0E8, 0xF0F0F0F0, 0x1DF0F0E8, 0xF0F0F0F0, 0x1DF0F0E8, 
0xF0F0F0F0, 0x1DF0F0E8, 0xF0F0F0F0, 0x1DF0F0E8, 0xF0F9F0F9, 0x1DF9F0E8, 0xF126F126, 0x1D26F1E8, 
0xF16BF16B, 0x1D6BF1E8, 0xF18CF18C, 0x1D8CF1E8, 0xF18FF18F, 0x1D8FF1E8, 0xF169F169, 0x1D69F1E8, 
0xF128F128, 0x1D28F1E8, 0xF0FAF0FA, 0x1DFAF0E8, 0xF0F0F0F0, 0x1DF0F0E8, 0xF0F0F0F0, 0x1DF0F0E8, 
0xF0F0F0F0, 0x1DF0F0E8, 0xF0F0F0F0, 0x1DF0F0E8, 0xF0F0F0F0, 0x1DF0F0E8, 0xF0F0F0F0, 0x1DF0F0E8, 
0xF0F0F0F0, 0x1DF0F0E8, 0xF0F0F0F0, 0x1DF0F0E8, 0xF0F0F0F0, 0x1DF0F0E8, 0xF0F0F0F0, 0x1DF0F0E8, 
0xF0F0F0F0, 0x1EF0F023, 0xF0F0F0F0, 0x1AF0F063, 0xF0F0F0F0, 0x03F0F085, 0xF0F0F0F0, 0x00F0F000, 
0x00000000, 0x00000000, 0x00000000, 0x00000000, 0x00000000, 0x00000000, 0x00000000, 0x00000000, 
0x00000000, 0x00000000, 0x00000000, 0x00000000, 0x00000000, 0x00000000, 0x00000000, 0x00000000, 
0x00000000, 0x00000000, 0x00000000, 0x00000000, 0x00000000, 0x00000000, 0x00000000, 0x00000000, 
0xF0F0F0F0, 0x00F0F005, 0xF0F0F0F0, 0x00F0F000, 0xF0F0F0F0, 0x00F0F000, 0xF0F0F0F0, 0x00F0F000, 
0xF0F0F0F0, 0x00F0F000, 0xF0F0F0F0, 0x00F0F000, 0xF0F0F0F0, 0x00F0F000, 0xF0F0F0F0, 0x00F0F000, 
0xF0F0F0F0, 0x00F0F000, 0xF0F0F0F0, 0x00F0F000, 0xF0F0F0F0, 0x00F0F000, 0xF0F0F0F0, 0x00F0F000, 
0xF0F0F0F0, 0x00F0F000, 0xF0F0F0F0, 0x00F0F000, 0xF0F0F0F0, 0x00F0F000, 0xF0F0F0F0, 0x00F0F000, 
0xF0F0F0F0, 0x00F0F000, 0xF0F0F0F0, 0x00F0F000, 0xF0F0F0F0, 0x00F0F000, 0xF0F0F0F0, 0x00F0F000, 
0xF0F0F0F0, 0x00F0F000, 0xF0F0F0F0, 0x00F0F000, 0xF0F0F0F0, 0x00F0F000, 0xF0F0F0F0, 0x00F0F000, 
0xF0F0F0F0, 0x00F0F000, 0xF0F0F0F0, 0x00F0F000, 0xF0F0F0F0, 0x00F0F000, 0xF0F0F0F0, 0x00F0F000, 
0xF0F0F0F0, 0x00F0F000, 0xF0F0F0F0, 0x00F0F000, 0xF0F0F0F0, 0x00F0F000, 0xF0F0F0F0, 0x00F0F000, 
0xF0F0F0F0, 0x00F0F000, 0xF0F0F0F0, 0x00F0F000, 0xF0F0F0F0, 0x00F0F000, 0xF0F0F0F0, 0x00F0F004, 
0x00000000, 0x00000000, 0x00000000, 0x00000000, 0x00000000, 0x00000000, 0x00000000, 0x00000000, 
0x00000000, 0x00000000, 0x00000000, 0x00000000, 0x00000000, 0x00000000, 0x00000000, 0x00000000, 
0x00000000, 0x00000000, 0x00000000, 0x00000000, 0x00000000, 0x00000000, 0x00000000, 0x00000000, 

};

static const uint32_t adwaita_icon_terminal[] = {
0x00000000, 0x00000002, 0x00000000, 0x00000000, 0x00000000, 0x00000000, 0x00000000, 0x00000000, 
0x00000000, 0x00000000, 0x00000000, 0x00000000, 0x00000000, 0x00000001, 0x00000000, 0x00000000, 
0x00000000, 0x00000000, 0x00000000, 0x00000000, 0x00000000, 0x00000000, 0x00000000, 0x00000000, 
0x00000000, 0x00000000, 0x00000000, 0x00000000, 0x00000000, 0x00000000, 0x00000000, 0x00000000, 
0x00000000, 0x00000000, 0x00000000, 0x00000000, 0x00000000, 0x00000000, 0x00000000, 0x00000000, 
0x00000000, 0x00000000, 0x00000000, 0x00000000, 0x00000000, 0x00000000, 0x00000000, 0x00000000, 
0x00000000, 0x00000000, 0x00000000, 0x00000000, 0x00000000, 0x00000000, 0x00000000, 0x00000000, 
0x00000000, 0x00000000, 0x00000000, 0x00000000, 0x00000000, 0x00000000, 0x00000000, 0x00000000, 
0x00000000, 0x00000000, 0x00000000, 0x00000000, 0x00000000, 0x00000000, 0x00000000, 0x00000000, 
0x00000000, 0x00000000, 0x00000000, 0x00000000, 0x00000000, 0x00000000, 0x00000000, 0x00000000, 
0x00000000, 0x00000002, 0x00000000, 0x00000000, 0x00000000, 0x00000000, 0x00000000, 0x00000000, 
0x00000000, 0x00000000, 0x00000000, 0x00000000, 0x00000000, 0x00000000, 0x00000000, 0x00000003, 
0x00000000, 0x00000000, 0x00000000, 0x010000EA, 0x00000000, 0x0B0000BC, 0x00000000, 0x070000BB, 
0x00000000, 0x09000037, 0x00000000, 0x030000CF, 0x00000000, 0x00000000, 0x00000000, 0x00000000, 
0x00000000, 0x00000000, 0x00000000, 0x00000000, 0x00000000, 0x00000000, 0x00000000, 0x00000000, 
0x00000000, 0x00000000, 0x00000000, 0x00000000, 0x00000000, 0x00000000, 0x00000000, 0x00000000, 
0x00000000, 0x00000000, 0x00000000, 0x00000000, 0x00000000, 0x00000000, 0x00000000, 0x00000000, 
0x00000000, 0x00000000, 0x00000000, 0x00000000, 0x00000000, 0x00000000, 0x00000000, 0x00000000, 
0x00000000, 0x00000000, 0x00000000, 0x00000000, 0x00000000, 0x00000000, 0x00000000, 0x00000000, 
0x00000000, 0x00000000, 0x00000000, 0x00000000, 0x00000000, 0x00000000, 0x00000000, 0x00000000, 
0x00000000, 0x00000000, 0x00000000, 0x00000000, 0x00000000, 0x00000000, 0x00000000, 0x00000000, 
0x00000000, 0x00000000, 0x00000000, 0x00000000, 0x00000000, 0x00000000, 0x00000000, 0x00000000, 
0x00000000, 0x00000000, 0x00000000, 0x02000008, 0x00000000, 0x0A000040, 0x00000000, 0x0800003C, 
0x00000000, 0x090000A8, 0x00000000, 0x0A000038, 0x00000000, 0x0400009A, 0x00000000, 0x00000000, 
0x00000000, 0x00000000, 0x00000000, 0x080000A2, 0x00000000, 0x3B00005D, 0x00000000, 0x3900007A, 
0x00000000, 0x41000019, 0x00000000, 0x1A000081, 0xA8C7A8C7, 0x00C7A800, 0xF0C0F0C0, 0x00C0F000, 
0xF0F0F0F0, 0x00F0F000, 0xF0F0F0F0, 0x00F0F000, 0xF0F0F0F0, 0x00F0F000, 0xF0F0F0F0, 0x00F0F000, 
0xF0F0F0F0, 0x00F0F000, 0xF0F0F0F0, 0x00F0F000, 0xF0F0F0F0, 0x00F0F000, 0xF0F0F0F0, 0x00F0F000, 
0xF0F0F0F0, 0x00F0F000, 0xF0F0F0F0, 0x00F0F000, 0xF0F0F0F0, 0x00F0F000, 0xF0F0F0F0, 0x00F0F000, 
0xF0F0F0F0, 0x00F0F000, 0xF0F0F0F0, 0x00F0F000, 0xF0F0F0F0, 0x00F0F000, 0xF0F0F0F0, 0x00F0F000, 
0xF0F0F0F0, 0x00F0F000, 0xF0F0F0F0, 0x00F0F000, 0xF0F0F0F0, 0x00F0F000, 0xF0F0F0F0, 0x00F0F000, 
0xF0F0F0F0, 0x00F0F000, 0xF0F0F0F0, 0x00F0F000, 0xF0F0F0F0, 0x00F0F000, 0xF0F0F0F0, 0x00F0F000, 
0xF0F0F0F0, 0x00F0F000, 0xF0F0F0F0, 0x00F0F000, 0xF0F0F0F0, 0x00F0F000, 0xF0F0F0F0, 0x00F0F004, 
0x00000000, 0x00000000, 0x00000000, 0x00000000, 0x00000000, 0x00000000, 0x00000000, 0x00000000, 
0x00000000, 0x00000000, 0x00000000, 0x08000036, 0x00000000, 0x3B000017, 0x00000000, 0x3E000052, 
0x00000000, 0x420000FA, 0x00000000, 0x400000A7, 0x00000000, 0x2100008D, 0x00000000, 0x00000000, 
0xD6D7D6D7, 0x00D7D600, 0xDB1ADB1A, 0x031ADBDF, 0xD8E8D8E8, 0x1DE8D889, 0xD2A4D2A4, 0x22A4D2BD, 
0xD087D087, 0x2287D0D3, 0xE320E320, 0x1F20E3F9, 0xF182F182, 0x1E82F111, 0xF0F0F0F0, 0x1EF0F023, 
0xF0F0F0F0, 0x1EF0F023, 0xF0F0F0F0, 0x1EF0F023, 0xF0F0F0F0, 0x1EF0F023, 0xF0F0F0F0, 0x1EF0F023, 
0xF0F0F0F0, 0x1EF0F023, 0xF0F0F0F0, 0x1EF0F023, 0xF0F9F0F9, 0x1EF9F023, 0xF11EF121, 0x1E25F123, 
0xF1E7F1B4, 0x1E76F123, 0xF585F704, 0x1EF5F123, 0xF469F65D, 0x1EDFF123, 0xF18EF180, 0x1E6FF123, 
0xF123F125, 0x1E26F123, 0xF0F9F0F9, 0x1EF9F023, 0xF0F0F0F0, 0x1EF0F023, 0xF0F0F0F0, 0x1EF0F023, 
0xF0F0F0F0, 0x1EF0F023, 0xF0F0F0F0, 0x1EF0F023, 0xF0F0F0F0, 0x1EF0F023, 0xF0F0F0F0, 0x1EF0F023, 
0xF0F0F0F0, 0x1EF0F023, 0xF0F0F0F0, 0x1EF0F023, 0xF0F0F0F0, 0x1EF0F023, 0xF0F0F0F0, 0x1EF0F023, 
0xF0F0F0F0, 0x1EF0F05F, 0xF0F0F0F0, 0x1AF0F097, 0xF0F0F0F0, 0x03F0F08C, 0xF0F0F0F0, 0x00F0F000, 
0x00000000, 0x00000000, 0x00000000, 0x00000000, 0x00000000, 0x00000000, 0x00000000, 0x00000000, 
0xD660D660, 0x0060D600, 0xDD8FDD8F, 0x038FDDDC, 0xC4FBC4FB, 0x20FBC486, 0xCC39CC39, 0x2339CCD5, 
0xD13FD13F, 0x223FD1F8, 0xCED2CED2, 0x1ED2CEFA, 0x8D508D50, 0x06508D01, 0xC0CBC0CB, 0x00CBC000, 
0xF117F117, 0x0017F100, 0xF111F111, 0x1A11F15F, 0xF112F112, 0xC712F128, 0xF118F118, 0xE318F173, 
0xF11BF11B, 0xE11BF1B3, 0xF100F100, 0xE100F1CC, 0xF0EFF0EF, 0xE1EFF0DC, 0xF0F1F0F1, 0xE1F1F0DC, 
0xF0FDF0FD, 0xE1FDF0DC, 0xF109F109, 0xE109F1DC, 0xF107F107, 0xE107F1DC, 0xF109F109, 0xE109F1DC, 
0xF118F118, 0xE118F1DC, 0xF11BF11B, 0xE11BF1DC, 0xF0DCF0DD, 0xE1DFF0DC, 0xF0C3F09E, 0xE172F0DC, 
0xF0BCF069, 0xE105F0DC, 0xE887E3AC, 0xE1F8EEDC, 0xEA19E630, 0xE128EFDC, 0xF06CF1D0, 0xE111F0DC, 
0xF08BF07E, 0xE16DF0DC, 0xF0DDF0DE, 0xE1DEF0DC, 0xF11CF11C, 0xE11CF1DC, 0xF118F118, 0xE118F1DC, 
0xF108F108, 0xE108F1DC, 0xF106F106, 0xE106F1DC, 0xF106F106, 0xE106F1DC, 0xF0FCF0FC, 0xE1FCF0DC, 
0xF0F0F0F0, 0xE1F0F0DC, 0xF0F0F0F0, 0xE1F0F0DC, 0xF0F0F0F0, 0xE1F0F0DC, 0xF0F0F0F0, 0xE1F0F0DC, 
0xF0F0F0F0, 0xE3F0F099, 0xF0F0F0F0, 0xC7F0F044, 0xF0F0F0F0, 0x1AF0F097, 0xF0F0F0F0, 0x00F0F000, 
0x00000000, 0x00000000, 0x00000000, 0x00000000, 0x00000000, 0x00000000, 0x00000000, 0x00000000, 
0xF119F119, 0x0019F100, 0xF107F107, 0x1A07F195, 0xF14DF14D, 0xC64DF1F8, 0xF12FF12F, 0xE32FF15E, 
0xF119F119, 0xE319F172, 0xF11FF11F, 0xC71FF11E, 0xF1B7F1B7, 0x1AB7F14D, 0xF137F137, 0x0037F100, 
0xF0F0F0F0, 0x00F0F000, 0xF0F0F0F0, 0x1EF0F023, 0xF0F0F0F0, 0xE3F0F099, 0xF0F0F0F0, 0xFFF0F0FF, 
0xF0F0F0F0, 0xFFF0F0FF, 0xF0F0F0F0, 0xFFF0F0FF, 0xF0FFF0FF, 0xFFFFF0FF, 0xF101F101, 0xFF01F1FF, 
0xF045F045, 0xFF45F0FF, 0xEFC1EFC1, 0xFFC1EFFF, 0xEFE6EFE6, 0xFFE6EFFF, 0xEFBCEFBC, 0xFFBCEFFF, 
0xEED5EED5, 0xFFD5EEFF, 0xEDB7EDB8, 0xFFBAEDFF, 0xEDC1ED91, 0xFF57EDFF, 0xEDC7EC15, 0xFF67EDFF, 
0xC755ACF2, 0xFF7FE9FF, 0x9B7F5E05, 0xFF9FE4FF, 0x9F44668C, 0xFF32E5FF, 0xD156BDBF, 0xFF9AEAFF, 
0xEEC8EE30, 0xFF7FEDFF, 0xED61ED4F, 0xFF38EDFF, 0xEDABEDAC, 0xFFADEDFF, 0xEED8EED8, 0xFFD8EEFF, 
0xEFC8EFC8, 0xFFC8EFFF, 0xEFF2EFF2, 0xFFF2EFFF, 0xEFE1EFE1, 0xFFE1EFFF, 0xF051F051, 0xFF51F0FF, 
0xF105F105, 0xFF05F1FF, 0xF0FEF0FE, 0xFFFEF0FF, 0xF0F1F0F1, 0xFFF1F0FF, 0xF0F0F0F0, 0xFFF0F0FF, 
0xF0F0F0F0, 0xFFF0F0FF, 0xF0F0F0F0, 0xE3F0F099, 0xF0F0F0F0, 0x1EF0F05F, 0xF0F0F0F0, 0x00F0F000, 
0x00000000, 0x00000000, 0x00000000, 0x00000000, 0x00000000, 0x00000000, 0x00000000, 0x00000000, 
0xF0F0F0F0, 0x00F0F000, 0xF0F0F0F0, 0x1EF0F05F, 0xF0F0F0F0, 0xE3F0F099, 0xF0F0F0F0, 0xFFF0F0FF, 
0xF0F0F0F0, 0xFFF0F0FF, 0xF0F0F0F0, 0xE3F0F099, 0xF0F0F0F0, 0x1EF0F023, 0xF0F0F0F0, 0x00F0F000, 
0xF0F0F0F0, 0x00F0F000, 0xF0F0F0F0, 0x1DF0F0E8, 0xF0F0F0F0, 0xE1F0F0DC, 0xF0F0F0F0, 0xFFF0F0FF, 
0xF0F3F0F3, 0xFFF3F0FF, 0xF0EBF0EB, 0xFFEBF0FF, 0xF01DF01D, 0xFF1DF0FF, 0xEDC8EDC8, 0xFFC8EDFF, 
0xED40ED40, 0xFF40EDFF, 0xED8AED8A, 0xFF8AEDFF, 0xEC7EEC7E, 0xFF7EECFF, 0xEB21EB21, 0xFF21EBFF, 
0xEB93EB94, 0xFF96EBFF, 0xEC27EDF3, 0xFFB4ECFF, 0xED73EDAA, 0xFFDFEDFF, 0xC4E5A6F9, 0xFF59E9FF, 
0x89BF40E5, 0xFFB5E2FF, 0x816F310A, 0xFFBCE1FF, 0x803F31E7, 0xFFC3E1FF, 0x8F3D4BEA, 0xFF71E3FF, 
0xCFE0B9B5, 0xFF74EAFF, 0xEE06EF52, 0xFF7CEDFF, 0xECC9ECB7, 0xFFA0ECFF, 0xEB99EB9A, 0xFF9AEBFF, 
0xEB51EB51, 0xFF51EBFF, 0xECA5ECA5, 0xFFA5ECFF, 0xEDD0EDD0, 0xFFD0EDFF, 0xED34ED34, 0xFF34EDFF, 
0xEDE5EDE5, 0xFFE5EDFF, 0xF01FF01F, 0xFF1FF0FF, 0xF0E5F0E5, 0xFFE5F0FF, 0xF0F3F0F3, 0xFFF3F0FF, 
0xF0F0F0F0, 0xFFF0F0FF, 0xF0F0F0F0, 0xE1F0F0DC, 0xF0F0F0F0, 0x1EF0F023, 0xF0F0F0F0, 0x00F0F000, 
0x00000000, 0x00000000, 0x00000000, 0x00000000, 0x00000000, 0x00000000, 0x00000000, 0x00000000, 
0xF0F0F0F0, 0x00F0F000, 0xF0F0F0F0, 0x1EF0F05F, 0xF0F0F0F0, 0xE3F0F099, 0xF0F0F0F0, 0xFFF0F0FF, 
0xF0F0F0F0, 0xFFF0F0FF, 0xF0F0F0F0, 0xE3F0F099, 0xF0F0F0F0, 0x1EF0F023, 0xF0F0F0F0, 0x00F0F000, 
0xF0F0F0F0, 0x00F0F000, 0xF0F0F0F0, 0x1DF0F0E8, 0xF0F0F0F0, 0xE1F0F0DC, 0xF0F1F0F1, 0xFFF1F0FF, 
0xF0E4F0E4, 0xFFE4F0FF, 0xEEFBEEFB, 0xFFFBEEFF, 0xED9DED9D, 0xFF9DEDFF, 0xEC51EC51, 0xFF51ECFF, 
0xEE8FEE8F, 0xFF8FEEFF, 0xECAFECAF, 0xFFAFECFF, 0xECC9ECC9, 0xFFC9ECFF, 0xEE60EE62, 0xFF64EEFF, 
0xEFB8EF80, 0xFF3CEFFF, 0xED5FEDE2, 0xFF80EEFF, 0xBA179C18, 0xFF82DEFF, 0x88513F4A, 0xFFE7E0FF, 
0x826A33BC, 0xFF31E3FF, 0x83D93479, 0xFF20E3FF, 0x83D5347E, 0xFF1CE3FF, 0x82C4324E, 0xFFE9E2FF, 
0x908E4B9A, 0xFF92E4FF, 0xD086BA9E, 0xFFBDEBFF, 0xEFAEF0FE, 0xFF2FEFFF, 0xEF3CEF2A, 0xFF12EFFF, 
0xEE6CEE6D, 0xFF6DEEFF, 0xECD7ECD7, 0xFFD7ECFF, 0xECC2ECC2, 0xFFC2ECFF, 0xEE84EE84, 0xFF84EEFF, 
0xEC90EC90, 0xFF90ECFF, 0xEDA6EDA6, 0xFFA6EDFF, 0xEF01EF01, 0xFF01EFFF, 0xF0EAF0EA, 0xFFEAF0FF, 
0xF0F0F0F0, 0xFFF0F0FF, 0xF0F0F0F0, 0xE1F0F0DC, 0xF0F0F0F0, 0x1EF0F023, 0xF0F0F0F0, 0x00F0F000, 
0x00000000, 0x00000000, 0x00000000, 0x00000000, 0x00000000, 0x00000000, 0x00000000, 0x00000000, 
0xF0F0F0F0, 0x00F0F000, 0xF0F0F0F0, 0x1AF0F097, 0xF0F0F0F0, 0xC7F0F044, 0xF0F0F0F0, 0xE3F0F099, 
0xF0F0F0F0, 0xE3F0F099, 0xF0F0F0F0, 0xC7F0F044, 0xF0F0F0F0, 0x1AF0F063, 0xF0F0F0F0, 0x00F0F000, 
0xF0F0F0F0, 0x00F0F000, 0xF0F0F0F0, 0x1DF0F0E8, 0xF0F0F0F0, 0xE1F0F0DC, 0xF0FCF0FC, 0xFFFCF0FF, 
0xF027F027, 0xFF27F0FF, 0xEE85EE85, 0xFF85EEFF, 0xEFCDEFCD, 0xFFCDEFFF, 0xEE45EE45, 0xFF45EEFF, 
0xEE59EE59, 0xFF59EEFF, 0xEFB0EFB0, 0xFFB0EFFF, 0xF10AF10C, 0xFF0EF1FF, 0xF1B8F180, 0xFF3CF1FF, 
0xF0B0EF3B, 0xFFDEF0FF, 0xB5FB979C, 0xFFF7D9FF, 0x759D2F8B, 0xFF1DCBFF, 0x817232E6, 0xFF79E2FF, 
0x845A35B7, 0xFF26E5FF, 0x843B3593, 0xFFFDE4FF, 0x843B3593, 0xFFFDE4FF, 0x84413596, 0xFFFFE4FF, 
0x83323367, 0xFFDCE4FF, 0x91654CE9, 0xFF8AE6FF, 0xD279BC97, 0xFFC2EDFF, 0xF1A7F2F6, 0xFF27F1FF, 
0xF142F12F, 0xFF18F1FF, 0xF113F113, 0xFF14F1FF, 0xEFC4EFC4, 0xFFC4EFFF, 0xEE7AEE7A, 0xFF7AEEFF, 
0xEE4EEE4E, 0xFF4EEEFF, 0xEFD8EFD8, 0xFFD8EFFF, 0xEE85EE85, 0xFF85EEFF, 0xF02AF02A, 0xFF2AF0FF, 
0xF0FCF0FC, 0xFFFCF0FF, 0xF0F0F0F0, 0xE1F0F0DC, 0xF0F0F0F0, 0x1EF0F023, 0xF0F0F0F0, 0x00F0F000, 
0x00000000, 0x00000000, 0x00000000, 0x00000000, 0x00000000, 0x00000000, 0x00000000, 0x00000000, 
0xF0F0F0F0, 0x00F0F000, 0xF0F0F0F0, 0x03F0F08C, 0xF0F0F0F0, 0x1AF0F097, 0xF0F0F0F0, 0x1EF0F05F, 
0xF0F0F0F0, 0x1EF0F05F, 0xF0F0F0F0, 0x1AF0F097, 0xF0F0F0F0, 0x03F0F085, 0xF0F0F0F0, 0x00F0F000, 
0xF0F0F0F0, 0x00F0F000, 0xF0F0F0F0, 0x1DF0F0E8, 0xF0F0F0F0, 0xE1F0F0DC, 0xF103F103, 0xFF03F1FF, 
0xEFCBEFCB, 0xFFCBEFFF, 0xEF2CEF2C, 0xFF2CEFFF, 0xEF38EF38, 0xFF38EFFF, 0xEC3DEC3D, 0xFF3DECFF, 
0xF04AF04A, 0xFF4AF0FF, 0xF117F118, 0xFF1AF1FF, 0xF1A5F16E, 0xFF2BF1FF, 0xF09CEF2D, 0xFFDAF0FF, 
0xB58C9713, 0xFF52D9FF, 0x6AD627DA, 0xFF5DBDFF, 0x7D122F14, 0xFF4ADCFF, 0x850636A2, 0xFF55E6FF, 
0x847535E1, 0xFF62E5FF, 0x8438358E, 0xFFF5E4FF, 0x8439358F, 0xFFF7E4FF, 0x843A358F, 0xFFF7E4FF, 
0x84403593, 0xFFF8E4FF, 0x832B3360, 0xFFD4E4FF, 0x914F4CD9, 0xFF81E6FF, 0xD261BC86, 0xFFB9EDFF, 
0xF194F2E8, 0xFF1EF1FF, 0xF130F11E, 0xFF06F1FF, 0xF117F117, 0xFF18F1FF, 0xF04CF04C, 0xFF4CF0FF, 
0xEC61EC61, 0xFF61ECFF, 0xEF47EF47, 0xFF47EFFF, 0xEF1CEF1C, 0xFF1CEFFF, 0xEFC3EFC3, 0xFFC3EFFF, 
0xF104F104, 0xFF04F1FF, 0xF0F0F0F0, 0xE1F0F0DC, 0xF0F0F0F0, 0x1EF0F023, 0xF0F0F0F0, 0x00F0F000, 
0x00000000, 0x00000000, 0x00000000, 0x00000000, 0x00000000, 0x00000000, 0x00000000, 0x00000000, 
0xF0F0F0F0, 0x00F0F004, 0xF0F0F0F0, 0x00F0F000, 0xF0F0F0F0, 0x00F0F000, 0xF0F0F0F0, 0x00F0F000, 
0xF0F0F0F0, 0x00F0F000, 0xF0F0F0F0, 0x00F0F000, 0xF0F0F0F0, 0x00F0F000, 0xF0F0F0F0, 0x00F0F004, 
0xF0F0F0F0, 0x00F0F000, 0xF0F0F0F0, 0x1DF0F0E8, 0xF0F0F0F0, 0xE1F0F0DC, 0xF106F106, 0xFF06F1FF, 
0xEFC8EFC8, 0xFFC8EFFF, 0xEDCDEDCD, 0xFFCDEDFF, 0xEC07EC07, 0xFF07ECFF, 0xED0FED0F, 0xFF0FEDFF, 
0xEFF0EFF1, 0xFFF3EFFF, 0xF064F02D, 0xFFEAEFFF, 0xEF95EE15, 0xFFA7EFFF, 0xB46D97AB, 0xFF8ED8FF, 
0x660525BA, 0xFF9BB7FF, 0x5EF7188A, 0xFF3CB4FF, 0x71AA2787, 0xFF02CCFF, 0x79D02DFE, 0xFFFDD6FF, 
0x7D8930C9, 0xFFEADBFF, 0x840D3501, 0xFFF8E3FF, 0x83F534E2, 0xFFC6E3FF, 0x83EE34E2, 0xFFC5E3FF, 
0x83F534E2, 0xFFC6E3FF, 0x83FC34E5, 0xFFD0E3FF, 0x82E832B3, 0xFFB0E3FF, 0x910D4C2D, 0xFF5DE5FF, 
0xD1E4BBB9, 0xFF92ECFF, 0xF076F1C0, 0xFFEEEFFF, 0xEFFDEFEB, 0xFFD3EFFF, 0xEFFFEFFF, 0xFF00F0FF, 
0xED04ED04, 0xFF04EDFF, 0xEC08EC08, 0xFF08ECFF, 0xEDDBEDDB, 0xFFDBEDFF, 0xEFC6EFC6, 0xFFC6EFFF, 
0xF106F106, 0xFF06F1FF, 0xF0F0F0F0, 0xE1F0F0DC, 0xF0F0F0F0, 0x1EF0F023, 0xF0F0F0F0, 0x00F0F000, 
0x00000000, 0x00000000, 0x00000000, 0x00000000, 0x00000000, 0x00000000, 0x00000000, 0x00000000, 
0x00000000, 0x00000000, 0x00000000, 0x00000000, 0x00000000, 0x00000000, 0x00000000, 0x00000000, 
0x00000000, 0x00000000, 0x00000000, 0x00000000, 0x00000000, 0x00000000, 0x00000000, 0x00000000, 
0xF0F0F0F0, 0x00F0F000, 0xF0F0F0F0, 0x1DF0F0E8, 0xF0F0F0F0, 0xE1F0F0DC, 0xF105F105, 0xFF05F1FF, 
0xEDEBEDEB, 0xFFEBEDFF, 0xEA1DEA1D, 0xFF1DEAFF, 0xEC93EC93, 0xFF93ECFF, 0xED19ED1B, 0xFF1DEDFF, 
0xEFB3EF7A, 0xFF36EFFF, 0xEE95ED23, 0xFFCBEEFF, 0xB3FD9578, 0xFFA1D7FF, 0x66C02455, 0xFFFCB6FF, 
0x5D631893, 0xFFBDB2FF, 0x5EEF1996, 0xFF26B3FF, 0x5F721A43, 0xFF2BB4FF, 0x5E2C1AE6, 0xFF9EB3FF, 
0x6ACF22CC, 0xFF0DC3FF, 0x824134B4, 0xFF1CE2FF, 0x83D2347D, 0xFF0EE3FF, 0x83BC346F, 0xFFFBE2FF, 
0x83C8346F, 0xFFFCE2FF, 0x83CE3472, 0xFF0DE3FF, 0x820834F8, 0xFFF7E2FF, 0x81463159, 0xFFBCE2FF, 
0x90DC4A1F, 0xFF82E4FF, 0xD085BA9A, 0xFFBFEBFF, 0xEFA0F0F1, 0xFF23EFFF, 0xEF4EEF3C, 0xFF25EFFF, 
0xED11ED11, 0xFF12EDFF, 0xECA1ECA1, 0xFFA1ECFF, 0xEA16EA16, 0xFF16EAFF, 0xEDD3EDD3, 0xFFD3EDFF, 
0xF103F103, 0xFF03F1FF, 0xF0F0F0F0, 0xE1F0F0DC, 0xF0F0F0F0, 0x1EF0F023, 0xF0F0F0F0, 0x00F0F000, 
0x00000000, 0x00000000, 0x00000000, 0x00000000, 0x00000000, 0x00000000, 0x00000000, 0x00000000, 
0x00000000, 0x00000000, 0x00000000, 0x00000000, 0x00000000, 0x00000000, 0x00000000, 0x00000000, 
0x00000000, 0x00000000, 0x00000000, 0x00000000, 0x00000000, 0x00000000, 0x00000000, 0x00000000, 
0xF0F0F0F0, 0x00F0F000, 0xF0F0F0F0, 0x1DF0F0E8, 0xF0FBF0FB, 0xE1FBF0DC, 0xF06BF06B, 0xFF6BF0FF, 
0xEC0EEC0E, 0xFF0EECFF, 0xECDCECDC, 0xFFDCECFF, 0xF002F004, 0xFF05F0FF, 0xEFB2EF7A, 0xFF36EFFF, 
0xF0D0EF5D, 0xFF03F1FF, 0xB5D29766, 0xFFB0D9FF, 0x67412550, 0xFFA8B8FF, 0x5E95185A, 0xFF4EB4FF, 
0x5F261A70, 0xFFCBB4FF, 0x5F1C1A69, 0xFFC8B4FF, 0x5F0A1A52, 0xFFA8B4FF, 0x61961B71, 0xFF68B7FF, 
0x6FB1254E, 0xFF55C9FF, 0x834F3450, 0xFF5AE3FF, 0x844B35A9, 0xFF1BE5FF, 0x8432358D, 0xFFFCE4FF, 
0x84373590, 0xFFFDE4FF, 0x84D83456, 0xFFEFE4FF, 0x8D494331, 0xFFCFE6FF, 0x9EFC5FD8, 0xFF8AEAFF, 
0x91DF4AF9, 0xFFF4E7FF, 0x91224B23, 0xFF5EE6FF, 0xD2B8BB21, 0xFFA9EDFF, 0xF1FAF197, 0xFF28F1FF, 
0xEF2CEF19, 0xFF02EFFF, 0xEFF8EFF9, 0xFFF9EFFF, 0xECB8ECB8, 0xFFB8ECFF, 0xEC1DEC1D, 0xFF1DECFF, 
0xF066F066, 0xFF66F0FF, 0xF0FBF0FB, 0xE1FBF0DC, 0xF0F0F0F0, 0x1EF0F023, 0xF0F0F0F0, 0x00F0F000, 
0x00000000, 0x00000000, 0x00000000, 0x00000000, 0x00000000, 0x00000000, 0x00000000, 0x00000000, 
0x00000000, 0x00000000, 0x00000000, 0x00000000, 0x00000000, 0x00000000, 0x00000000, 0x00000000, 
0x00000000, 0x00000000, 0x00000000, 0x00000000, 0x00000000, 0x00000000, 0x00000000, 0x00000000, 
0xF0F0F0F0, 0x00F0F000, 0xF0F0F0F0, 0x1DF0F0E8, 0xF107F107, 0xE107F1DC, 0xEFCCEFCC, 0xFFCCEFFF, 
0xEB50EB50, 0xFF50EBFF, 0xEE83EE85, 0xFF87EEFF, 0xF08FF058, 0xFF14F0FF, 0xEE9EED2C, 0xFFD4EEFF, 
0xB5D09760, 0xFFAAD9FF, 0x672B253C, 0xFF92B8FF, 0x5E8F184D, 0xFF39B4FF, 0x5F241A66, 0xFFB7B4FF, 
0x5F1A1A5F, 0xFFB4B4FF, 0x5F131A55, 0xFFA8B4FF, 0x5F781AE9, 0xFF5FB5FF, 0x75FC293B, 0xFFFBD0FF, 
0x83A634C4, 0xFFE8E3FF, 0x84443596, 0xFFF8E4FF, 0x84A8342E, 0xFFD2E4FF, 0x84D43446, 0xFFD8E4FF, 
0x849E3427, 0xFFD1E4FF, 0x83953384, 0xFFABE4FF, 0xA1AD64CA, 0xFF0BEBFF, 0xC31F9B4F, 0xFF43F2FF, 
0xB0287DE2, 0xFF55EEFF, 0x8A1F3E11, 0xFF2EE6FF, 0x9F2963DD, 0xFF75E9FF, 0xDF52D00E, 0xFF97F0FF, 
0xEF59EF26, 0xFFEAEEFF, 0xEF11F0FF, 0xFFEAEFFF, 0xEE88EE88, 0xFF89EEFF, 0xEB4CEB4C, 0xFF4CEBFF, 
0xEFCCEFCC, 0xFFCCEFFF, 0xF107F107, 0xE107F1DC, 0xF0F0F0F0, 0x1EF0F023, 0xF0F0F0F0, 0x00F0F000, 
0x00000000, 0x00000000, 0x00000000, 0x00000000, 0x00000000, 0x00000000, 0x00000000, 0x00000000, 
0x00000000, 0x00000000, 0x00000000, 0x00000000, 0x00000000, 0x00000000, 0x00000000, 0x00000000, 
0x00000000, 0x00000000, 0x00000000, 0x00000000, 0x00000000, 0x00000000, 0x00000000, 0x00000000, 
0xF0F0F0F0, 0x00F0F000, 0xF0F0F0F0, 0x1DF0F0E8, 0xF119F119, 0xE119F1DC, 0xEED5EED5, 0xFFD5EEFF, 
0xEB97EB98, 0xFF9AEBFF, 0xEFD1EF9A, 0xFF57EFFF, 0xEFAFEE2B, 0xFFC5EFFF, 0xB3FE9572, 0xFFA9D7FF, 
0x67402550, 0xFFA7B8FF, 0x5E8F184E, 0xFF39B4FF, 0x5F241A66, 0xFFB7B4FF, 0x5F1A1A5F, 0xFFB4B4FF, 
0x5F1A1A5F, 0xFFB4B4FF, 0x5F151A58, 0xFFAAB4FF, 0x5F5F1ABE, 0xFF2EB5FF, 0x755F2AAF, 0xFFA3D1FF, 
0x83C434ED, 0xFF29E4FF, 0x84E03454, 0xFFE5E4FF, 0x8ACD3FFF, 0xFF3EE6FF, 0xA31A6741, 0xFF61EBFF, 
0x94D44E51, 0xFF41E8FF, 0x85B23670, 0xFF1EE5FF, 0xA49A69DA, 0xFFD1EBFF, 0xC29C9964, 0xFF14F2FF, 
0xC032963F, 0xFFA0F1FF, 0xB7CE88FA, 0xFFD9EFFF, 0xBBAB8D16, 0xFFA2F0FF, 0xC55A9F34, 0xFF98F1FF, 
0xDE04D021, 0xFFC2EEFF, 0xF033F005, 0xFFD3EFFF, 0xEF62EF50, 0xFF3BEFFF, 0xEBA1EBA1, 0xFFA2EBFF, 
0xEEDCEEDC, 0xFFDCEEFF, 0xF118F118, 0xE118F1DC, 0xF0F0F0F0, 0x1EF0F023, 0xF0F0F0F0, 0x00F0F000, 
0x00000000, 0x00000000, 0x00000000, 0x00000000, 0x00000000, 0x00000000, 0x00000000, 0x00000000, 
0x00000000, 0x00000000, 0x00000000, 0x00000000, 0x00000000, 0x00000000, 0x00000000, 0x00000000, 
0x00000000, 0x00000000, 0x00000000, 0x00000000, 0x00000000, 0x00000000, 0x00000000, 0x00000000, 
0xF0F0F0F0, 0x00F0F000, 0xF0F0F0F0, 0x1DF0F0E8, 0xF11AF11A, 0xE11AF1DC, 0xEDCDEDCF, 0xFFD1EDFF, 
0xED69ED31, 0xFFEDECFF, 0xEECCED5F, 0xFF0CEFFF, 0xB49797DB, 0xFFCCD8FF, 0x66C6244B, 0xFF0AB7FF, 
0x5E95185A, 0xFF4EB4FF, 0x5F241A66, 0xFFB7B4FF, 0x5F1A1A5F, 0xFFB4B4FF, 0x5F1A1A5F, 0xFFB4B4FF, 
0x5F1A1A5F, 0xFFB4B4FF, 0x5F1A1A5E, 0xFFB3B4FF, 0x5F141A56, 0xFFA8B4FF, 0x624D1C68, 0xFFACB8FF, 
0x6C6B2333, 0xFF70C5FF, 0x8097311C, 0xFFBADFFF, 0xA1386493, 0xFF4FEBFF, 0xC2E7998E, 0xFF1AF2FF, 
0xBA338C17, 0xFF56F0FF, 0xAEF079DC, 0xFFFAEDFF, 0xBDA19177, 0xFF0BF1FF, 0xC1D598E6, 0xFFF9F1FF, 
0xC2379924, 0xFF06F2FF, 0xC29A9AFF, 0xFF35F2FF, 0xC2819AEF, 0xFF31F2FF, 0xC2EB9813, 0xFF36F2FF, 
0xC3909EDA, 0xFF9CEFFF, 0xDF4BD138, 0xFFB5EFFF, 0xEF77EF54, 0xFF2EEFFF, 0xECD3ECC1, 0xFFACECFF, 
0xEDB7EDB7, 0xFFB8EDFF, 0xF11BF11B, 0xE11BF1DC, 0xF0F0F0F0, 0x1EF0F023, 0xF0F0F0F0, 0x00F0F000, 
0x00000000, 0x00000000, 0x00000000, 0x00000000, 0x00000000, 0x00000000, 0x00000000, 0x00000000, 
0x00000000, 0x00000000, 0x00000000, 0x00000000, 0x00000000, 0x00000000, 0x00000000, 0x00000000, 
0x00000000, 0x00000000, 0x00000000, 0x00000000, 0x00000000, 0x00000000, 0x00000000, 0x00000000, 
0xF0F0F0F0, 0x00F0F000, 0xF0F9F0F9, 0x1DF9F0E8, 0xF0D9F0DA, 0xE1DCF0DC, 0xED00EECA, 0xFF88EDFF, 
0xEC4EECD1, 0xFF72EDFF, 0xB3009686, 0xFFCCD7FF, 0x662C25E5, 0xFFD5B7FF, 0x5D67188E, 0xFFCBB2FF, 
0x5F261A70, 0xFFCAB4FF, 0x5F1A1A5F, 0xFFB4B4FF, 0x5F1A1A5F, 0xFFB4B4FF, 0x5F1A1A5F, 0xFFB4B4FF, 
0x5F1A1A5F, 0xFFB4B4FF, 0x5F1B1A60, 0xFFB6B4FF, 0x5F0D1A4A, 0xFF98B4FF, 0x5E8C19BE, 0xFF02B4FF, 
0x62A01B7B, 0xFF8CB9FF, 0x7E752F2B, 0xFFE9DDFF, 0x92D94BA8, 0xFF39E8FF, 0xBD329136, 0xFFF7F0FF, 
0xC2B49970, 0xFF16F2FF, 0xC2089AA4, 0xFF21F2FF, 0xC2ED9992, 0xFF1DF2FF, 0xC1F298F9, 0xFFFBF1FF, 
0xBD9F9171, 0xFF08F1FF, 0xB7C18765, 0xFFBDEFFF, 0xB4398394, 0xFF1DEFFF, 0xB7248705, 0xFFB8EFFF, 
0xBAB68EE6, 0xFFF5EEFF, 0xC4D59E5F, 0xFF78F0FF, 0xDE36D1F9, 0xFF24EFFF, 0xEDCDED9B, 0xFF63EDFF, 
0xED65ED54, 0xFF40EDFF, 0xF0DFF0E0, 0xE1E0F0DC, 0xF0F8F0F8, 0x1EF8F023, 0xF0F0F0F0, 0x00F0F000, 
0x00000000, 0x00000000, 0x00000000, 0x00000000, 0x00000000, 0x00000000, 0x00000000, 0x00000000, 
0x00000000, 0x00000000, 0x00000000, 0x00000000, 0x00000000, 0x00000000, 0x00000000, 0x00000000, 
0x00000000, 0x00000000, 0x00000000, 0x00000000, 0x00000000, 0x00000000, 0x00000000, 0x00000000, 
0xF0F0F0F0, 0x00F0F000, 0xF11CF120, 0x1D25F1E8, 0xF0E3F0B9, 0xE185F0DC, 0xECD5EB79, 0xFF39EDFF, 
0xB2B995E7, 0xFFC5D6FF, 0x66D0245D, 0xFF2CB7FF, 0x5D7218DF, 0xFF6BB3FF, 0x5EE81993, 0xFF33B3FF, 
0x5F1D1A6A, 0xFFC8B4FF, 0x5F1A1A5F, 0xFFB4B4FF, 0x5F1A1A5F, 0xFFB4B4FF, 0x5F1A1A5F, 0xFFB4B4FF, 
0x5F1A1A5F, 0xFFB4B4FF, 0x5FE8191A, 0xFF5BB4FF, 0x63331DC2, 0xFF7FBAFF, 0x75F72B9C, 0xFFA3CFFF, 
0x88F84582, 0xFF6DD9FF, 0x8BF7401B, 0xFFFDE4FF, 0x99425786, 0xFF7BE9FF, 0xBECC9231, 0xFF2FF1FF, 
0xC2249916, 0xFF04F2FF, 0xC246992F, 0xFF08F2FF, 0xB86B896C, 0xFFF4EFFF, 0xA10265FE, 0xFF27EBFF, 
0x907749F4, 0xFF92E7FF, 0x89EC3DE4, 0xFF0CE6FF, 0x88383B37, 0xFFABE5FF, 0x89773DA3, 0xFF11E6FF, 
0x8E5547D2, 0xFF62E5FF, 0x9FED6003, 0xFFBEE9FF, 0xB8808CD2, 0xFF73EDFF, 0xDDABCF71, 0xFF9EEDFF, 
0xEDC5ED9A, 0xFF63EDFF, 0xF083F078, 0xE16CF0DC, 0xF125F126, 0x1E27F123, 0xF0F0F0F0, 0x00F0F000, 
0x00000000, 0x00000000, 0x00000000, 0x00000000, 0x00000000, 0x00000000, 0x00000000, 0x00000000, 
0x00000000, 0x00000000, 0x00000000, 0x00000000, 0x00000000, 0x00000000, 0x00000000, 0x00000000, 
0x00000000, 0x00000000, 0x00000000, 0x00000000, 0x00000000, 0x00000000, 0x00000000, 0x00000000, 
0xF0F0F0F0, 0x00F0F000, 0xF12BF2EA, 0x1D99F1E8, 0xF064F04A, 0xE12EF0DC, 0xB7599C37, 0xFF62D8FF, 
0x658124D0, 0xFF2DB6FF, 0x5D7218A6, 0xFFF3B2FF, 0x5E001AF4, 0xFFE9B3FF, 0x5ED9198C, 0xFF34B3FF, 
0x5F1D1A6A, 0xFFC8B4FF, 0x5F1A1A5F, 0xFFB4B4FF, 0x5F1A1A5F, 0xFFB4B4FF, 0x5F1A1A5F, 0xFFB4B4FF, 
0x5F1A1A5F, 0xFFB4B4FF, 0x5EAF19CD, 0xFFF6B3FF, 0x6BAE22F9, 0xFFDFC5FF, 0x96D452D8, 0xFF26E9FF, 
0xBE6A9238, 0xFFD3F1FF, 0xB9978BC6, 0xFF4EF0FF, 0xBC279085, 0xFFE2F0FF, 0xC2529933, 0xFF09F2FF, 
0xC1409891, 0xFFDFF1FF, 0xAD297740, 0xFF7EEDFF, 0x8D2244C2, 0xFFD4E6FF, 0x833D34EC, 0xFFC5E4FF, 
0x83F833C1, 0xFFBAE4FF, 0x84A4342A, 0xFFD1E4FF, 0x84D33448, 0xFFD7E4FF, 0x84B1343E, 0xFFECE4FF, 
0x82A733BB, 0xFFD3E2FF, 0x83CF3336, 0xFFB7E3FF, 0x8A17408C, 0xFFCCE4FF, 0xABCF777E, 0xFF7AE9FF, 
0xDE61D136, 0xFF5DEDFF, 0xF0EFF083, 0xE100F0DC, 0xF17FF175, 0x1E6AF123, 0xF0F0F0F0, 0x00F0F000, 
0x00000000, 0x00000000, 0x00000000, 0x00000000, 0x00000000, 0x00000000, 0x00000000, 0x00000000, 
0x00000000, 0x00000000, 0x00000000, 0x00000000, 0x00000000, 0x00000000, 0x00000000, 0x00000000, 
0x00000000, 0x00000000, 0x00000000, 0x00000000, 0x00000000, 0x00000000, 0x00000000, 0x00000000, 
0xF0F0F0F0, 0x00F0F000, 0xF752FA5C, 0x1DB2F3E8, 0xE3CADDDC, 0xE167EBDC, 0x7AD64256, 0xFF24BFFF, 
0x5C941602, 0xFF6CB1FF, 0x5EF219BB, 0xFF65B3FF, 0x5EF719F7, 0xFFE7B3FF, 0x5EDA199D, 0xFF34B3FF, 
0x5F1D1A69, 0xFFC8B4FF, 0x5F1A1A5F, 0xFFB4B4FF, 0x5F1A1A5F, 0xFFB4B4FF, 0x5F1A1A5F, 0xFFB4B4FF, 
0x5F181A5B, 0xFFB0B4FF, 0x5FE61919, 0xFF59B4FF, 0x63C71CB2, 0xFFF4BAFF, 0x8BFD490D, 0xFF2BDAFF, 
0xBB208E3F, 0xFF6EF0FF, 0xC2C99980, 0xFF1FF2FF, 0xC229991B, 0xFF03F2FF, 0xC23B9925, 0xFF07F2FF, 
0xADF5760D, 0xFF75EDFF, 0x886A3CFE, 0xFFCAE5FF, 0x830334C7, 0xFFBCE4FF, 0x842E3580, 0xFFE3E4FF, 
0x84363584, 0xFFE4E4FF, 0x84353584, 0xFFE4E4FF, 0x84353584, 0xFFE4E4FF, 0x843B3593, 0xFFFEE4FF, 
0x83CB346E, 0xFFF6E2FF, 0x83F934ED, 0xFFDAE3FF, 0x83F3330D, 0xFF3FE3FF, 0x831B3634, 0xFFF2E0FF, 
0xADE382C5, 0xFFBAE1FF, 0xEED4ED80, 0xE155EFDC, 0xF2BEF24A, 0x1EBCF123, 0xF0F0F0F0, 0x00F0F000, 
0x00000000, 0x00000000, 0x00000000, 0x00000000, 0x00000000, 0x00000000, 0x00000000, 0x00000000, 
0x00000000, 0x00000000, 0x00000000, 0x00000000, 0x00000000, 0x00000000, 0x00000000, 0x00000000, 
0x00000000, 0x00000000, 0x00000000, 0x00000000, 0x00000000, 0x00000000, 0x00000000, 0x00000000, 
0xF0F0F0F0, 0x00F0F000, 0xF6A2F838, 0x1D43F3E8, 0xE686E166, 0xE15EECDC, 0x800B4C43, 0xFFA6C1FF, 
0x5B191654, 0xFF2FB1FF, 0x5EE819B7, 0xFF4EB3FF, 0x5EF819F4, 0xFFE9B3FF, 0x5EDA1995, 0xFF36B3FF, 
0x5F1D1A6A, 0xFFC8B4FF, 0x5F1A1A5F, 0xFFB4B4FF, 0x5F1A1A5F, 0xFFB4B4FF, 0x5F171A5A, 0xFFAEB4FF, 
0x5F141A5B, 0xFFACB4FF, 0x5F8A1AFD, 0xFF7DB5FF, 0x5DCE18F7, 0xFF32B3FF, 0x6B262293, 0xFF73C5FF, 
0x9C6E5DE5, 0xFF50E9FF, 0xC1B7973C, 0xFFE4F1FF, 0xC29D9962, 0xFF13F2FF, 0xB7C288F8, 0xFFE1EFFF, 
0x8DAA436B, 0xFFC8E6FF, 0x830934CA, 0xFFBDE4FF, 0x84393587, 0xFFE5E4FF, 0x84353584, 0xFFE4E4FF, 
0x84353584, 0xFFE4E4FF, 0x84353584, 0xFFE4E4FF, 0x84353584, 0xFFE4E4FF, 0x843B3593, 0xFFFEE4FF, 
0x83C93467, 0xFFF8E2FF, 0x8416350F, 0xFF07E4FF, 0x820C347C, 0xFF02E2FF, 0x758A286C, 0xFFB2D3FF, 
0xA38D779E, 0xFFF4D9FF, 0xEFEBEE3F, 0xE1AAEFDC, 0xF29EF23B, 0x1EC0F123, 0xF0F0F0F0, 0x00F0F000, 
0x00000000, 0x00000000, 0x00000000, 0x00000000, 0x00000000, 0x00000000, 0x00000000, 0x00000000, 
0x00000000, 0x00000000, 0x00000000, 0x00000000, 0x00000000, 0x00000000, 0x00000000, 0x00000000, 
0x00000000, 0x00000000, 0x00000000, 0x00000000, 0x00000000, 0x00000000, 0x00000000, 0x00000000, 
0xF0F0F0F0, 0x00F0F000, 0xF1A0F18D, 0x1D78F1E8, 0xF186F10C, 0xE16DF0DC, 0xC419B1F3, 0xFF9DDDFF, 
0x6D533007, 0xFF42B9FF, 0x5CAE17A8, 0xFF9DB2FF, 0x5E011AE4, 0xFFE8B3FF, 0x5EDA1989, 0xFF30B3FF, 
0x5F1D1A6A, 0xFFC8B4FF, 0x5F1A1A5F, 0xFFB4B4FF, 0x5F191A5D, 0xFFB2B4FF, 0x5FF8192D, 0xFF72B4FF, 
0x68FB20CC, 0xFFDCC0FF, 0x77D72BAC, 0xFF3ED4FF, 0x73A62CEC, 0xFF43CBFF, 0x83153B49, 0xFF25DBFF, 
0xA71A6D2D, 0xFFA5ECFF, 0xC247992D, 0xFF08F2FF, 0xC1C698E1, 0xFFF5F1FF, 0xA18B6325, 0xFFF1EAFF, 
0x832134DA, 0xFFC0E4FF, 0x84303581, 0xFFE3E4FF, 0x84353584, 0xFFE4E4FF, 0x84353584, 0xFFE4E4FF, 
0x84353584, 0xFFE4E4FF, 0x84353584, 0xFFE4E4FF, 0x84353584, 0xFFE4E4FF, 0x843A3592, 0xFFFCE4FF, 
0x83E43491, 0xFF39E3FF, 0x822E34DE, 0xFFAAE2FF, 0x77692A02, 0xFF05D5FF, 0x89B24E4D, 0xFFC9D1FF, 
0xD810CC7D, 0xFFF5E7FF, 0xF1BCF118, 0xE14EF0DC, 0xF16CF16B, 0x1E6AF123, 0xF0F0F0F0, 0x00F0F000, 
0x00000000, 0x00000000, 0x00000000, 0x00000000, 0x00000000, 0x00000000, 0x00000000, 0x00000000, 
0x00000000, 0x00000000, 0x00000000, 0x00000000, 0x00000000, 0x00000000, 0x00000000, 0x00000000, 
0x00000000, 0x00000000, 0x00000000, 0x00000000, 0x00000000, 0x00000000, 0x00000000, 0x00000000, 
0xF0F0F0F0, 0x00F0F000, 0xF122F124, 0x1D26F1E8, 0xF09BF089, 0xE174F0DC, 0xEE97EE41, 0xFFCEEDFF, 
0xC233AD38, 0xFF72DCFF, 0x6D97306C, 0xFF20BAFF, 0x5CC117D7, 0xFF3FB3FF, 0x5EE3198F, 0xFF2FB3FF, 
0x5F1E1A6C, 0xFFC9B4FF, 0x5FFF193A, 0xFF84B4FF, 0x5FF71930, 0xFF78B4FF, 0x5F4B1A9E, 0xFF02B5FF, 
0x75742AB4, 0xFFCBD1FF, 0x86C2360C, 0xFF59E6FF, 0xA7AF6D5E, 0xFF6FECFF, 0xBB268FEE, 0xFFC6F0FF, 
0xBFFF948B, 0xFF7CF1FF, 0xC24B9930, 0xFF09F2FF, 0xBC9F90D3, 0xFFDFF0FF, 0x90E8470C, 0xFF53E7FF, 
0x830B34CD, 0xFFBDE4FF, 0x84363584, 0xFFE4E4FF, 0x84353584, 0xFFE4E4FF, 0x84353584, 0xFFE4E4FF, 
0x84353584, 0xFFE4E4FF, 0x84353584, 0xFFE4E4FF, 0x84343583, 0xFFE3E4FF, 0x845535B6, 0xFF27E5FF, 
0x82F53365, 0xFFDBE1FF, 0x77742A57, 0xFF9ED5FF, 0x89954EB7, 0xFFCDD2FF, 0xD509C8F0, 0xFF36E7FF, 
0xEE8DEFCC, 0xFFDCEDFF, 0xF072F072, 0xE173F0DC, 0xF121F122, 0x1E22F123, 0xF0F0F0F0, 0x00F0F000, 
0x00000000, 0x00000000, 0x00000000, 0x00000000, 0x00000000, 0x00000000, 0x00000000, 0x00000000, 
0x00000000, 0x00000000, 0x00000000, 0x00000000, 0x00000000, 0x00000000, 0x00000000, 0x00000000, 
0x00000000, 0x00000000, 0x00000000, 0x00000000, 0x00000000, 0x00000000, 0x00000000, 0x00000000, 
0xF0F0F0F0, 0x00F0F000, 0xF0FAF0FA, 0x1DFAF0E8, 0xF0D9F0DA, 0xE1DBF0DC, 0xED8CED76, 0xFF5BEDFF, 
0xEEF0EE7D, 0xFFE6EDFF, 0xC3D1AD09, 0xFF89DDFF, 0x6E113117, 0xFFE8BAFF, 0x5CA71785, 0xFF95B2FF, 
0x5F161A4D, 0xFFAFB4FF, 0x61C11BA1, 0xFFA0B7FF, 0x61C01B99, 0xFF90B7FF, 0x5E6B1971, 0xFF80B3FF, 
0x6A3C2289, 0xFF5CC3FF, 0x84873691, 0xFF85E3FF, 0xACAF76ED, 0xFFACEDFF, 0xC1CE98E8, 0xFFF9F1FF, 
0xC2069905, 0xFFFFF1FF, 0xC2B69972, 0xFF17F2FF, 0xB6EA8539, 0xFF77EFFF, 0x89C03C26, 0xFFE0E5FF, 
0x84B83437, 0xFFD4E4FF, 0x84353584, 0xFFE4E4FF, 0x84353584, 0xFFE4E4FF, 0x84353584, 0xFFE4E4FF, 
0x84353584, 0xFFE4E4FF, 0x84343583, 0xFFE3E4FF, 0x844F35A7, 0xFF0FE5FF, 0x836D3482, 0xFFBDE3FF, 
0x76552AED, 0xFFE1D4FF, 0x8A5C4F76, 0xFF88D3FF, 0xD6A8C8CB, 0xFF5BE8FF, 0xEEDBEFFE, 0xFFEBEDFF, 
0xED5BED58, 0xFF54EDFF, 0xF0DCF0DD, 0xE1DDF0DC, 0xF0F9F0F9, 0x1EF9F023, 0xF0F0F0F0, 0x00F0F000, 
0x00000000, 0x00000000, 0x00000000, 0x00000000, 0x00000000, 0x00000000, 0x00000000, 0x00000000, 
0x00000000, 0x00000000, 0x00000000, 0x00000000, 0x00000000, 0x00000000, 0x00000000, 0x00000000, 
0x00000000, 0x00000000, 0x00000000, 0x00000000, 0x00000000, 0x00000000, 0x00000000, 0x00000000, 
0xF0F0F0F0, 0x00F0F000, 0xF0F0F0F0, 0x1DF0F0E8, 0xF11AF11A, 0xE11AF1DC, 0xEDB7EDB7, 0xFFB8EDFF, 
0xECFDECE7, 0xFFCBECFF, 0xF09BF038, 0xFFB0EFFF, 0xC438AF56, 0xFF9EDEFF, 0x6D3F300E, 0xFFB0B9FF, 
0x62D21B9E, 0xFF06BBFF, 0x7ADA2D5D, 0xFFC2D7FF, 0x78AF2CD1, 0xFFB0D5FF, 0x67BA1F0D, 0xFFB2BEFF, 
0x73F728BB, 0xFF18CFFF, 0x83E634EA, 0xFFFBE3FF, 0x8B36404B, 0xFF69E6FF, 0x9D795D58, 0xFF28EAFF, 
0xBDF791AB, 0xFF17F1FF, 0xC26F9AE4, 0xFF2FF2FF, 0xB3F38029, 0xFFD2EEFF, 0x87E53964, 0xFF7FE5FF, 
0x84EA3456, 0xFFDAE4FF, 0x84353584, 0xFFE4E4FF, 0x84353584, 0xFFE4E4FF, 0x84353584, 0xFFE4E4FF, 
0x84343583, 0xFFE3E4FF, 0x844F35A7, 0xFF0FE5FF, 0x83693475, 0xFFA7E3FF, 0x77B82AF7, 0xFFACD6FF, 
0x89724E8C, 0xFF96D2FF, 0xD71ACAFF, 0xFF41E9FF, 0xF07DF1A3, 0xFF95EFFF, 0xECC7ECC4, 0xFFC0ECFF, 
0xEDCCEDCC, 0xFFCCEDFF, 0xF119F119, 0xE119F1DC, 0xF0F0F0F0, 0x1EF0F023, 0xF0F0F0F0, 0x00F0F000, 
0x00000000, 0x00000000, 0x00000000, 0x00000000, 0x00000000, 0x00000000, 0x00000000, 0x00000000, 
0x00000000, 0x00000000, 0x00000000, 0x00000000, 0x00000000, 0x00000000, 0x00000000, 0x00000000, 
0x00000000, 0x00000000, 0x00000000, 0x00000000, 0x00000000, 0x00000000, 0x00000000, 0x00000000, 
0xF0F0F0F0, 0x00F0F000, 0xF0F0F0F0, 0x1DF0F0E8, 0xF119F119, 0xE119F1DC, 0xEECDEECD, 0xFFCDEEFF, 
0xEB91EB92, 0xFF92EBFF, 0xEF8AEF73, 0xFF58EFFF, 0xF067F1F7, 0xFF62F0FF, 0xC27EAD9E, 0xFF01DDFF, 
0x746D3557, 0xFF30C3FF, 0x79732CD4, 0xFFE5D8FF, 0x841E3556, 0xFFACE4FF, 0x81F53274, 0xFFECE0FF, 
0x84E43411, 0xFF50E4FF, 0x8445359C, 0xFF04E5FF, 0x83F33220, 0xFF97E4FF, 0x8AB53E53, 0xFF2CE6FF, 
0xB8598AEB, 0xFF1AF0FF, 0xC3B19A0D, 0xFF37F2FF, 0xB5A5846A, 0xFF4EEFFF, 0x88F63BA7, 0xFFC5E5FF, 
0x84C53440, 0xFFD5E4FF, 0x84353584, 0xFFE4E4FF, 0x84353584, 0xFFE4E4FF, 0x84343583, 0xFFE3E4FF, 
0x844F35A7, 0xFF0FE5FF, 0x83693475, 0xFFA7E3FF, 0x77AA2AE4, 0xFF93D6FF, 0x8B8E4F07, 0xFF86D4FF, 
0xD68AC8A5, 0xFF2BE8FF, 0xF136F257, 0xFF43F0FF, 0xEF43EF3F, 0xFF3CEFFF, 0xEB9DEB9D, 0xFF9DEBFF, 
0xEEDDEEDD, 0xFFDDEEFF, 0xF118F118, 0xE118F1DC, 0xF0F0F0F0, 0x1EF0F023, 0xF0F0F0F0, 0x00F0F000, 
0x00000000, 0x00000000, 0x00000000, 0x00000000, 0x00000000, 0x00000000, 0x00000000, 0x00000000, 
0x00000000, 0x00000000, 0x00000000, 0x00000000, 0x00000000, 0x00000000, 0x00000000, 0x00000000, 
0x00000000, 0x00000000, 0x00000000, 0x00000000, 0x00000000, 0x00000000, 0x00000000, 0x00000000, 
0xF0F0F0F0, 0x00F0F000, 0xF0F0F0F0, 0x1DF0F0E8, 0xF108F108, 0xE108F1DC, 0xEFBFEFBF, 0xFFBFEFFF, 
0xEB30EB30, 0xFF30EBFF, 0xEE8AEE8B, 0xFF8BEEFF, 0xF027F010, 0xFFF5EFFF, 0xEF28F0B6, 0xFF25EFFF, 
0xC853B3BC, 0xFF3FE3FF, 0x80CA3FFE, 0xFF7CD1FF, 0x7AB12C3D, 0xFF5CD9FF, 0x842A3565, 0xFFC0E4FF, 
0x844935A3, 0xFF0CE5FF, 0x84C93441, 0xFFD4E4FF, 0x90C74892, 0xFF71E7FF, 0xAC6D7504, 0xFF5DEDFF, 
0xBF3C95AD, 0xFF84F1FF, 0xC2719947, 0xFF0DF2FF, 0xBBF08ED0, 0xFFAFF0FF, 0x8E54457A, 0xFF08E7FF, 
0x832E34E2, 0xFFC1E4FF, 0x84353584, 0xFFE4E4FF, 0x84343583, 0xFFE3E4FF, 0x844F35A7, 0xFF0FE5FF, 
0x83693475, 0xFFA7E3FF, 0x77AB2AE5, 0xFF93D6FF, 0x8A734FEC, 0xFF6BD4FF, 0xD8B0CACD, 0xFF54EAFF, 
0xF04CF16F, 0xFF5CEFFF, 0xEFEFEFEC, 0xFFE8EFFF, 0xEE8CEE8C, 0xFF8DEEFF, 0xEB3BEB3B, 0xFF3BEBFF, 
0xEFC1EFC1, 0xFFC1EFFF, 0xF108F108, 0xE108F1DC, 0xF0F0F0F0, 0x1EF0F023, 0xF0F0F0F0, 0x00F0F000, 
0x00000000, 0x00000000, 0x00000000, 0x00000000, 0x00000000, 0x00000000, 0x00000000, 0x00000000, 
0x00000000, 0x00000000, 0x00000000, 0x00000000, 0x00000000, 0x00000000, 0x00000000, 0x00000000, 
0x00000000, 0x00000000, 0x00000000, 0x00000000, 0x00000000, 0x00000000, 0x00000000, 0x00000000, 
0xF0F0F0F0, 0x00F0F000, 0xF0F0F0F0, 0x1DF0F0E8, 0xF107F107, 0xE107F1DC, 0xEFEDEFED, 0xFFEDEFFF, 
0xEC93EC93, 0xFF93ECFF, 0xECF2ECF2, 0xFFF2ECFF, 0xEFD8EFD9, 0xFFDAEFFF, 0xEF1EEF0A, 0xFFF1EEFF, 
0xF2F1F250, 0xFF89F1FF, 0xCC2CB8FC, 0xFFCEE6FF, 0x817540AE, 0xFF2FD2FF, 0x7AA62C2F, 0xFF4DD9FF, 
0x84023530, 0xFF7DE4FF, 0x83FB33CD, 0xFFD0E4FF, 0xA1146452, 0xFF05EBFF, 0xC3E59BC7, 0xFF60F2FF, 
0xC2379AC1, 0xFF28F2FF, 0xC1DC98EB, 0xFFFAF1FF, 0xC1019863, 0xFFE1F1FF, 0x9D2A5EC2, 0xFF52EAFF, 
0x83CA33A3, 0xFFB5E4FF, 0x84353583, 0xFFE3E4FF, 0x844F35A7, 0xFF0FE5FF, 0x83693475, 0xFFA7E3FF, 
0x77A92AE3, 0xFF93D6FF, 0x8A624FDB, 0xFF6BD4FF, 0xD893CAB0, 0xFF39EAFF, 0xF269F38B, 0xFF78F1FF, 
0xEF0BEF08, 0xFF04EFFF, 0xEFECEFEC, 0xFFECEFFF, 0xECE2ECE2, 0xFFE2ECFF, 0xEC87EC87, 0xFF87ECFF, 
0xEFE8EFE8, 0xFFE8EFFF, 0xF107F107, 0xE107F1DC, 0xF0F0F0F0, 0x1EF0F023, 0xF0F0F0F0, 0x00F0F000, 
0x00000000, 0x00000000, 0x00000000, 0x00000000, 0x00000000, 0x00000000, 0x00000000, 0x00000000, 
0x00000000, 0x00000000, 0x00000000, 0x00000000, 0x00000000, 0x00000000, 0x00000000, 0x00000000, 
0x00000000, 0x00000000, 0x00000000, 0x00000000, 0x00000000, 0x00000000, 0x00000000, 0x00000000, 
0xF0F0F0F0, 0x00F0F000, 0xF0F0F0F0, 0x1DF0F0E8, 0xF107F107, 0xE107F1DC, 0xEFDBEFDB, 0xFFDBEFFF, 
0xEDCBEDCB, 0xFFCBEDFF, 0xECDFECDF, 0xFFDFECFF, 0xEE8AEE8A, 0xFF8AEEFF, 0xEF09EF0A, 0xFF0BEFFF, 
0xF13BF129, 0xFF13F1FF, 0xF2A6F205, 0xFF41F1FF, 0xCC28B8F7, 0xFFC8E6FF, 0x817540AE, 0xFF30D2FF, 
0x7AA62C2F, 0xFF4DD9FF, 0x83083496, 0xFF5CE4FF, 0x908B486E, 0xFF87E7FF, 0xA8606F4B, 0xFF8DECFF, 
0xABED731C, 0xFF1DEDFF, 0xBF6F942F, 0xFF66F1FF, 0xC2F69999, 0xFF1FF2FF, 0xB4C283EB, 0xFF38EFFF, 
0x8AFE3E97, 0xFF28E6FF, 0x846F341C, 0xFFF2E4FF, 0x836D3477, 0xFFA7E3FF, 0x77AA2AE4, 0xFF93D6FF, 
0x8A524FCB, 0xFF6BD4FF, 0xD876CA93, 0xFF39EAFF, 0xF24EF371, 0xFF5EF1FF, 0xF112F10F, 0xFF0BF1FF, 
0xEF18EF18, 0xFF18EFFF, 0xEE8BEE8B, 0xFF8BEEFF, 0xECC4ECC4, 0xFFC4ECFF, 0xEDB9EDB9, 0xFFB9EDFF, 
0xEFDCEFDC, 0xFFDCEFFF, 0xF107F107, 0xE107F1DC, 0xF0F0F0F0, 0x1EF0F023, 0xF0F0F0F0, 0x00F0F000, 
0x00000000, 0x00000000, 0x00000000, 0x00000000, 0x00000000, 0x00000000, 0x00000000, 0x00000000, 
0x00000000, 0x00000000, 0x00000000, 0x00000000, 0x00000000, 0x00000000, 0x00000000, 0x00000000, 
0x00000000, 0x00000000, 0x00000000, 0x00000000, 0x00000000, 0x00000000, 0x00000000, 0x00000000, 
0xF0F0F0F0, 0x00F0F000, 0xF0F0F0F0, 0x1DF0F0E8, 0xF107F107, 0xE107F1DC, 0xEFD6EFD6, 0xFFD6EFFF, 
0xEDD6EDD6, 0xFFD6EDFF, 0xEED6EED6, 0xFFD6EEFF, 0xED24ED24, 0xFF24EDFF, 0xEE28EE28, 0xFF28EEFF, 
0xF11AF11B, 0xFF1CF1FF, 0xF120F10F, 0xFFF8F0FF, 0xF2A6F205, 0xFF41F1FF, 0xCC28B8F7, 0xFFC8E6FF, 
0x817540AE, 0xFF30D2FF, 0x7AA52C2F, 0xFF4DD9FF, 0x84F33427, 0xFF7CE4FF, 0x84F73468, 0xFFF4E4FF, 
0x876C3919, 0xFF70E5FF, 0xB11C7E75, 0xFF77EEFF, 0xC2FA999B, 0xFF20F2FF, 0xC18498BB, 0xFFEAF1FF, 
0xA7786EEA, 0xFF96ECFF, 0x855238E2, 0xFF2FE4FF, 0x77352A9C, 0xFF83D6FF, 0x8A554FCD, 0xFF6BD4FF, 
0xD875CA91, 0xFF39EAFF, 0xF24EF371, 0xFF5EF1FF, 0xF0F8F0F5, 0xFFF1F0FF, 0xF11DF11D, 0xFF1DF1FF, 
0xEE2BEE2B, 0xFF2BEEFF, 0xED2EED2E, 0xFF2EEDFF, 0xEEB6EEB6, 0xFFB6EEFF, 0xEDCBEDCB, 0xFFCBEDFF, 
0xEFDBEFDB, 0xFFDBEFFF, 0xF107F107, 0xE107F1DC, 0xF0F0F0F0, 0x1EF0F023, 0xF0F0F0F0, 0x00F0F000, 
0x00000000, 0x00000000, 0x00000000, 0x00000000, 0x00000000, 0x00000000, 0x00000000, 0x00000000, 
0x00000000, 0x00000000, 0x00000000, 0x00000000, 0x00000000, 0x00000000, 0x00000000, 0x00000000, 
0x00000000, 0x00000000, 0x00000000, 0x00000000, 0x00000000, 0x00000000, 0x00000000, 0x00000000, 
0xF0F0F0F0, 0x00F0F000, 0xF0F0F0F0, 0x1DF0F0E8, 0xF106F106, 0xE106F1DC, 0xEFE3EFE3, 0xFFE3EFFF, 
0xEDDAEDDA, 0xFFDAEDFF, 0xEF43EF43, 0xFF43EFFF, 0xEF30EF30, 0xFF30EFFF, 0xEC3CEC3C, 0xFF3CECFF, 
0xF043F043, 0xFF43F0FF, 0xF103F103, 0xFF04F1FF, 0xF121F110, 0xFFF9F0FF, 0xF2A6F205, 0xFF41F1FF, 
0xCC28B8F7, 0xFFC8E6FF, 0x817640AE, 0xFF30D2FF, 0x7A9F2C2B, 0xFF4DD9FF, 0x836634D1, 0xFF68E4FF, 
0x91D14AE5, 0xFFDDE7FF, 0xB8CC89A8, 0xFF05F0FF, 0xC298995E, 0xFF11F2FF, 0xC28F996B, 0xFF3BF2FF, 
0xBD8E928B, 0xFFFBEFFF, 0x8FC851F0, 0xFF82DBFF, 0x8CA85138, 0xFFBDD4FF, 0xD842CA73, 0xFF32EAFF, 
0xF24EF371, 0xFF5EF1FF, 0xF0F9F0F6, 0xFFF2F0FF, 0xF105F105, 0xFF05F1FF, 0xF039F039, 0xFF39F0FF, 
0xEC1FEC1F, 0xFF1FECFF, 0xEF26EF26, 0xFF26EFFF, 0xEF34EF34, 0xFF34EFFF, 0xEDC9EDC9, 0xFFC9EDFF, 
0xEFE1EFE1, 0xFFE1EFFF, 0xF106F106, 0xE106F1DC, 0xF0F0F0F0, 0x1EF0F023, 0xF0F0F0F0, 0x00F0F000, 
0x00000000, 0x00000000, 0x00000000, 0x00000000, 0x00000000, 0x00000000, 0x00000000, 0x00000000, 
0x00000000, 0x00000000, 0x00000000, 0x00000000, 0x00000000, 0x00000000, 0x00000000, 0x00000000, 
0x00000000, 0x00000000, 0x00000000, 0x00000000, 0x00000000, 0x00000000, 0x00000000, 0x00000000, 
0xF109F28E, 0x00FCF000, 0xF109F28E, 0x1DFCF0E8, 0xF115F29B, 0xE108F1DC, 0xF05FF1E4, 0xFF52F0FF, 
0xEEAAEE2F, 0xFF9CEDFF, 0xEF7DEF02, 0xFF70EEFF, 0xF007F18C, 0xFFFAEFFF, 0xEF87EF0C, 0xFF7AEEFF, 
0xEF99EF1E, 0xFF8BEEFF, 0xF0EEF073, 0xFFE0EFFF, 0xF13BF2C0, 0xFF2EF1FF, 0xF170F2E3, 0xFF3AF1FF, 
0xF2F1F3D5, 0xFF7FF1FF, 0xCD74B9C8, 0xFF06E7FF, 0x82B34175, 0xFF6DD2FF, 0x7A1C2D7F, 0xFF6DD9FF, 
0xA5166B83, 0xFFAFEBFF, 0xC3C69A34, 0xFF7BF2FF, 0xBFCB9494, 0xFFBDF1FF, 0xBDB59107, 0xFFDAEFFF, 
0xA4237371, 0xFFD3DFFF, 0xA2717556, 0xFF81D9FF, 0xDBAECFF7, 0xFF28EBFF, 0xF357F417, 0xFF93F1FF, 
0xF147F2C9, 0xFF33F1FF, 0xF13DF2C2, 0xFF30F1FF, 0xF0E9F06F, 0xFFDCEFFF, 0xEF9CEF21, 0xFF8EEEFF, 
0xEE69EFEE, 0xFF5CEEFF, 0xF002F187, 0xFFF5EFFF, 0xEF8AEF10, 0xFF7DEEFF, 0xEEABEE31, 0xFF9EEDFF, 
0xF066F1EB, 0xFF59F0FF, 0xF115F29A, 0xE107F1DC, 0xF109F28E, 0x1EFCF023, 0xF109F28E, 0x00FCF000, 
0x00000000, 0x00000000, 0x00000000, 0x00000000, 0x00000000, 0x00000000, 0x00000000, 0x00000000, 
0x00000000, 0x00000000, 0x00000000, 0x00000000, 0x00000000, 0x00000000, 0x00000000, 0x00000000, 
0x00000000, 0x00000000, 0x00000000, 0x00000000, 0x00000000, 0x00000000, 0x00000000, 0x00000000, 
0xE6FDDD43, 0x0023F000, 0xE6FDDD43, 0x1D23F0E8, 0xE6FEDD44, 0xE124F0DC, 0xE6FCDD42, 0xFF21F0FF, 
0xE40DDC53, 0xFF33EEFF, 0xE170D9B6, 0xFF96EBFF, 0xE1D0D816, 0xFFF6EAFF, 0xE027D86D, 0xFF4DEAFF, 
0xE2F4D93A, 0xFF1AECFF, 0xE0FDD743, 0xFF23EAFF, 0xE066D8AC, 0xFF8CEAFF, 0xE230DA77, 0xFF57ECFF, 
0xE29DDAD1, 0xFF9AECFF, 0xE31DDCC2, 0xFFE0ECFF, 0xBE4DA172, 0xFF41E2FF, 0x7C1D3862, 0xFF48D0FF, 
0x8890430A, 0xFF7BDBFF, 0xA9AC7386, 0xFFD3E9FF, 0x98C658BD, 0xFFC9E5FF, 0x8FE95031, 0xFFCCDAFF, 
0x98B6654A, 0xFF47D6FF, 0xCD57B9DB, 0xFFA6E6FF, 0xE341DCD8, 0xFFDDECFF, 0xE263DAA5, 0xFF7FECFF, 
0xE237DA7D, 0xFF5DECFF, 0xE072D8B8, 0xFF98EAFF, 0xE0D4D71A, 0xFFFAE9FF, 0xE2C8D90E, 0xFFEEEBFF, 
0xE010D856, 0xFF36EAFF, 0xE1D0D816, 0xFFF6EAFF, 0xE16ED9B4, 0xFF94EBFF, 0xE4F6DB3C, 0xFF1CEEFF, 
0xE6FBDD41, 0xFF21F0FF, 0xE6FEDD44, 0xE124F0DC, 0xE6FDDD43, 0x1E23F023, 0xE6FDDD43, 0x0023F000, 
0x00000000, 0x00000000, 0x00000000, 0x00000000, 0x00000000, 0x00000000, 0x00000000, 0x00000000, 
0x00000000, 0x00000000, 0x00000000, 0x00000000, 0x00000000, 0x00000000, 0x00000000, 0x00000000, 
0x00000000, 0x00000000, 0x00000000, 0x00000000, 0x00000000, 0x00000000, 0x00000000, 0x00000000, 
0xD271BA3D, 0x00A3EE00, 0xD271BA3D, 0x1DA3EEE8, 0xD271BA3C, 0xE1A2EEDC, 0xD273BA3F, 0xFFA5EEFF, 
0xD271BA3C, 0xFFA2EEFF, 0xD1AAB975, 0xFFDBEDFF, 0xD084B84F, 0xFFB5ECFF, 0xCF83B74E, 0xFFB4EBFF, 
0xCE38B603, 0xFF69EAFF, 0xCD12B6DE, 0xFF44EAFF, 0xCDB0B57B, 0xFFE1E9FF, 0xCD5BB526, 0xFF8CE9FF, 
0xCC34B400, 0xFF67E8FF, 0xCD5AB514, 0xFF65E9FF, 0xCEB1B630, 0xFF3AEAFF, 0xBE7E9EF1, 0xFF15E6FF, 
0x905A55FB, 0xFF98D9FF, 0x81D93A20, 0xFF93D6FF, 0x80C03955, 0xFF37D6FF, 0x98996188, 0xFF87DBFF, 
0xC50BA802, 0xFFD7E7FF, 0xCEE4B653, 0xFF45EAFF, 0xCC2AB5F0, 0xFF51E9FF, 0xCB2CB4F7, 0xFF5EE8FF, 
0xCD64B52F, 0xFF95E9FF, 0xCDBEB589, 0xFFEFE9FF, 0xCD2AB6F5, 0xFF5BEAFF, 0xCD30B6FB, 0xFF61EAFF, 
0xCF95B760, 0xFFC6EBFF, 0xD07EB849, 0xFFAFECFF, 0xD1A4B96F, 0xFFD5EDFF, 0xD26FBA3A, 0xFFA0EEFF, 
0xD274BA3F, 0xFFA5EEFF, 0xD271BA3C, 0xE1A2EEDC, 0xD271BA3D, 0x1EA3EE23, 0xD271BA3D, 0x00A3EE00, 
0x00000000, 0x00000000, 0x00000000, 0x00000000, 0x00000000, 0x00000000, 0x00000000, 0x00000000, 
0x00000000, 0x00000000, 0x00000000, 0x00000000, 0x00000000, 0x00000000, 0x00000000, 0x00000000, 
0x00000000, 0x00000000, 0x00000000, 0x00000000, 0x00000000, 0x00000000, 0x00000000, 0x00000000, 
0xF1FFF189, 0x00FBF000, 0xF1FFF189, 0x1EFBF023, 0xF1FFF189, 0xE3FBF099, 0xF1FFF189, 0xFFFBF0FF, 
0xF100F289, 0xFFFCF0FF, 0xF10BF295, 0xFF08F1FF, 0xF120F2AA, 0xFF1DF1FF, 0xF11BF2A4, 0xFF17F1FF, 
0xF06BF1F5, 0xFF68F0FF, 0xF0FDF087, 0xFFFAEFFF, 0xF006F190, 0xFF03F0FF, 0xF0D8F062, 0xFFD5EFFF, 
0xEFFEEF87, 0xFFFAEEFF, 0xEEE9EE73, 0xFFE6EDFF, 0xEE9AEE11, 0xFF6DEDFF, 0xEEE7EE4B, 0xFF93EDFF, 
0xCF0BBD0F, 0xFF4DE5FF, 0x9D916ED8, 0xFF0ED8FF, 0xA392777B, 0xFF7ED9FF, 0xD8DACB6B, 0xFFD9E7FF, 
0xEEBDEFD0, 0xFFB4EDFF, 0xED7BEEFF, 0xFF6BEDFF, 0xEEE9EE73, 0xFFE6EDFF, 0xEFF7EF80, 0xFFF3EEFF, 
0xF0D9F063, 0xFFD5EFFF, 0xF00DF196, 0xFF09F0FF, 0xF00BF194, 0xFF07F0FF, 0xF17FF109, 0xFF7BF0FF, 
0xF121F2AB, 0xFF1EF1FF, 0xF120F2AA, 0xFF1CF1FF, 0xF10BF295, 0xFF08F1FF, 0xF100F289, 0xFFFCF0FF, 
0xF1FFF189, 0xFFFBF0FF, 0xF1FFF189, 0xE3FBF099, 0xF1FFF189, 0x1EFBF05F, 0xF1FFF189, 0x00FBF000, 
0x00000000, 0x00000000, 0x00000000, 0x00000000, 0x00000000, 0x00000000, 0x00000000, 0x00000000, 
0x00000000, 0x00000000, 0x00000000, 0x00000000, 0x00000000, 0x00000000, 0x00000000, 0x00000000, 
0x00000000, 0x00000000, 0x00000000, 0x00000000, 0x00000000, 0x00000000, 0x00000000, 0x00000000, 
0xF0F0F0F0, 0x00F0F000, 0xF0F0F0F0, 0x1AF0F063, 0xF0F0F0F0, 0xC7F0F044, 0xF0F0F0F0, 0xE3F0F099, 
0xF0F0F0F0, 0xE1F0F0DC, 0xF0F0F0F0, 0xE1F0F0DC, 0xF0F0F0F0, 0xE1F0F0DC, 0xF0F1F0F1, 0xE1F1F0DC, 
0xF0FCF0FC, 0xE1FCF0DC, 0xF107F107, 0xE107F1DC, 0xF107F107, 0xE107F1DC, 0xF109F109, 0xE109F1DC, 
0xF118F118, 0xE118F1DC, 0xF11AF11A, 0xE11AF1DC, 0xF0DCF0DD, 0xE1DEF0DC, 0xF086F07C, 0xE170F0DC, 
0xF1F2F13C, 0xE15BF0DC, 0xEE15EECC, 0xE1B0EFDC, 0xEF03EF5C, 0xE1CCEFDC, 0xF1C0F11C, 0xE150F0DC, 
0xF067F067, 0xE167F0DC, 0xF0DCF0DC, 0xE1DCF0DC, 0xF11BF11B, 0xE11BF1DC, 0xF119F119, 0xE119F1DC, 
0xF108F108, 0xE108F1DC, 0xF106F106, 0xE106F1DC, 0xF106F106, 0xE106F1DC, 0xF0FBF0FB, 0xE1FBF0DC, 
0xF0F0F0F0, 0xE1F0F0DC, 0xF0F0F0F0, 0xE1F0F0DC, 0xF0F0F0F0, 0xE1F0F0DC, 0xF0F0F0F0, 0xE1F0F0DC, 
0xF0F0F0F0, 0xE3F0F099, 0xF0F0F0F0, 0xC7F0F044, 0xF0F0F0F0, 0x1AF0F097, 0xF0F0F0F0, 0x00F0F000, 
0x00000000, 0x00000000, 0x00000000, 0x00000000, 0x00000000, 0x00000000, 0x00000000, 0x00000000, 
0x00000000, 0x00000000, 0x00000000, 0x00000000, 0x00000000, 0x00000000, 0x00000000, 0x00000000, 
0x00000000, 0x00000000, 0x00000000, 0x00000000, 0x00000000, 0x00000000, 0x00000000, 0x00000000, 
0xF0F0F0F0, 0x00F0F000, 0xF0F0F0F0, 0x03F0F07F, 0xF0F0F0F0, 0x1AF0F063, 0xF0F0F0F0, 0x1EF0F023, 
0xF0F0F0F0, 0x1DF0F0E8, 0xF0F0F0F0, 0x1DF0F0E8, 0xF0F0F0F0, 0x1DF0F0E8, 0xF0F0F0F0, 0x1DF0F0E8, 
0xF0F0F0F0, 0x1DF0F0E8, 0xF0F0F0F0, 0x1DF0F0E8, 0xF0F0F0F0, 0x1DF0F0E8, 0xF0F0F0F0, 0x1DF0F0E8, 
0xF0F0F0F0, 0x1DF0F0E8, 0xF0F0F0F0, 0x1DF0F0E8, 0xF0F9F0F9, 0x1DF9F0E8, 0xF125F125, 0x1D26F1E8, 
0xF17DF176, 0x1D6DF1E8, 0xF2C9F24F, 0x1DB9F1E8, 0xF291F22E, 0x1DB3F1E8, 0xF16BF16A, 0x1D6AF1E8, 
0xF128F128, 0x1D28F1E8, 0xF0FAF0FA, 0x1DFAF0E8, 0xF0F0F0F0, 0x1DF0F0E8, 0xF0F0F0F0, 0x1DF0F0E8, 
0xF0F0F0F0, 0x1DF0F0E8, 0xF0F0F0F0, 0x1DF0F0E8, 0xF0F0F0F0, 0x1DF0F0E8, 0xF0F0F0F0, 0x1DF0F0E8, 
0xF0F0F0F0, 0x1DF0F0E8, 0xF0F0F0F0, 0x1DF0F0E8, 0xF0F0F0F0, 0x1DF0F0E8, 0xF0F0F0F0, 0x1DF0F0E8, 
0xF0F0F0F0, 0x1EF0F023, 0xF0F0F0F0, 0x1AF0F063, 0xF0F0F0F0, 0x03F0F085, 0xF0F0F0F0, 0x00F0F000, 
0x00000000, 0x00000000, 0x00000000, 0x00000000, 0x00000000, 0x00000000, 0x00000000, 0x00000000, 
0x00000000, 0x00000000, 0x00000000, 0x00000000, 0x00000000, 0x00000000, 0x00000000, 0x00000000, 
0x00000000, 0x00000000, 0x00000000, 0x00000000, 0x00000000, 0x00000000, 0x00000000, 0x00000000, 
0xF0F0F0F0, 0x00F0F005, 0xF0F0F0F0, 0x00F0F000, 0xF0F0F0F0, 0x00F0F000, 0xF0F0F0F0, 0x00F0F000, 
0xF0F0F0F0, 0x00F0F000, 0xF0F0F0F0, 0x00F0F000, 0xF0F0F0F0, 0x00F0F000, 0xF0F0F0F0, 0x00F0F000, 
0xF0F0F0F0, 0x00F0F000, 0xF0F0F0F0, 0x00F0F000, 0xF0F0F0F0, 0x00F0F000, 0xF0F0F0F0, 0x00F0F000, 
0xF0F0F0F0, 0x00F0F000, 0xF0F0F0F0, 0x00F0F000, 0xF0F0F0F0, 0x00F0F000, 0xF0F0F0F0, 0x00F0F000, 
0xF0F0F0F0, 0x00F0F000, 0xF0F0F0F0, 0x00F0F000, 0xF0F0F0F0, 0x00F0F000, 0xF0F0F0F0, 0x00F0F000, 
0xF0F0F0F0, 0x00F0F000, 0xF0F0F0F0, 0x00F0F000, 0xF0F0F0F0, 0x00F0F000, 0xF0F0F0F0, 0x00F0F000, 
0xF0F0F0F0, 0x00F0F000, 0xF0F0F0F0, 0x00F0F000, 0xF0F0F0F0, 0x00F0F000, 0xF0F0F0F0, 0x00F0F000, 
0xF0F0F0F0, 0x00F0F000, 0xF0F0F0F0, 0x00F0F000, 0xF0F0F0F0, 0x00F0F000, 0xF0F0F0F0, 0x00F0F000, 
0xF0F0F0F0, 0x00F0F000, 0xF0F0F0F0, 0x00F0F000, 0xF0F0F0F0, 0x00F0F000, 0xF0F0F0F0, 0x00F0F004, 
0x00000000, 0x00000000, 0x00000000, 0x00000000, 0x00000000, 0x00000000, 0x00000000, 0x00000000, 
0x00000000, 0x00000000, 0x00000000, 0x00000000, 0x00000000, 0x00000000, 0x00000000, 0x00000000, 
0x00000000, 0x00000000, 0x00000000, 0x00000000, 0x00000000, 0x00000000, 0x00000000, 0x00000000, 

};

#endif
