/***************************************************************/
/*                                                             */
/* Copyright (C) Sidney 2024-2026. All rights reserved.        */
/* Written by Sidney.                                          */
/* Distributed under terms of the GNU General Public License.  */
/*                                                             */
/***************************************************************/

// Auto-generated professional transparent icons for Eigen
// RGBA4444 packed format for gfx_draw_icon_rgba()
#ifndef PROF_ICONS_H
#define PROF_ICONS_H
#include <stdint.h>

static const uint32_t prof_icon_calculator_rgba[] = {
    0x00000000,0x00000000,0x00000000,0x00000000,0x00000000,0x00000000,0x00000000,0x00000000,
    0x00000000,0x00000000,0x00000000,0x00000000,0x00000000,0x00000000,0x00000000,0x00000000,
    0x00000000,0x00000000,0x00000000,0x00000000,0x00000000,0x00000000,0x00000000,0x00000000,
    0x00000000,0x00000000,0x00000000,0x00000000,0x00000000,0x00000000,0x00000000,0x00000000,
    0x00000000,0x00000000,0x00000000,0x00000000,0x00000000,0x00000000,0x00000000,0x00000000,
    0x00000000,0x00000000,0x00000000,0x00000000,0x00000000,0x00000000,0x00000000,0x00000000,
    0x00000000,0x00000000,0x00000000,0x00000000,0x00000000,0x00000000,0x00000000,0x00000000,
    0x00000000,0x00000000,0x00000000,0x00000000,0x00000000,0x00000000,0x00000000,0x00000000,
    0x00000000,0x00000000,0x00000000,0x00000000,0x00000000,0x00000000,0x00000000,0x00000000,
    0x00000000,0x00000000,0x00000000,0x00000000,0x00000000,0x00000000,0x00000000,0x00000000,
    0x00000000,0x00000000,0x00000000,0x00000000,0x00000000,0x00000000,0x00000000,0x00000000,
    0x00000000,0x00000000,0x00000000,0x00000000,0x00000000,0x00000000,0x00000000,0x00000000,
    0x00000000,0x00000000,0x00000000,0x00000000,0x00000000,0x62D062D6,0x62DC62DF,0x62DF62DF,
    0x62DF62DF,0x62DF62DF,0x62DF62DF,0x62DF62DF,0x62DF62DF,0x62DF62DF,0x62DF62DF,0x62DF62DF,
    0x62DF62DF,0x62DF62DC,0x62D662D0,0x00000000,0x00000000,0x00000000,0x00000000,0x00000000,
    0x00000000,0x00000000,0x00000000,0x00000000,0x000072D1,0x62DD62DF,0x62DF62DF,0x62DF62DF,
    0x62DF62DF,0x62DF62DF,0x62DF62DF,0x62DF62DF,0x62DF62DF,0x62DF62DF,0x62DF62DF,0x62DF62DF,
    0x62DF62DF,0x62DF62DF,0x62DF62DC,0x72D10000,0x00000000,0x00000000,0x00000000,0x00000000,
    0x00000000,0x00000000,0x00000000,0x00000000,0x62D062DD,0x62DF62DF,0x62DF62DF,0x62DF62DF,
    0x62DF62DF,0x62DF62DF,0x62DF62DF,0x62DF62DF,0x62DF62DF,0x62DF62DF,0x62DF62DF,0x62DF62DF,
    0x62DF62DF,0x62DF62DF,0x62DF62DF,0x62DC62D0,0x00000000,0x00000000,0x00000000,0x00000000,
    0x00000000,0x00000000,0x00000000,0x00000000,0x62D662DF,0x62DF62DF,0x62DF62DF,0x62DF62DF,
    0x62DF62DF,0x62DF62DF,0x62DF62DF,0x62DF62DF,0x62DF62DF,0x62DF62DF,0x62DF62DF,0x62DF62DF,
    0x62DF62DF,0x62DF62DF,0x62DF62DF,0x62DF62D6,0x00000000,0x00000000,0x00000000,0x00000000,
    0x00000000,0x00000000,0x00000000,0x00000000,0x62DC62DF,0x62DF62DF,0x52AF113F,0x012F012F,
    0x012F012F,0x012F012F,0x012F012F,0x012F012F,0x012F012F,0x012F012F,0x012F012F,0x012F012F,
    0x012F012F,0x113F52AF,0x62DF62DF,0x62DF62DC,0x00000000,0x00000000,0x00000000,0x00000000,
    0x00000000,0x00000000,0x00000000,0x00000000,0x62DF62DF,0x62DF62DF,0x113F012F,0x012F012F,
    0x012F012F,0x012F012F,0x012F012F,0x012F012F,0x012F012F,0x012F012F,0x012F012F,0x012F012F,
    0x012F012F,0x012F113F,0x62DF62DF,0x62DF62DF,0x00000000,0x00000000,0x00000000,0x00000000,
    0x00000000,0x00000000,0x00000000,0x00000000,0x62DF62DF,0x62DF62DF,0x012F012F,0x29CF3BFF,
    0x3BFF3BFF,0x3BFF3BFF,0x3BFF3BFF,0x3BFF3BFF,0x3BFF29CF,0x012F012F,0x012F012F,0x012F012F,
    0x012F012F,0x012F012F,0x62DF62DF,0x62DF62DF,0x00000000,0x00000000,0x00000000,0x00000000,
    0x00000000,0x00000000,0x00000000,0x00000000,0x62DF62DF,0x62DF62DF,0x012F012F,0x3BFF3BFF,
    0x3BFF3BFF,0x3BFF3BFF,0x3BFF3BFF,0x3BFF3BFF,0x3BFF3BFF,0x012F012F,0x012F012F,0x012F012F,
    0x012F012F,0x012F012F,0x62DF62DF,0x62DF62DF,0x00000000,0x00000000,0x00000000,0x00000000,
    0x00000000,0x00000000,0x00000000,0x00000000,0x62DF62DF,0x62DF62DF,0x012F012F,0x3BFF3BFF,
    0x3BFF3BFF,0x3BFF3BFF,0x3BFF3BFF,0x3BFF3BFF,0x3BFF3BFF,0x012F012F,0x012F012F,0x012F012F,
    0x012F012F,0x012F012F,0x62DF62DF,0x62DF62DF,0x00000000,0x00000000,0x00000000,0x00000000,
    0x00000000,0x00000000,0x00000000,0x00000000,0x62DF62DF,0x62DF62DF,0x012F012F,0x29CF3BFF,
    0x3BFF3BFF,0x3BFF3BFF,0x3BFF3BFF,0x3BFF3BFF,0x3BFF29CF,0x012F012F,0x012F012F,0x012F012F,
    0x012F012F,0x012F012F,0x62DF62DF,0x62DF62DF,0x00000000,0x00000000,0x00000000,0x00000000,
    0x00000000,0x00000000,0x00000000,0x00000000,0x62DF62DF,0x62DF62DF,0x113F012F,0x012F012F,
    0x012F012F,0x012F012F,0x012F012F,0x012F012F,0x012F012F,0x012F012F,0x012F012F,0x012F012F,
    0x012F012F,0x012F113F,0x62DF62DF,0x62DF62DF,0x00000000,0x00000000,0x00000000,0x00000000,
    0x00000000,0x00000000,0x00000000,0x00000000,0x62DF62DF,0x62DF62DF,0x52AF113F,0x012F012F,
    0x012F012F,0x012F012F,0x012F012F,0x012F012F,0x012F012F,0x012F012F,0x012F012F,0x012F012F,
    0x012F012F,0x113F52AF,0x62DF62DF,0x62DF62DF,0x00000000,0x00000000,0x00000000,0x00000000,
    0x00000000,0x00000000,0x00000000,0x00000000,0x62DF62DF,0x62DF62DF,0x62DF62DF,0x62DF62DF,
    0x62DF62DF,0x62DF62DF,0x62DF62DF,0x62DF62DF,0x62DF62DF,0x62DF62DF,0x62DF62DF,0x62DF62DF,
    0x62DF62DF,0x62DF62DF,0x62DF62DF,0x62DF62DF,0x00000000,0x00000000,0x00000000,0x00000000,
    0x00000000,0x00000000,0x00000000,0x00000000,0x62DF62DF,0x62DF62DF,0x62DF62DF,0x62DF62DF,
    0x62DF62DF,0x62DF62DF,0x62DF62DF,0x62DF62DF,0x62DF62DF,0x62DF62DF,0x62DF62DF,0x62DF62DF,
    0x62DF62DF,0x62DF62DF,0x62DF62DF,0x62DF62DF,0x00000000,0x00000000,0x00000000,0x00000000,
    0x00000000,0x00000000,0x00000000,0x00000000,0x62DF62DF,0x62DF62DF,0x62DF62DF,0x62DF62DF,
    0x62DF62DF,0x62DF62DF,0x62DF62DF,0x62DF62DF,0x62DF62DF,0x62DF62DF,0x62DF62DF,0x62DF62DF,
    0x62DF62DF,0x62DF62DF,0x62DF62DF,0x62DF62DF,0x00000000,0x00000000,0x00000000,0x00000000,
    0x00000000,0x00000000,0x00000000,0x00000000,0x62DF62DF,0x62DF62DF,0x62DF62DF,0x62DF62DF,
    0x62DF62DF,0x62DF62DF,0x62DF62DF,0x62DF62DF,0x62DF62DF,0x62DF62DF,0x62DF62DF,0x62DF62DF,
    0x62DF62DF,0x62DF62DF,0x62DF62DF,0x62DF62DF,0x00000000,0x00000000,0x00000000,0x00000000,
    0x00000000,0x00000000,0x00000000,0x00000000,0x62DF62DF,0x62DF62DF,0x85EFA8FF,0xA8FFA8FF,
    0xA8FF85EF,0x62DF62DF,0x62DF85EF,0xA8FFA8FF,0xA8FFA8FF,0x85EF62DF,0x62DF62DF,0xB4CFF7BF,
    0xF7BFF7BF,0xF7BFB4CF,0x62DF62DF,0x62DF62DF,0x00000000,0x00000000,0x00000000,0x00000000,
    0x00000000,0x00000000,0x00000000,0x00000000,0x62DF62DF,0x62DF62DF,0xA8FFA8FF,0xA8FFA8FF,
    0xA8FFA8FF,0x62DF62DF,0x62DFA8FF,0xA8FFA8FF,0xA8FFA8FF,0xA8FF62DF,0x62DF62DF,0xF7BFF7BF,
    0xF7BFF7BF,0xF7BFF7BF,0x62DF62DF,0x62DF62DF,0x00000000,0x00000000,0x00000000,0x00000000,
    0x00000000,0x00000000,0x00000000,0x00000000,0x62DF62DF,0x62DF62DF,0xA8FFA8FF,0xA8FFA8FF,
    0xA8FFA8FF,0x62DF62DF,0x62DFA8FF,0xA8FFA8FF,0xA8FFA8FF,0xA8FF62DF,0x62DF62DF,0xF7BFF7BF,
    0xF7BFF7BF,0xF7BFF7BF,0x62DF62DF,0x62DF62DF,0x00000000,0x00000000,0x00000000,0x00000000,
    0x00000000,0x00000000,0x00000000,0x00000000,0x62DF62DF,0x62DF62DF,0xA8FFA8FF,0xA8FFA8FF,
    0xA8FFA8FF,0x62DF62DF,0x62DFA8FF,0xA8FFA8FF,0xA8FFA8FF,0xA8FF62DF,0x62DF62DF,0xF7BFF7BF,
    0xF7BFF7BF,0xF7BFF7BF,0x62DF62DF,0x62DF62DF,0x00000000,0x00000000,0x00000000,0x00000000,
    0x00000000,0x00000000,0x00000000,0x00000000,0x62DF62DF,0x62DF62DF,0x85EFA8FF,0xA8FFA8FF,
    0xA8FF85EF,0x62DF62DF,0x62DF85EF,0xA8FFA8FF,0xA8FFA8FF,0x85EF62DF,0x62DF62DF,0xB4CFF7BF,
    0xF7BFF7BF,0xF7BFB4CF,0x62DF62DF,0x62DF62DF,0x00000000,0x00000000,0x00000000,0x00000000,
    0x00000000,0x00000000,0x00000000,0x00000000,0x62DF62DF,0x62DF62DF,0x62DF62DF,0x62DF62DF,
    0x62DF62DF,0x62DF62DF,0x62DF62DF,0x62DF62DF,0x62DF62DF,0x62DF62DF,0x62DF62DF,0x62DF62DF,
    0x62DF62DF,0x62DF62DF,0x62DF62DF,0x62DF62DF,0x00000000,0x00000000,0x00000000,0x00000000,
    0x00000000,0x00000000,0x00000000,0x00000000,0x62DF62DF,0x62DF62DF,0x62DF62DF,0x62DF62DF,
    0x62DF62DF,0x62DF62DF,0x62DF62DF,0x62DF62DF,0x62DF62DF,0x62DF62DF,0x62DF62DF,0x62DF62DF,
    0x62DF62DF,0x62DF62DF,0x62DF62DF,0x62DF62DF,0x00000000,0x00000000,0x00000000,0x00000000,
    0x00000000,0x00000000,0x00000000,0x00000000,0x62DF62DF,0x62DF62DF,0x85EFA8FF,0xA8FFA8FF,
    0xA8FF85EF,0x62DF62DF,0x62DF85EF,0xA8FFA8FF,0xA8FFA8FF,0x85EF62DF,0x62DF62DF,0xB4CFF7BF,
    0xF7BFF7BF,0xF7BFB4CF,0x62DF62DF,0x62DF62DF,0x00000000,0x00000000,0x00000000,0x00000000,
    0x00000000,0x00000000,0x00000000,0x00000000,0x62DF62DF,0x62DF62DF,0xA8FFA8FF,0xA8FFA8FF,
    0xA8FFA8FF,0x62DF62DF,0x62DFA8FF,0xA8FFA8FF,0xA8FFA8FF,0xA8FF62DF,0x62DF62DF,0xF7BFF7BF,
    0xF7BFF7BF,0xF7BFF7BF,0x62DF62DF,0x62DF62DF,0x00000000,0x00000000,0x00000000,0x00000000,
    0x00000000,0x00000000,0x00000000,0x00000000,0x62DF62DF,0x62DF62DF,0xA8FFA8FF,0xA8FFA8FF,
    0xA8FFA8FF,0x62DF62DF,0x62DFA8FF,0xA8FFA8FF,0xA8FFA8FF,0xA8FF62DF,0x62DF62DF,0xF7BFF7BF,
    0xF7BFF7BF,0xF7BFF7BF,0x62DF62DF,0x62DF62DF,0x00000000,0x00000000,0x00000000,0x00000000,
    0x00000000,0x00000000,0x00000000,0x00000000,0x62DF62DF,0x62DF62DF,0xA8FFA8FF,0xA8FFA8FF,
    0xA8FFA8FF,0x62DF62DF,0x62DFA8FF,0xA8FFA8FF,0xA8FFA8FF,0xA8FF62DF,0x62DF62DF,0xF7BFF7BF,
    0xF7BFF7BF,0xF7BFF7BF,0x62DF62DF,0x62DF62DF,0x00000000,0x00000000,0x00000000,0x00000000,
    0x00000000,0x00000000,0x00000000,0x00000000,0x62DF62DF,0x62DF62DF,0x85EFA8FF,0xA8FFA8FF,
    0xA8FF85EF,0x62DF62DF,0x62DF85EF,0xA8FFA8FF,0xA8FFA8FF,0x85EF62DF,0x62DF62DF,0xB4CFF7BF,
    0xF7BFF7BF,0xF7BFB4CF,0x62DF62DF,0x62DF62DF,0x00000000,0x00000000,0x00000000,0x00000000,
    0x00000000,0x00000000,0x00000000,0x00000000,0x62DF62DF,0x62DF62DF,0x62DF62DF,0x62DF62DF,
    0x62DF62DF,0x62DF62DF,0x62DF62DF,0x62DF62DF,0x62DF62DF,0x62DF62DF,0x62DF62DF,0x62DF62DF,
    0x62DF62DF,0x62DF62DF,0x62DF62DF,0x62DF62DF,0x00000000,0x00000000,0x00000000,0x00000000,
    0x00000000,0x00000000,0x00000000,0x00000000,0x62DF62DF,0x62DF62DF,0x62DF62DF,0x62DF62DF,
    0x62DF62DF,0x62DF62DF,0x62DF62DF,0x62DF62DF,0x62DF62DF,0x62DF62DF,0x62DF62DF,0x62DF62DF,
    0x62DF62DF,0x62DF62DF,0x62DF62DF,0x62DF62DF,0x00000000,0x00000000,0x00000000,0x00000000,
    0x00000000,0x00000000,0x00000000,0x00000000,0x62DF62DF,0x62DF62DF,0x58AF4D8F,0x4D8F4D8F,
    0x4D8F58AF,0x62DF62DF,0x62DF85EF,0xA8FFA8FF,0xA8FFA8FF,0x85EF62DF,0x62DF62DF,0xB77FFB2F,
    0xFB2FFB2F,0xFB2FB77F,0x62DF62DF,0x62DF62DF,0x00000000,0x00000000,0x00000000,0x00000000,
    0x00000000,0x00000000,0x00000000,0x00000000,0x62DF62DF,0x62DF62DF,0x4D8F4D8F,0x4D8F4D8F,
    0x4D8F4D8F,0x62DF62DF,0x62DFA8FF,0xA8FFA8FF,0xA8FFA8FF,0xA8FF62DF,0x62DF62DF,0xFB2FFB2F,
    0xFB2FFB2F,0xFB2FFB2F,0x62DF62DF,0x62DF62DF,0x00000000,0x00000000,0x00000000,0x00000000,
    0x00000000,0x00000000,0x00000000,0x00000000,0x62DF62DF,0x62DF62DF,0x4D8F4D8F,0x4D8F4D8F,
    0x4D8F4D8F,0x62DF62DF,0x62DFA8FF,0xA8FFA8FF,0xA8FFA8FF,0xA8FF62DF,0x62DF62DF,0xFB2FFB2F,
    0xFB2FFB2F,0xFB2FFB2F,0x62DF62DF,0x62DF62DF,0x00000000,0x00000000,0x00000000,0x00000000,
    0x00000000,0x00000000,0x00000000,0x00000000,0x62DF62DF,0x62DF62DF,0x4D8F4D8F,0x4D8F4D8F,
    0x4D8F4D8F,0x62DF62DF,0x62DFA8FF,0xA8FFA8FF,0xA8FFA8FF,0xA8FF62DF,0x62DF62DF,0xFB2FFB2F,
    0xFB2FFB2F,0xFB2FFB2F,0x62DF62DF,0x62DF62DF,0x00000000,0x00000000,0x00000000,0x00000000,
    0x00000000,0x00000000,0x00000000,0x00000000,0x62DF62DF,0x62DF62DF,0x58AF4D8F,0x4D8F4D8F,
    0x4D8F58AF,0x62DF62DF,0x62DF85EF,0xA8FFA8FF,0xA8FFA8FF,0x85EF62DF,0x62DF62DF,0xB77FFB2F,
    0xFB2FFB2F,0xFB2FB77F,0x62DF62DF,0x62DF62DF,0x00000000,0x00000000,0x00000000,0x00000000,
    0x00000000,0x00000000,0x00000000,0x00000000,0x62DC62DF,0x62DF62DF,0x62DF62DF,0x62DF62DF,
    0x62DF62DF,0x62DF62DF,0x62DF62DF,0x62DF62DF,0x62DF62DF,0x62DF62DF,0x62DF62DF,0x62DF62DF,
    0x62DF62DF,0x62DF62DF,0x62DF62DF,0x62DF62DC,0x00000000,0x00000000,0x00000000,0x00000000,
    0x00000000,0x00000000,0x00000000,0x00000000,0x62D662DF,0x62DF62DF,0x62DF62DF,0x62DF62DF,
    0x62DF62DF,0x62DF62DF,0x62DF62DF,0x62DF62DF,0x62DF62DF,0x62DF62DF,0x62DF62DF,0x62DF62DF,
    0x62DF62DF,0x62DF62DF,0x62DF62DF,0x62DF62D6,0x00000000,0x00000000,0x00000000,0x00000000,
    0x00000000,0x00000000,0x00000000,0x00000000,0x62D062DC,0x62DF62DF,0x62DF62DF,0x62DF62DF,
    0x62DF62DF,0x62DF62DF,0x62DF62DF,0x62DF62DF,0x62DF62DF,0x62DF62DF,0x62DF62DF,0x62DF62DF,
    0x62DF62DF,0x62DF62DF,0x62DF62DF,0x62DC82D0,0x00000000,0x00000000,0x00000000,0x00000000,
    0x00000000,0x00000000,0x00000000,0x00000000,0x000072D1,0x62DC62DF,0x62DF62DF,0x62DF62DF,
    0x62DF62DF,0x62DF62DF,0x62DF62DF,0x62DF62DF,0x62DF62DF,0x62DF62DF,0x62DF62DF,0x62DF62DF,
    0x62DF62DF,0x62DF62DF,0x62DF62DC,0x72D10000,0x00000000,0x00000000,0x00000000,0x00000000,
    0x00000000,0x00000000,0x00000000,0x00000000,0x00000000,0x82D062D6,0x62DC62DF,0x62DF62DF,
    0x62DF62DF,0x62DF62DF,0x62DF62DF,0x62DF62DF,0x62DF62DF,0x62DF62DF,0x62DF62DF,0x62DF62DF,
    0x62DF62DF,0x62DF62DC,0x62D682D0,0x00000000,0x00000000,0x00000000,0x00000000,0x00000000,
    0x00000000,0x00000000,0x00000000,0x00000000,0x00000000,0x00000000,0x00000000,0x00000000,
    0x00000000,0x00000000,0x00000000,0x00000000,0x00000000,0x00000000,0x00000000,0x00000000,
    0x00000000,0x00000000,0x00000000,0x00000000,0x00000000,0x00000000,0x00000000,0x00000000,
    0x00000000,0x00000000,0x00000000,0x00000000,0x00000000,0x00000000,0x00000000,0x00000000,
    0x00000000,0x00000000,0x00000000,0x00000000,0x00000000,0x00000000,0x00000000,0x00000000,
    0x00000000,0x00000000,0x00000000,0x00000000,0x00000000,0x00000000,0x00000000,0x00000000,
    0x00000000,0x00000000,0x00000000,0x00000000,0x00000000,0x00000000,0x00000000,0x00000000,
    0x00000000,0x00000000,0x00000000,0x00000000,0x00000000,0x00000000,0x00000000,0x00000000,
    0x00000000,0x00000000,0x00000000,0x00000000,0x00000000,0x00000000,0x00000000,0x00000000,
    0x00000000,0x00000000,0x00000000,0x00000000,0x00000000,0x00000000,0x00000000,0x00000000,
    0x00000000,0x00000000,0x00000000,0x00000000,0x00000000,0x00000000,0x00000000,0x00000000,
    0x00000000,0x00000000,0x00000000,0x00000000,0x00000000,0x00000000,0x00000000,0x00000000,
};
#define PROF_ICON_CALCULATOR_SIZE 48

static const uint32_t prof_icon_file_explorer_rgba[] = {
    0x00000000,0x00000000,0x00000000,0x00000000,0x00000000,0x00000000,0x00000000,0x00000000,
    0x00000000,0x00000000,0x00000000,0x00000000,0x00000000,0x00000000,0x00000000,0x00000000,
    0x00000000,0x00000000,0x00000000,0x00000000,0x00000000,0x00000000,0x00000000,0x00000000,
    0x00000000,0x00000000,0x00000000,0x00000000,0x00000000,0x00000000,0x00000000,0x00000000,
    0x00000000,0x00000000,0x00000000,0x00000000,0x00000000,0x00000000,0x00000000,0x00000000,
    0x00000000,0x00000000,0x00000000,0x00000000,0x00000000,0x00000000,0x00000000,0x00000000,
    0x00000000,0x00000000,0x00000000,0x00000000,0x00000000,0x00000000,0x00000000,0x00000000,
    0x00000000,0x00000000,0x00000000,0x00000000,0x00000000,0x00000000,0x00000000,0x00000000,
    0x00000000,0x00000000,0x00000000,0x00000000,0x00000000,0x00000000,0x00000000,0x00000000,
    0x00000000,0x00000000,0x00000000,0x00000000,0x00000000,0x00000000,0x00000000,0x00000000,
    0x00000000,0x00000000,0x00000000,0x00000000,0x00000000,0x00000000,0x00000000,0x00000000,
    0x00000000,0x00000000,0x00000000,0x00000000,0x00000000,0x00000000,0x00000000,0x00000000,
    0x00000000,0x00000000,0x00000000,0x00000000,0x00000000,0x00000000,0x00000000,0x00000000,
    0x00000000,0x00000000,0x00000000,0x00000000,0x00000000,0x00000000,0x00000000,0x00000000,
    0x00000000,0x00000000,0x00000000,0x00000000,0x00000000,0x00000000,0x00000000,0x00000000,
    0x00000000,0x00000000,0x00000000,0x00000000,0x00000000,0x00000000,0x00000000,0x00000000,
    0x00000000,0x00000000,0x00000000,0x00000000,0x00000000,0x00000000,0x00000000,0x00000000,
    0x00000000,0x00000000,0x00000000,0x00000000,0x00000000,0x00000000,0x00000000,0x00000000,
    0x00000000,0x00000000,0x00000000,0x00000000,0x00000000,0x00000000,0x00000000,0x00000000,
    0x00000000,0x00000000,0x00000000,0x00000000,0x00000000,0x00000000,0x00000000,0x00000000,
    0x00000000,0x00000000,0x00000000,0x00000000,0x00000000,0x00000000,0x00000000,0x00000000,
    0x00000000,0x00000000,0x00000000,0x00000000,0x00000000,0x00000000,0x00000000,0x00000000,
    0x00000000,0x00000000,0x00000000,0x00000000,0x00000000,0x00000000,0x00000000,0x00000000,
    0x00000000,0x00000000,0x00000000,0x00000000,0x00000000,0x00000000,0x00000000,0x00000000,
    0x00000000,0x00000000,0x0000D701,0xD70AD70F,0xD70FD70F,0xD70FD70F,0xD70FD70F,0xD70FD70F,
    0xD70FD70F,0xD7080000,0x00000000,0x00000000,0x00000000,0x00000000,0x00000000,0x00000000,
    0x00000000,0x00000000,0x00000000,0x00000000,0x00000000,0x00000000,0x00000000,0x00000000,
    0x00000000,0x00000000,0xD701D70E,0xD70FD70F,0xD70FD70F,0xD70FD70F,0xD70FD70F,0xD70FD70F,
    0xD70FD70F,0xD70FD708,0x00000000,0x00000000,0x00000000,0x00000000,0x00000000,0x00000000,
    0x00000000,0x00000000,0x00000000,0x00000000,0x00000000,0x00000000,0x00000000,0x00000000,
    0x00000000,0x00000000,0xD70AD70F,0xD70FD70F,0xD70FD70F,0xD70FD70F,0xD70FD70F,0xD70FD70F,
    0xD70FD70F,0xD70FD70F,0xD7080000,0x00000000,0x00000000,0x00000000,0x00000000,0x00000000,
    0x00000000,0x00000000,0x00000000,0x00000000,0x00000000,0x00000000,0x00000000,0x00000000,
    0x00000000,0x00000000,0xD70FD70F,0xD70FD70F,0xD70FD70F,0xD70FD70F,0xD70FD70F,0xD70FD70F,
    0xD70FD70F,0xD70FD70F,0xD70FD708,0x00000000,0x00000000,0x00000000,0x00000000,0x00000000,
    0x00000000,0x00000000,0x00000000,0x00000000,0x00000000,0x00000000,0x00000000,0x00000000,
    0x00000000,0x00000000,0xD70FD70F,0xD70FD70F,0xD70FD70F,0xD70FD70F,0xD70FD70F,0xD70FD70F,
    0xD70FD70F,0xD70FD70F,0xD70FD70F,0xD70FD70F,0xD70FD70F,0xD70FD70F,0xD70FD70F,0xD70FD70F,
    0xD70FD70F,0xD70FD70F,0xD70FD70F,0xD70FD70F,0xD70FD70A,0xD7020000,0x00000000,0x00000000,
    0x00000000,0x00000000,0xD70FD70F,0xD70FD70F,0xD70FD70F,0xD70FD70F,0xD70FD70F,0xD70FD70F,
    0xD70FD70F,0xD70FD70F,0xD70FD70F,0xD70FD70F,0xD70FD70F,0xD70FD70F,0xD70FD70F,0xD70FD70F,
    0xD70FD70F,0xD70FD70F,0xD70FD70F,0xD70FD70F,0xD70FD70F,0xD70ED701,0x00000000,0x00000000,
    0x00000000,0x00000000,0xE80FFB2F,0xFB2FFB2F,0xFB2FFB2F,0xFB2FFB2F,0xFB2FFB2F,0xFB2FFB2F,
    0xFB2FFB2F,0xFB2FFB2F,0xFB2FFB2F,0xFB2FFB2F,0xFB2FFB2F,0xFB2FFB2F,0xFB2FFB2F,0xFB2FFB2F,
    0xFB2FFB2F,0xFB2FFB2F,0xFB2FFB2F,0xFB2FFB2F,0xFB2FFB2F,0xFB2FE91C,0x00000000,0x00000000,
    0x00000000,0x00000000,0xFB2FFB2F,0xFB2FFB2F,0xFB2FFB2F,0xFB2FFB2F,0xFB2FFB2F,0xFB2FFB2F,
    0xFB2FFB2F,0xFB2FFB2F,0xFB2FFB2F,0xFB2FFB2F,0xFB2FFB2F,0xFB2FFB2F,0xFB2FFB2F,0xFB2FFB2F,
    0xFB2FFB2F,0xFB2FFB2F,0xFB2FFB2F,0xFB2FFB2F,0xFB2FFB2F,0xFB2FFB2F,0x00000000,0x00000000,
    0x00000000,0x00000000,0xFB2FFB2F,0xFB2FFB2F,0xFB2FFB2F,0xFB2FFB2F,0xFB2FFB2F,0xFB2FFB2F,
    0xFB2FFB2F,0xFB2FFB2F,0xFB2FFB2F,0xFB2FFB2F,0xFB2FFB2F,0xFB2FFB2F,0xFB2FFB2F,0xFB2FFB2F,
    0xFB2FFB2F,0xFB2FFB2F,0xFB2FFB2F,0xFB2FFB2F,0xFB2FFB2F,0xFB2FFB2F,0x00000000,0x00000000,
    0x00000000,0x00000000,0xFB2FFB2F,0xFB2FFB2F,0xFB2FFB2F,0xFB2FFB2F,0xFB2FFB2F,0xFB2FFB2F,
    0xFB2FFB2F,0xFB2FFB2F,0xFB2FFB2F,0xFB2FFB2F,0xFB2FFB2F,0xFB2FFB2F,0xFB2FFB2F,0xFB2FFB2F,
    0xFB2FFB2F,0xFB2FFB2F,0xFB2FFB2F,0xFB2FFB2F,0xFB2FFB2F,0xFB2FFB2F,0x00000000,0x00000000,
    0x00000000,0x00000000,0xFB2FFB2F,0xFB2FFB2F,0xFB2FFB2F,0xFB2FFB2F,0xFB2FFB2F,0xFB2FFB2F,
    0xFB2FFB2F,0xFB2FFB2F,0xFB2FFB2F,0xFB2FFB2F,0xFB2FFB2F,0xFB2FFB2F,0xFB2FFB2F,0xFB2FFB2F,
    0xFB2FFB2F,0xFB2FFB2F,0xFB2FFB2F,0xFB2FFB2F,0xFB2FFB2F,0xFB2FFB2F,0x00000000,0x00000000,
    0x00000000,0x00000000,0xFB2FFB2F,0xFB2FFB2F,0xFB2FFB2F,0xFB2FFB2F,0xFB2FFB2F,0xFB2FFB2F,
    0xFB2FFB2F,0xFB2FFB2F,0xFB2FFB2F,0xFB2FFB2F,0xFB2FFB2F,0xFB2FFB2F,0xFB2FFB2F,0xFB2FFB2F,
    0xFB2FFB2F,0xFB2FFB2F,0xFB2FFB2F,0xFB2FFB2F,0xFB2FFB2F,0xFB2FFB2F,0x00000000,0x00000000,
    0x00000000,0x00000000,0xFB2FFB2F,0xFB2FFB2F,0xFB2FFB2F,0xFB2FFB2F,0xFB2FFB2F,0xFB2FFB2F,
    0xFB2FFB2F,0xFB2FFB2F,0xFB2FFB2F,0xFB2FFB2F,0xFB2FFB2F,0xFB2FFB2F,0xFB2FFB2F,0xFB2FFB2F,
    0xFB2FFB2F,0xFB2FFB2F,0xFB2FFB2F,0xFB2FFB2F,0xFB2FFB2F,0xFB2FFB2F,0x00000000,0x00000000,
    0x00000000,0x00000000,0xFB2FFB2F,0xFB2FFB2F,0xFB2FFB2F,0xFB2FFB2F,0xFB2FFB2F,0xFB2FFB2F,
    0xFB2FFB2F,0xFB2FFB2F,0xFB2FFB2F,0xFB2FFB2F,0xFB2FFB2F,0xFB2FFB2F,0xFB2FFB2F,0xFB2FFB2F,
    0xFB2FFB2F,0xFB2FFB2F,0xFB2FFB2F,0xFB2FFB2F,0xFB2FFB2F,0xFB2FFB2F,0x00000000,0x00000000,
    0x00000000,0x00000000,0xFB2FFB2F,0xFB2FFB2F,0xFB2FFB2F,0xFB2FFB2F,0xD91FA61F,0xA61FA61F,
    0xA61FA61F,0xA61FA61F,0xA61FA61F,0xA61FA61F,0xA61FA61F,0xA61FD91F,0xFB2FFB2F,0xFB2FFB2F,
    0xFB2FFB2F,0xFB2FFB2F,0xFB2FFB2F,0xFB2FFB2F,0xFB2FFB2F,0xFB2FFB2F,0x00000000,0x00000000,
    0x00000000,0x00000000,0xFB2FFB2F,0xFB2FFB2F,0xFB2FFB2F,0xFB2FFB2F,0xA71FA61F,0xA61FA61F,
    0xA61FA61F,0xA61FA61F,0xA61FA61F,0xA61FA61F,0xA61FA61F,0xA61FB71F,0xFB2FFB2F,0xFB2FFB2F,
    0xFB2FFB2F,0xFB2FFB2F,0xFB2FFB2F,0xFB2FFB2F,0xFB2FFB2F,0xFB2FFB2F,0x00000000,0x00000000,
    0x00000000,0x00000000,0xFB2FFB2F,0xFB2FFB2F,0xFB2FFB2F,0xFB2FFB2F,0xD91FA61F,0xA61FA61F,
    0xA61FA61F,0xA61FA61F,0xA61FA61F,0xA61FA61F,0xA61FA61F,0xA61FD91F,0xFB2FFB2F,0xFB2FFB2F,
    0xFB2FFB2F,0xFB2FFB2F,0xFB2FFB2F,0xFB2FFB2F,0xFB2FFB2F,0xFB2FFB2F,0x00000000,0x00000000,
    0x00000000,0x00000000,0xFB2FFB2F,0xFB2FFB2F,0xFB2FFB2F,0xFB2FFB2F,0xFB2FFB2F,0xFB2FFB2F,
    0xFB2FFB2F,0xFB2FFB2F,0xFB2FFB2F,0xFB2FFB2F,0xFB2FFB2F,0xFB2FFB2F,0xFB2FFB2F,0xFB2FFB2F,
    0xFB2FFB2F,0xFB2FFB2F,0xFB2FFB2F,0xFB2FFB2F,0xFB2FFB2F,0xFB2FFB2F,0x00000000,0x00000000,
    0x00000000,0x00000000,0xFB2FFB2F,0xFB2FFB2F,0xFB2FFB2F,0xFB2FFB2F,0xFB2FFB2F,0xFB2FFB2F,
    0xFB2FFB2F,0xFB2FFB2F,0xFB2FFB2F,0xFB2FFB2F,0xFB2FFB2F,0xFB2FFB2F,0xFB2FFB2F,0xFB2FFB2F,
    0xFB2FFB2F,0xFB2FFB2F,0xFB2FFB2F,0xFB2FFB2F,0xFB2FFB2F,0xFB2FFB2F,0x00000000,0x00000000,
    0x00000000,0x00000000,0xFB2FFB2F,0xFB2FFB2F,0xFB2FFB2F,0xFB2FFB2F,0xFB2FFB2F,0xFB2FFB2F,
    0xFB2FFB2F,0xFB2FFB2F,0xFB2FFB2F,0xFB2FFB2F,0xFB2FFB2F,0xFB2FFB2F,0xFB2FFB2F,0xFB2FFB2F,
    0xFB2FFB2F,0xFB2FFB2F,0xFB2FFB2F,0xFB2FFB2F,0xFB2FFB2F,0xFB2FFB2F,0x00000000,0x00000000,
    0x00000000,0x00000000,0xFB2FFB2F,0xFB2FFB2F,0xFB2FFB2F,0xFB2FFB2F,0xD91FA61F,0xA61FA61F,
    0xA61FA61F,0xA61FA61F,0xA61FA61F,0xA61FA61F,0xA61FA61F,0xA61FA61F,0xA61FA61F,0xA61FA61F,
    0xA61FA61F,0xA61FD91F,0xFB2FFB2F,0xFB2FFB2F,0xFB2FFB2F,0xFB2FFB2F,0x00000000,0x00000000,
    0x00000000,0x00000000,0xFB2FFB2F,0xFB2FFB2F,0xFB2FFB2F,0xFB2FFB2F,0xA71FA61F,0xA61FA61F,
    0xA61FA61F,0xA61FA61F,0xA61FA61F,0xA61FA61F,0xA61FA61F,0xA61FA61F,0xA61FA61F,0xA61FA61F,
    0xA61FA61F,0xA61FB71F,0xFB2FFB2F,0xFB2FFB2F,0xFB2FFB2F,0xFB2FFB2F,0x00000000,0x00000000,
    0x00000000,0x00000000,0xFB2FFB2F,0xFB2FFB2F,0xFB2FFB2F,0xFB2FFB2F,0xD91FA61F,0xA61FA61F,
    0xA61FA61F,0xA61FA61F,0xA61FA61F,0xA61FA61F,0xA61FA61F,0xA61FA61F,0xA61FA61F,0xA61FA61F,
    0xA61FA61F,0xA61FD91F,0xFB2FFB2F,0xFB2FFB2F,0xFB2FFB2F,0xFB2FFB2F,0x00000000,0x00000000,
    0x00000000,0x00000000,0xFB2FFB2F,0xFB2FFB2F,0xFB2FFB2F,0xFB2FFB2F,0xFB2FFB2F,0xFB2FFB2F,
    0xFB2FFB2F,0xFB2FFB2F,0xFB2FFB2F,0xFB2FFB2F,0xFB2FFB2F,0xFB2FFB2F,0xFB2FFB2F,0xFB2FFB2F,
    0xFB2FFB2F,0xFB2FFB2F,0xFB2FFB2F,0xFB2FFB2F,0xFB2FFB2F,0xFB2FFB2F,0x00000000,0x00000000,
    0x00000000,0x00000000,0xFB2FFB2F,0xFB2FFB2F,0xFB2FFB2F,0xFB2FFB2F,0xFB2FFB2F,0xFB2FFB2F,
    0xFB2FFB2F,0xFB2FFB2F,0xFB2FFB2F,0xFB2FFB2F,0xFB2FFB2F,0xFB2FFB2F,0xFB2FFB2F,0xFB2FFB2F,
    0xFB2FFB2F,0xFB2FFB2F,0xFB2FFB2F,0xFB2FFB2F,0xFB2FFB2F,0xFB2FFB2F,0x00000000,0x00000000,
    0x00000000,0x00000000,0xFB2FFB2F,0xFB2FFB2F,0xFB2FFB2F,0xFB2FFB2F,0xFB2FFB2F,0xFB2FFB2F,
    0xFB2FFB2F,0xFB2FFB2F,0xFB2FFB2F,0xFB2FFB2F,0xFB2FFB2F,0xFB2FFB2F,0xFB2FFB2F,0xFB2FFB2F,
    0xFB2FFB2F,0xFB2FFB2F,0xFB2FFB2F,0xFB2FFB2F,0xFB2FFB2F,0xFB2FFB2F,0x00000000,0x00000000,
    0x00000000,0x00000000,0xFB2FFB2F,0xFB2FFB2F,0xFB2FFB2F,0xFB2FFB2F,0xFB2FFB2F,0xFB2FFB2F,
    0xFB2FFB2F,0xFB2FFB2F,0xFB2FFB2F,0xFB2FFB2F,0xFB2FFB2F,0xFB2FFB2F,0xFB2FFB2F,0xFB2FFB2F,
    0xFB2FFB2F,0xFB2FFB2F,0xFB2FFB2F,0xFB2FFB2F,0xFB2FFB2F,0xFB2FFB2F,0x00000000,0x00000000,
    0x00000000,0x00000000,0xFB2FFB2F,0xFB2FFB2F,0xFB2FFB2F,0xFB2FFB2F,0xFB2FFB2F,0xFB2FFB2F,
    0xFB2FFB2F,0xFB2FFB2F,0xFB2FFB2F,0xFB2FFB2F,0xFB2FFB2F,0xFB2FFB2F,0xFB2FFB2F,0xFB2FFB2F,
    0xFB2FFB2F,0xFB2FFB2F,0xFB2FFB2F,0xFB2FFB2F,0xFB2FFB2F,0xFB2FFB2F,0x00000000,0x00000000,
    0x00000000,0x00000000,0xFB2FFB2F,0xFB2FFB2F,0xFB2FFB2F,0xFB2FFB2F,0xFB2FFB2F,0xFB2FFB2F,
    0xFB2FFB2F,0xFB2FFB2F,0xFB2FFB2F,0xFB2FFB2F,0xFB2FFB2F,0xFB2FFB2F,0xFB2FFB2F,0xFB2FFB2F,
    0xFB2FFB2F,0xFB2FFB2F,0xFB2FFB2F,0xFB2FFB2F,0xFB2FFB2F,0xFB2FFB2F,0x00000000,0x00000000,
    0x00000000,0x00000000,0xFB2FFB2F,0xFB2FFB2F,0xFB2FFB2F,0xFB2FFB2F,0xFB2FFB2F,0xFB2FFB2F,
    0xFB2FFB2F,0xFB2FFB2F,0xFB2FFB2F,0xFB2FFB2F,0xFB2FFB2F,0xFB2FFB2F,0xFB2FFB2F,0xFB2FFB2F,
    0xFB2FFB2F,0xFB2FFB2F,0xFB2FFB2F,0xFB2FFB2F,0xFB2FFB2F,0xFB2FFB2F,0x00000000,0x00000000,
    0x00000000,0x00000000,0xFB2FFB2F,0xFB2FFB2F,0xFB2FFB2F,0xFB2FFB2F,0xFB2FFB2F,0xFB2FFB2F,
    0xFB2FFB2F,0xFB2FFB2F,0xFB2FFB2F,0xFB2FFB2F,0xFB2FFB2F,0xFB2FFB2F,0xFB2FFB2F,0xFB2FFB2F,
    0xFB2FFB2F,0xFB2FFB2F,0xFB2FFB2F,0xFB2FFB2F,0xFB2FFB2F,0xFB2FFB2F,0x00000000,0x00000000,
    0x00000000,0x00000000,0xFA1EFB2F,0xFB2FFB2F,0xFB2FFB2F,0xFB2FFB2F,0xFB2FFB2F,0xFB2FFB2F,
    0xFB2FFB2F,0xFB2FFB2F,0xFB2FFB2F,0xFB2FFB2F,0xFB2FFB2F,0xFB2FFB2F,0xFB2FFB2F,0xFB2FFB2F,
    0xFB2FFB2F,0xFB2FFB2F,0xFB2FFB2F,0xFB2FFB2F,0xFB2FFB2F,0xFB2FFA1E,0x00000000,0x00000000,
    0x00000000,0x00000000,0xE914FB2F,0xFB2FFB2F,0xFB2FFB2F,0xFB2FFB2F,0xFB2FFB2F,0xFB2FFB2F,
    0xFB2FFB2F,0xFB2FFB2F,0xFB2FFB2F,0xFB2FFB2F,0xFB2FFB2F,0xFB2FFB2F,0xFB2FFB2F,0xFB2FFB2F,
    0xFB2FFB2F,0xFB2FFB2F,0xFB2FFB2F,0xFB2FFB2F,0xFB2FFB2F,0xFB2FEA14,0x00000000,0x00000000,
    0x00000000,0x00000000,0x0000FA13,0xFA1EFB2F,0xFB2FFB2F,0xFB2FFB2F,0xFB2FFB2F,0xFB2FFB2F,
    0xFB2FFB2F,0xFB2FFB2F,0xFB2FFB2F,0xFB2FFB2F,0xFB2FFB2F,0xFB2FFB2F,0xFB2FFB2F,0xFB2FFB2F,
    0xFB2FFB2F,0xFB2FFB2F,0xFB2FFB2F,0xFB2FFB2F,0xFB2FFA1E,0xEA140000,0x00000000,0x00000000,
    0x00000000,0x00000000,0x00000000,0x00000000,0x00000000,0x00000000,0x00000000,0x00000000,
    0x00000000,0x00000000,0x00000000,0x00000000,0x00000000,0x00000000,0x00000000,0x00000000,
    0x00000000,0x00000000,0x00000000,0x00000000,0x00000000,0x00000000,0x00000000,0x00000000,
    0x00000000,0x00000000,0x00000000,0x00000000,0x00000000,0x00000000,0x00000000,0x00000000,
    0x00000000,0x00000000,0x00000000,0x00000000,0x00000000,0x00000000,0x00000000,0x00000000,
    0x00000000,0x00000000,0x00000000,0x00000000,0x00000000,0x00000000,0x00000000,0x00000000,
    0x00000000,0x00000000,0x00000000,0x00000000,0x00000000,0x00000000,0x00000000,0x00000000,
    0x00000000,0x00000000,0x00000000,0x00000000,0x00000000,0x00000000,0x00000000,0x00000000,
    0x00000000,0x00000000,0x00000000,0x00000000,0x00000000,0x00000000,0x00000000,0x00000000,
    0x00000000,0x00000000,0x00000000,0x00000000,0x00000000,0x00000000,0x00000000,0x00000000,
    0x00000000,0x00000000,0x00000000,0x00000000,0x00000000,0x00000000,0x00000000,0x00000000,
    0x00000000,0x00000000,0x00000000,0x00000000,0x00000000,0x00000000,0x00000000,0x00000000,
    0x00000000,0x00000000,0x00000000,0x00000000,0x00000000,0x00000000,0x00000000,0x00000000,
    0x00000000,0x00000000,0x00000000,0x00000000,0x00000000,0x00000000,0x00000000,0x00000000,
    0x00000000,0x00000000,0x00000000,0x00000000,0x00000000,0x00000000,0x00000000,0x00000000,
    0x00000000,0x00000000,0x00000000,0x00000000,0x00000000,0x00000000,0x00000000,0x00000000,
    0x00000000,0x00000000,0x00000000,0x00000000,0x00000000,0x00000000,0x00000000,0x00000000,
    0x00000000,0x00000000,0x00000000,0x00000000,0x00000000,0x00000000,0x00000000,0x00000000,
};
#define PROF_ICON_FILE_EXPLORER_SIZE 48

static const uint32_t prof_icon_text_editor_rgba[] = {
    0x00000000,0x00000000,0x00000000,0x00000000,0x00000000,0x00000000,0x00000000,0x00000000,
    0x00000000,0x00000000,0x00000000,0x00000000,0x00000000,0x00000000,0x00000000,0x00000000,
    0x00000000,0x00000000,0x00000000,0x00000000,0x00000000,0x00000000,0x00000000,0x00000000,
    0x00000000,0x00000000,0x00000000,0x00000000,0x00000000,0x00000000,0x00000000,0x00000000,
    0x00000000,0x00000000,0x00000000,0x00000000,0x00000000,0x00000000,0x00000000,0x00000000,
    0x00000000,0x00000000,0x00000000,0x00000000,0x00000000,0x00000000,0x00000000,0x00000000,
    0x00000000,0x00000000,0x00000000,0x00000000,0x00000000,0x00000000,0x00000000,0x00000000,
    0x00000000,0x00000000,0x00000000,0x00000000,0x00000000,0x00000000,0x00000000,0x00000000,
    0x00000000,0x00000000,0x00000000,0x00000000,0x00000000,0x00000000,0x00000000,0x00000000,
    0x00000000,0x00000000,0x00000000,0x00000000,0x00000000,0x00000000,0x00000000,0x00000000,
    0x00000000,0x00000000,0x00000000,0x00000000,0x00000000,0x00000000,0x00000000,0x00000000,
    0x00000000,0x00000000,0x00000000,0x00000000,0x00000000,0x00000000,0x00000000,0x00000000,
    0x00000000,0x00000000,0x00000000,0x00000000,0x0000FFF1,0xFFFAFFFF,0xFFFFFFFF,0xFFFFFFFF,
    0xFFFFFFFF,0xFFFFFFFF,0xFFFFFFFF,0xFFFFFFFF,0xFFFFFFFF,0xFFFFFFFF,0xFFFFFFFF,0xFFFFFFFF,
    0xEEEFFFFF,0xFFFFFFFF,0xFFFFFFFA,0xFFF20000,0x00000000,0x00000000,0x00000000,0x00000000,
    0x00000000,0x00000000,0x00000000,0x00000000,0xFFF1FFFE,0xFFFFFFFF,0xFFFFFFFF,0xFFFFFFFF,
    0xFFFFFFFF,0xFFFFFFFF,0xFFFFFFFF,0xFFFFFFFF,0xFFFFFFFF,0xFFFFFFFF,0xFFFFFFFF,0xFFFFFFFF,
    0xCDEFEEEF,0xFFFFFFFF,0xFFFFFFFF,0xFFFEFFF1,0x00000000,0x00000000,0x00000000,0x00000000,
    0x00000000,0x00000000,0x00000000,0x00000000,0xFFFAFFFF,0xFFFFFFFF,0xFFFFFFFF,0xFFFFFFFF,
    0xFFFFFFFF,0xFFFFFFFF,0xFFFFFFFF,0xFFFFFFFF,0xFFFFFFFF,0xFFFFFFFF,0xFFFFFFFF,0xFFFFFFFF,
    0xCDEFCDEF,0xEEEFFFFF,0xFFFFFFFF,0xFFFFFFFA,0x00000000,0x00000000,0x00000000,0x00000000,
    0x00000000,0x00000000,0x00000000,0x00000000,0xFFFFFFFF,0xFFFFFFFF,0xFFFFFFFF,0xFFFFFFFF,
    0xFFFFFFFF,0xFFFFFFFF,0xFFFFFFFF,0xFFFFFFFF,0xFFFFFFFF,0xFFFFFFFF,0xFFFFFFFF,0xFFFFFFFF,
    0xCDEFCDEF,0xCDEFEEEF,0xFFFFFFFF,0xFFFFFFFF,0x00000000,0x00000000,0x00000000,0x00000000,
    0x00000000,0x00000000,0x00000000,0x00000000,0xFFFFFFFF,0xFFFFFFFF,0xFFFFFFFF,0xFFFFFFFF,
    0xFFFFFFFF,0xFFFFFFFF,0xFFFFFFFF,0xFFFFFFFF,0xFFFFFFFF,0xFFFFFFFF,0xFFFFFFFF,0xFFFFFFFF,
    0xCDEFCDEF,0xCDEFCDEF,0xEEEFFFFF,0xFFFFFFFF,0x00000000,0x00000000,0x00000000,0x00000000,
    0x00000000,0x00000000,0x00000000,0x00000000,0xFFFFFFFF,0xFFFFFFFF,0xFFFFFFFF,0xFFFFFFFF,
    0xFFFFFFFF,0xFFFFFFFF,0xFFFFFFFF,0xFFFFFFFF,0xFFFFFFFF,0xFFFFFFFF,0xFFFFFFFF,0xFFFFFFFF,
    0xCDEFCDEF,0xCDEFCDEF,0xCDEFEEEF,0xFFFFFFFF,0x00000000,0x00000000,0x00000000,0x00000000,
    0x00000000,0x00000000,0x00000000,0x00000000,0xFFFFFFFF,0xFFFFFFFF,0xFFFFFFFF,0xFFFFFFFF,
    0xFFFFFFFF,0xFFFFFFFF,0xFFFFFFFF,0xFFFFFFFF,0xFFFFFFFF,0xFFFFFFFF,0xFFFFFFFF,0xFFFFFFFF,
    0xCDEFCDEF,0xCDEFCDEF,0xCDEFCDEF,0xEEEFFFFF,0x00000000,0x00000000,0x00000000,0x00000000,
    0x00000000,0x00000000,0x00000000,0x00000000,0xFFFFFFFF,0xFFFFFFFF,0xFFFFFFFF,0xFFFFFFFF,
    0xFFFFFFFF,0xFFFFFFFF,0xFFFFFFFF,0xFFFFFFFF,0xFFFFFFFF,0xFFFFFFFF,0xFFFFFFFF,0xFFFFFFFF,
    0xCDEFCDEF,0xCDEFCDEF,0xCDEFCDEF,0xCDEFEEEF,0x00000000,0x00000000,0x00000000,0x00000000,
    0x00000000,0x00000000,0x00000000,0x00000000,0xFFFFFFFF,0xFFFFFFFF,0xFFFFFFFF,0xFFFFFFFF,
    0xFFFFFFFF,0xFFFFFFFF,0xFFFFFFFF,0xFFFFFFFF,0xFFFFFFFF,0xFFFFFFFF,0xFFFFFFFF,0xFFFFFFFF,
    0xFFFFFFFF,0xFFFFFFFF,0xFFFFFFFF,0xFFFFFFFF,0x00000000,0x00000000,0x00000000,0x00000000,
    0x00000000,0x00000000,0x00000000,0x00000000,0xFFFFFFFF,0xFFFFFFFF,0xFFFFFFFF,0xFFFFFFFF,
    0xFFFFFFFF,0xFFFFFFFF,0xFFFFFFFF,0xFFFFFFFF,0xFFFFFFFF,0xFFFFFFFF,0xFFFFFFFF,0xFFFFFFFF,
    0xFFFFFFFF,0xFFFFFFFF,0xFFFFFFFF,0xFFFFFFFF,0x00000000,0x00000000,0x00000000,0x00000000,
    0x00000000,0x00000000,0x00000000,0x00000000,0xFFFFFFFF,0xFFFFFFFF,0x9DFF3BFF,0x3BFF3BFF,
    0x3BFF3BFF,0x3BFF3BFF,0x3BFF3BFF,0x3BFF3BFF,0x3BFF3BFF,0x3BFF9DFF,0xFFFFFFFF,0xFFFFFFFF,
    0xFFFFFFFF,0xFFFFFFFF,0xFFFFFFFF,0xFFFFFFFF,0x00000000,0x00000000,0x00000000,0x00000000,
    0x00000000,0x00000000,0x00000000,0x00000000,0xFFFFFFFF,0xFFFFFFFF,0x4CFF3BFF,0x3BFF3BFF,
    0x3BFF3BFF,0x3BFF3BFF,0x3BFF3BFF,0x3BFF3BFF,0x3BFF3BFF,0x3BFF4CFF,0xFFFFFFFF,0xFFFFFFFF,
    0xFFFFFFFF,0xFFFFFFFF,0xFFFFFFFF,0xFFFFFFFF,0x00000000,0x00000000,0x00000000,0x00000000,
    0x00000000,0x00000000,0x00000000,0x00000000,0xFFFFFFFF,0xFFFFFFFF,0x9DFF3BFF,0x3BFF3BFF,
    0x3BFF3BFF,0x3BFF3BFF,0x3BFF3BFF,0x3BFF3BFF,0x3BFF3BFF,0x3BFF9DFF,0xFFFFFFFF,0xFFFFFFFF,
    0xFFFFFFFF,0xFFFFFFFF,0xFFFFFFFF,0xFFFFFFFF,0x00000000,0x00000000,0x00000000,0x00000000,
    0x00000000,0x00000000,0x00000000,0x00000000,0xFFFFFFFF,0xFFFFFFFF,0xFFFFFFFF,0xFFFFFFFF,
    0xFFFFFFFF,0xFFFFFFFF,0xFFFFFFFF,0xFFFFFFFF,0xFFFFFFFF,0xFFFFFFFF,0xFFFFFFFF,0xFFFFFFFF,
    0xFFFFFFFF,0xFFFFFFFF,0xFFFFFFFF,0xFFFFFFFF,0x00000000,0x00000000,0x00000000,0x00000000,
    0x00000000,0x00000000,0x00000000,0x00000000,0xFFFFFFFF,0xFFFFFFFF,0xFFFFFFFF,0xFFFFFFFF,
    0xFFFFFFFF,0xFFFFFFFF,0xFFFFFFFF,0xFFFFFFFF,0xFFFFFFFF,0xFFFFFFFF,0xFFFFFFFF,0xFFFFFFFF,
    0xFFFFFFFF,0xFFFFFFFF,0xFFFFFFFF,0xFFFFFFFF,0x00000000,0x00000000,0x00000000,0x00000000,
    0x00000000,0x00000000,0x00000000,0x00000000,0xFFFFFFFF,0xFFFFFFFF,0xFFFFFFFF,0xFFFFFFFF,
    0xFFFFFFFF,0xFFFFFFFF,0xFFFFFFFF,0xFFFFFFFF,0xFFFFFFFF,0xFFFFFFFF,0xFFFFFFFF,0xFFFFFFFF,
    0xFFFFFFFF,0xFFFFFFFF,0xFFFFFFFF,0xFFFFFFFF,0x00000000,0x00000000,0x00000000,0x00000000,
    0x00000000,0x00000000,0x00000000,0x00000000,0xFFFFFFFF,0xFFFFFFFF,0x89AF678F,0x678F678F,
    0x678F678F,0x678F678F,0x678F678F,0x678F678F,0x678F678F,0x678F678F,0x678F678F,0x678F678F,
    0x678F678F,0x678F89AF,0xFFFFFFFF,0xFFFFFFFF,0x00000000,0x00000000,0x00000000,0x00000000,
    0x00000000,0x00000000,0x00000000,0x00000000,0xFFFFFFFF,0xFFFFFFFF,0x678F678F,0x678F678F,
    0x678F678F,0x678F678F,0x678F678F,0x678F678F,0x678F678F,0x678F678F,0x678F678F,0x678F678F,
    0x678F678F,0x678F678F,0xFFFFFFFF,0xFFFFFFFF,0x00000000,0x00000000,0x00000000,0x00000000,
    0x00000000,0x00000000,0x00000000,0x00000000,0xFFFFFFFF,0xFFFFFFFF,0xCDDFABCF,0xABCFABCF,
    0xABCFABCF,0xABCFABCF,0xABCFABCF,0xABCFABCF,0xABCFABCF,0xABCFABCF,0xABCFABCF,0xABCFABCF,
    0xABCFABCF,0xABCFCDDF,0xFFFFFFFF,0xFFFFFFFF,0x00000000,0x00000000,0x00000000,0x00000000,
    0x00000000,0x00000000,0x00000000,0x00000000,0xFFFFFFFF,0xFFFFFFFF,0xFFFFFFFF,0xFFFFFFFF,
    0xFFFFFFFF,0xFFFFFFFF,0xFFFFFFFF,0xFFFFFFFF,0xFFFFFFFF,0xFFFFFFFF,0xFFFFFFFF,0xFFFFFFFF,
    0xFFFFFFFF,0xFFFFFFFF,0xFFFFFFFF,0xFFFFFFFF,0x00000000,0x00000000,0x00000000,0x00000000,
    0x00000000,0x00000000,0x00000000,0x00000000,0xFFFFFFFF,0xFFFFFFFF,0xFFFFFFFF,0xFFFFFFFF,
    0xFFFFFFFF,0xFFFFFFFF,0xFFFFFFFF,0xFFFFFFFF,0xFFFFFFFF,0xFFFFFFFF,0xFFFFFFFF,0xFFFFFFFF,
    0xFFFFFFFF,0xFFFFFFFF,0xFFFFFFFF,0xFFFFFFFF,0x00000000,0x00000000,0x00000000,0x00000000,
    0x00000000,0x00000000,0x00000000,0x00000000,0xFFFFFFFF,0xFFFFFFFF,0x89AF678F,0x678F678F,
    0x678F678F,0x678F678F,0x678F678F,0x678F678F,0x678F678F,0x678F678F,0x678F678F,0x678F89AF,
    0xFFFFFFFF,0xFFFFFFFF,0xFFFFFFFF,0xFFFFFFFF,0x00000000,0x00000000,0x00000000,0x00000000,
    0x00000000,0x00000000,0x00000000,0x00000000,0xFFFFFFFF,0xFFFFFFFF,0x678F678F,0x678F678F,
    0x678F678F,0x678F678F,0x678F678F,0x678F678F,0x678F678F,0x678F678F,0x678F678F,0x678F678F,
    0xFFFFFFFF,0xFFFFFFFF,0xFFFFFFFF,0xFFFFFFFF,0x00000000,0x00000000,0x00000000,0x00000000,
    0x00000000,0x00000000,0x00000000,0x00000000,0xFFFFFFFF,0xFFFFFFFF,0xCDDFABCF,0xABCFABCF,
    0xABCFABCF,0xABCFABCF,0xABCFABCF,0xABCFABCF,0xABCFABCF,0xABCFABCF,0xABCFABCF,0xABCFCDDF,
    0xFFFFFFFF,0xFFFFFFFF,0xFFFFFFFF,0xFFFFFFFF,0x00000000,0x00000000,0x00000000,0x00000000,
    0x00000000,0x00000000,0x00000000,0x00000000,0xFFFFFFFF,0xFFFFFFFF,0xFFFFFFFF,0xFFFFFFFF,
    0xFFFFFFFF,0xFFFFFFFF,0xFFFFFFFF,0xFFFFFFFF,0xFFFFFFFF,0xFFFFFFFF,0xFFFFFFFF,0xFFFFFFFF,
    0xFFFFFFFF,0xFFFFFFFF,0xFFFFFFFF,0xFFFFFFFF,0x00000000,0x00000000,0x00000000,0x00000000,
    0x00000000,0x00000000,0x00000000,0x00000000,0xFFFFFFFF,0xFFFFFFFF,0xFFFFFFFF,0xFFFFFFFF,
    0xFFFFFFFF,0xFFFFFFFF,0xFFFFFFFF,0xFFFFFFFF,0xFFFFFFFF,0xFFFFFFFF,0xFFFFFFFF,0xFFFFFFFF,
    0xFFFFFFFF,0xFFFFFFFF,0xFFFFFFFF,0xFFFFFFFF,0x00000000,0x00000000,0x00000000,0x00000000,
    0x00000000,0x00000000,0x00000000,0x00000000,0xFFFFFFFF,0xFFFFFFFF,0x89AF678F,0x678F678F,
    0x678F678F,0x678F678F,0x678F678F,0x678F678F,0x678F678F,0x678F678F,0x678F678F,0x678F678F,
    0x678F89AF,0xFFFFFFFF,0xFFFFFFFF,0xFFFFFFFF,0x00000000,0x00000000,0x00000000,0x00000000,
    0x00000000,0x00000000,0x00000000,0x00000000,0xFFFFFFFF,0xFFFFFFFF,0x678F678F,0x678F678F,
    0x678F678F,0x678F678F,0x678F678F,0x678F678F,0x678F678F,0x678F678F,0x678F678F,0x678F678F,
    0x678F678F,0xFFFFFFFF,0xFFFFFFFF,0xFFFFFFFF,0x00000000,0x00000000,0x00000000,0x00000000,
    0x00000000,0x00000000,0x00000000,0x00000000,0xFFFFFFFF,0xFFFFFFFF,0xCDDFABCF,0xABCFABCF,
    0xABCFABCF,0xABCFABCF,0xABCFABCF,0xABCFABCF,0xABCFABCF,0xABCFABCF,0xABCFABCF,0xABCFABCF,
    0xABCFCDDF,0xFFFFFFFF,0xFFFFFFFF,0xFFFFFFFF,0x00000000,0x00000000,0x00000000,0x00000000,
    0x00000000,0x00000000,0x00000000,0x00000000,0xFFFFFFFF,0xFFFFFFFF,0xFFFFFFFF,0xFFFFFFFF,
    0xFFFFFFFF,0xFFFFFFFF,0xFFFFFFFF,0xFFFFFFFF,0xFFFFFFFF,0xFFFFFFFF,0xFFFFFFFF,0xFFFFFFFF,
    0xFFFFFFFF,0xFFFFFFFF,0xFFFFFFFF,0xFFFFFFFF,0x00000000,0x00000000,0x00000000,0x00000000,
    0x00000000,0x00000000,0x00000000,0x00000000,0xFFFFFFFF,0xFFFFFFFF,0xFFFFFFFF,0xFFFFFFFF,
    0xFFFFFFFF,0xFFFFFFFF,0xFFFFFFFF,0xFFFFFFFF,0xFFFFFFFF,0xFFFFFFFF,0xFFFFFFFF,0xFFFFFFFF,
    0xFFFFFFFF,0xFFFFFFFF,0xFFFFFFFF,0xFFFFFFFF,0x00000000,0x00000000,0x00000000,0x00000000,
    0x00000000,0x00000000,0x00000000,0x00000000,0xFFFFFFFF,0xFFFFFFFF,0xF9CFF7BF,0xF7BFF7BF,
    0xF7BFF7BF,0xF7BFF7BF,0xF7BFF7BF,0xF7BFF7BF,0xF7BFF9CF,0xFFFFFFFF,0xFFFFFFFF,0xFFFFFFFF,
    0xFFFFFFFF,0xFFFFFFFF,0xFFFFFFFF,0xFFFFFFFF,0x00000000,0x00000000,0x00000000,0x00000000,
    0x00000000,0x00000000,0x00000000,0x00000000,0xFFFFFFFF,0xFFFFFFFF,0xF7BFF7BF,0xF7BFF7BF,
    0xF7BFF7BF,0xF7BFF7BF,0xF7BFF7BF,0xF7BFF7BF,0xF7BFF7BF,0xFFFFFFFF,0xFFFFFFFF,0xFFFFFFFF,
    0xFFFFFFFF,0xFFFFFFFF,0xFFFFFFFF,0xFFFFFFFF,0x00000000,0x00000000,0x00000000,0x00000000,
    0x00000000,0x00000000,0x00000000,0x00000000,0xFFFFFFFF,0xFFFFFFFF,0xFDEFFBDF,0xFBDFFBDF,
    0xFBDFFBDF,0xFBDFFBDF,0xFBDFFBDF,0xFBDFFBDF,0xFBDFFDEF,0xFFFFFFFF,0xFFFFFFFF,0xFFFFFFFF,
    0xFFFFFFFF,0xFFFFFFFF,0xFFFFFFFF,0xFFFFFFFF,0x00000000,0x00000000,0x00000000,0x00000000,
    0x00000000,0x00000000,0x00000000,0x00000000,0xFFFFFFFF,0xFFFFFFFF,0xFFFFFFFF,0xFFFFFFFF,
    0xFFFFFFFF,0xFFFFFFFF,0xFFFFFFFF,0xFFFFFFFF,0xFFFFFFFF,0xFFFFFFFF,0xFFFFFFFF,0xFFFFFFFF,
    0xFFFFFFFF,0xFFFFFFFF,0xFFFFFFFF,0xFFFFFFFF,0x00000000,0x00000000,0x00000000,0x00000000,
    0x00000000,0x00000000,0x00000000,0x00000000,0xFFFFFFFF,0xFFFFFFFF,0xFFFFFFFF,0xFFFFFFFF,
    0xFFFFFFFF,0xFFFFFFFF,0xFFFFFFFF,0xFFFFFFFF,0xFFFFFFFF,0xFFFFFFFF,0xFFFFFFFF,0xFFFFFFFF,
    0xFFFFFFFF,0xFFFFFFFF,0xFFFFFFFF,0xFFFFFFFF,0x00000000,0x00000000,0x00000000,0x00000000,
    0x00000000,0x00000000,0x00000000,0x00000000,0xFFFFFFFF,0xFFFFFFFF,0xFFFFFFFF,0xFFFFFFFF,
    0xFFFFFFFF,0xFFFFFFFF,0xFFFFFFFF,0xFFFFFFFF,0xFFFFFFFF,0xFFFFFFFF,0xFFFFFFFF,0xFFFFFFFF,
    0xFFFFFFFF,0xFFFFFFFF,0xFFFFFFFF,0xFFFFFFFF,0x00000000,0x00000000,0x00000000,0x00000000,
    0x00000000,0x00000000,0x00000000,0x00000000,0xFFFAFFFF,0xFFFFFFFF,0xFFFFFFFF,0xFFFFFFFF,
    0xFFFFFFFF,0xFFFFFFFF,0xFFFFFFFF,0xFFFFFFFF,0xFFFFFFFF,0xFFFFFFFF,0xFFFFFFFF,0xFFFFFFFF,
    0xFFFFFFFF,0xFFFFFFFF,0xFFFFFFFF,0xFFFFFFFA,0x00000000,0x00000000,0x00000000,0x00000000,
    0x00000000,0x00000000,0x00000000,0x00000000,0xFFF2FFFE,0xFFFFFFFF,0xFFFFFFFF,0xFFFFFFFF,
    0xFFFFFFFF,0xFFFFFFFF,0xFFFFFFFF,0xFFFFFFFF,0xFFFFFFFF,0xFFFFFFFF,0xFFFFFFFF,0xFFFFFFFF,
    0xFFFFFFFF,0xFFFFFFFF,0xFFFFFFFF,0xFFFEFFF1,0x00000000,0x00000000,0x00000000,0x00000000,
    0x00000000,0x00000000,0x00000000,0x00000000,0x0000FFF1,0xFFFAFFFF,0xFFFFFFFF,0xFFFFFFFF,
    0xFFFFFFFF,0xFFFFFFFF,0xFFFFFFFF,0xFFFFFFFF,0xFFFFFFFF,0xFFFFFFFF,0xFFFFFFFF,0xFFFFFFFF,
    0xFFFFFFFF,0xFFFFFFFF,0xFFFFFFFA,0xFFF10000,0x00000000,0x00000000,0x00000000,0x00000000,
    0x00000000,0x00000000,0x00000000,0x00000000,0x00000000,0x00000000,0x00000000,0x00000000,
    0x00000000,0x00000000,0x00000000,0x00000000,0x00000000,0x00000000,0x00000000,0x00000000,
    0x00000000,0x00000000,0x00000000,0x00000000,0x00000000,0x00000000,0x00000000,0x00000000,
    0x00000000,0x00000000,0x00000000,0x00000000,0x00000000,0x00000000,0x00000000,0x00000000,
    0x00000000,0x00000000,0x00000000,0x00000000,0x00000000,0x00000000,0x00000000,0x00000000,
    0x00000000,0x00000000,0x00000000,0x00000000,0x00000000,0x00000000,0x00000000,0x00000000,
    0x00000000,0x00000000,0x00000000,0x00000000,0x00000000,0x00000000,0x00000000,0x00000000,
    0x00000000,0x00000000,0x00000000,0x00000000,0x00000000,0x00000000,0x00000000,0x00000000,
    0x00000000,0x00000000,0x00000000,0x00000000,0x00000000,0x00000000,0x00000000,0x00000000,
    0x00000000,0x00000000,0x00000000,0x00000000,0x00000000,0x00000000,0x00000000,0x00000000,
    0x00000000,0x00000000,0x00000000,0x00000000,0x00000000,0x00000000,0x00000000,0x00000000,
    0x00000000,0x00000000,0x00000000,0x00000000,0x00000000,0x00000000,0x00000000,0x00000000,
};
#define PROF_ICON_TEXT_EDITOR_SIZE 48

static const uint32_t prof_icon_calendar_rgba[] = {
    0x00000000,0x00000000,0x00000000,0x00000000,0x00000000,0x00000000,0x00000000,0x00000000,
    0x00000000,0x00000000,0x00000000,0x00000000,0x00000000,0x00000000,0x00000000,0x00000000,
    0x00000000,0x00000000,0x00000000,0x00000000,0x00000000,0x00000000,0x00000000,0x00000000,
    0x00000000,0x00000000,0x00000000,0x00000000,0x00000000,0x00000000,0x00000000,0x00000000,
    0x00000000,0x00000000,0x00000000,0x00000000,0x00000000,0x00000000,0x00000000,0x00000000,
    0x00000000,0x00000000,0x00000000,0x00000000,0x00000000,0x00000000,0x00000000,0x00000000,
    0x00000000,0x00000000,0x00000000,0x00000000,0x00000000,0x00000000,0x00000000,0x00000000,
    0x00000000,0x00000000,0x00000000,0x00000000,0x00000000,0x00000000,0x00000000,0x00000000,
    0x00000000,0x00000000,0x00000000,0x00000000,0x00000000,0x00000000,0x00000000,0x00000000,
    0x00000000,0x00000000,0x00000000,0x00000000,0x00000000,0x00000000,0x00000000,0x00000000,
    0x00000000,0x00000000,0x00000000,0x00000000,0x00000000,0x00000000,0x00000000,0x00000000,
    0x00000000,0x00000000,0x00000000,0x00000000,0x00000000,0x00000000,0x00000000,0x00000000,
    0x00000000,0x00000000,0x00000000,0x00000000,0x00000000,0x00000000,0x9114911E,0x911E9114,
    0x00000000,0x00000000,0x00000000,0x00000000,0x00000000,0x00000000,0x00000000,0x00000000,
    0x9114911E,0x911E9114,0x00000000,0x00000000,0x00000000,0x00000000,0x00000000,0x00000000,
    0x00000000,0x00000000,0x00000000,0x00000000,0x00000000,0x00000000,0x911E911F,0x911F911E,
    0x00000000,0x00000000,0x00000000,0x00000000,0x00000000,0x00000000,0x00000000,0x00000000,
    0x911E911F,0x911F911E,0x00000000,0x00000000,0x00000000,0x00000000,0x00000000,0x00000000,
    0x00000000,0x00000000,0x00000000,0x00000000,0x00000000,0x00000000,0x911F911F,0x911F911F,
    0x00000000,0x00000000,0x00000000,0x00000000,0x00000000,0x00000000,0x00000000,0x00000000,
    0x911F911F,0x911F911F,0x00000000,0x00000000,0x00000000,0x00000000,0x00000000,0x00000000,
    0x00000000,0x00000000,0x00000000,0x00000000,0x00000000,0x00000000,0x911F911F,0x911F911F,
    0x00000000,0x00000000,0x00000000,0x00000000,0x00000000,0x00000000,0x00000000,0x00000000,
    0x911F911F,0x911F911F,0x00000000,0x00000000,0x00000000,0x00000000,0x00000000,0x00000000,
    0x00000000,0x00000000,0x00000000,0xFAA0F88A,0xF66FE44F,0xE44FE44F,0x911F911F,0x911F911F,
    0xE44FE44F,0xE44FE44F,0xE44FE44F,0xE44FE44F,0xE44FE44F,0xE44FE44F,0xE44FE44F,0xE44FE44F,
    0x911F911F,0x911F911F,0xE44FE44F,0xE44FF66F,0xF88AFBB0,0x00000000,0x00000000,0x00000000,
    0x00000000,0x00000000,0x0000F993,0xF66FE44F,0xE44FE44F,0xE44FE44F,0x911F911F,0x911F911F,
    0xE44FE44F,0xE44FE44F,0xE44FE44F,0xE44FE44F,0xE44FE44F,0xE44FE44F,0xE44FE44F,0xE44FE44F,
    0x911F911F,0x911F911F,0xE44FE44F,0xE44FE44F,0xE44FF66F,0xF9930000,0x00000000,0x00000000,
    0x00000000,0x00000000,0xFAA0F66F,0xE44FE44F,0xE44FE44F,0xE44FE44F,0xA11F911F,0x911FA22F,
    0xE44FE44F,0xE44FE44F,0xE44FE44F,0xE44FE44F,0xE44FE44F,0xE44FE44F,0xE44FE44F,0xE44FE44F,
    0xA11F911F,0x911FA22F,0xE44FE44F,0xE44FE44F,0xE44FE44F,0xE66FFBB0,0x00000000,0x00000000,
    0x00000000,0x00000000,0xF88AE44F,0xE44FE44F,0xE44FE44F,0xE44FE44F,0xD33FA11F,0xA22FD33F,
    0xE44FE44F,0xE44FE44F,0xE44FE44F,0xE44FE44F,0xE44FE44F,0xE44FE44F,0xE44FE44F,0xE44FE44F,
    0xD33FA11F,0xA22FD33F,0xE44FE44F,0xE44FE44F,0xE44FE44F,0xE44FF88A,0x00000000,0x00000000,
    0x00000000,0x00000000,0xE66FE44F,0xE44FE44F,0xE44FE44F,0xE44FE44F,0xE44FE44F,0xE44FE44F,
    0xE44FE44F,0xE44FE44F,0xE44FE44F,0xE44FE44F,0xE44FE44F,0xE44FE44F,0xE44FE44F,0xE44FE44F,
    0xE44FE44F,0xE44FE44F,0xE44FE44F,0xE44FE44F,0xE44FE44F,0xE44FF66F,0x00000000,0x00000000,
    0x00000000,0x00000000,0xF44FE44F,0xE44FE44F,0xE44FE44F,0xE44FE44F,0xE44FE44F,0xE44FE44F,
    0xE44FE44F,0xE44FE44F,0xE44FE44F,0xE44FE44F,0xE44FE44F,0xE44FE44F,0xE44FE44F,0xE44FE44F,
    0xE44FE44F,0xE44FE44F,0xE44FE44F,0xE44FE44F,0xE44FE44F,0xE44FF44F,0x00000000,0x00000000,
    0x00000000,0x00000000,0xE44FE44F,0xE44FE44F,0xE44FE44F,0xE44FE44F,0xE44FE44F,0xE44FE44F,
    0xE44FE44F,0xE44FE44F,0xE44FE44F,0xE44FE44F,0xE44FE44F,0xE44FE44F,0xE44FE44F,0xE44FE44F,
    0xE44FE44F,0xE44FE44F,0xE44FE44F,0xE44FE44F,0xE44FE44F,0xE44FE44F,0x00000000,0x00000000,
    0x00000000,0x00000000,0xE44FE44F,0xE44FE44F,0xE44FE44F,0xE44FE44F,0xE44FE44F,0xE44FE44F,
    0xE44FE44F,0xE44FE44F,0xE44FE44F,0xE44FE44F,0xE44FE44F,0xE44FE44F,0xE44FE44F,0xE44FE44F,
    0xE44FE44F,0xE44FE44F,0xE44FE44F,0xE44FE44F,0xE44FE44F,0xE44FE44F,0x00000000,0x00000000,
    0x00000000,0x00000000,0xE44FE44F,0xE44FE44F,0xE44FE44F,0xE44FE44F,0xE44FE44F,0xE44FE44F,
    0xE44FE44F,0xE44FE44F,0xE44FE44F,0xE44FE44F,0xE44FE44F,0xE44FE44F,0xE44FE44F,0xE44FE44F,
    0xE44FE44F,0xE44FE44F,0xE44FE44F,0xE44FE44F,0xE44FE44F,0xE44FE44F,0x00000000,0x00000000,
    0x00000000,0x00000000,0xE44FE44F,0xE44FE44F,0xE44FE44F,0xE44FE44F,0xE44FE44F,0xE44FE44F,
    0xE44FE44F,0xE44FE44F,0xE44FE44F,0xE44FE44F,0xE44FE44F,0xE44FE44F,0xE44FE44F,0xE44FE44F,
    0xE44FE44F,0xE44FE44F,0xE44FE44F,0xE44FE44F,0xE44FE44F,0xE44FE44F,0x00000000,0x00000000,
    0x00000000,0x00000000,0xE44FE44F,0xE44FE44F,0xE44FE44F,0xE44FE44F,0xE44FE44F,0xE44FE44F,
    0xE44FE44F,0xE44FE44F,0xE44FE44F,0xE44FE44F,0xE44FE44F,0xE44FE44F,0xE44FE44F,0xE44FE44F,
    0xE44FE44F,0xE44FE44F,0xE44FE44F,0xE44FE44F,0xE44FE44F,0xE44FE44F,0x00000000,0x00000000,
    0x00000000,0x00000000,0xE44FE44F,0xE44FE44F,0xE44FE44F,0xE44FE44F,0xE44FE44F,0xE44FE44F,
    0xE44FE44F,0xE44FE44F,0xE44FE44F,0xE44FE44F,0xE44FE44F,0xE44FE44F,0xE44FE44F,0xE44FE44F,
    0xE44FE44F,0xE44FE44F,0xE44FE44F,0xE44FE44F,0xE44FE44F,0xE44FE44F,0x00000000,0x00000000,
    0x00000000,0x00000000,0xFFFFFFFF,0xFFFFFFFF,0xFFFFFFFF,0xFFFFFFFF,0xFFFFFFFF,0xFFFFFFFF,
    0xFFFFFFFF,0xFFFFFFFF,0xFFFFFFFF,0xFFFFFFFF,0xFFFFFFFF,0xFFFFFFFF,0xFFFFFFFF,0xFFFFFFFF,
    0xFFFFFFFF,0xFFFFFFFF,0xFFFFFFFF,0xFFFFFFFF,0xFFFFFFFF,0xFFFFFFFF,0x00000000,0x00000000,
    0x00000000,0x00000000,0xFFFFFFFF,0xFFFFFFFF,0xFFFFFFFF,0xFFFFFFFF,0xFFFFFFFF,0xFFFFFFFF,
    0xFFFFFFFF,0xFFFFFFFF,0xFFFFFFFF,0xFFFFFFFF,0xFFFFFFFF,0xFFFFFFFF,0xFFFFFFFF,0xFFFFFFFF,
    0xFFFFFFFF,0xFFFFFFFF,0xFFFFFFFF,0xFFFFFFFF,0xFFFFFFFF,0xFFFFFFFF,0x00000000,0x00000000,
    0x00000000,0x00000000,0xFFFFFFFF,0xFFFFFFFF,0xFFFFFFFF,0xFFFFFFFF,0xFFFFFFFF,0xFFFFFFFF,
    0xFFFFFFFF,0xFFFFFFFF,0xFFFFFFFF,0xFFFFFFFF,0xFFFFFFFF,0xFFFFFFFF,0xFFFFFFFF,0xFFFFFFFF,
    0xFFFFFFFF,0xFFFFFFFF,0xFFFFFFFF,0xFFFFFFFF,0xFFFFFFFF,0xFFFFFFFF,0x00000000,0x00000000,
    0x00000000,0x00000000,0xFFFFFFFF,0xFFFFFFFF,0xFFFFFFFF,0xFFFFFFFF,0xFFFFDDEF,0xDDEFFFFF,
    0xFFFFFFFF,0xFFFFFFFF,0xFFFFFFFF,0xFFFFDDEF,0xDDEFFFFF,0xFFFFFFFF,0xFFFFFFFF,0xFFFFFFFF,
    0xFFFFDDEF,0xDDEFFFFF,0xFFFFFFFF,0xFFFFFFFF,0xFFFFFFFF,0xFFFFFFFF,0x00000000,0x00000000,
    0x00000000,0x00000000,0xFFFFFFFF,0xFFFFFFFF,0xFFFFFFFF,0xFFFFFFFF,0xAACF9ABF,0x9ABFAACF,
    0xFFFFFFFF,0xFFFFFFFF,0xFFFFFFFF,0xAACF9ABF,0x9ABFAACF,0xFFFFFFFF,0xFFFFFFFF,0xFFFFFFFF,
    0xAACF9ABF,0x9ABFAACF,0xFFFFFFFF,0xFFFFFFFF,0xFFFFFFFF,0xFFFFFFFF,0x00000000,0x00000000,
    0x00000000,0x00000000,0xFFFFFFFF,0xFFFFFFFF,0xFFFFFFFF,0xFFFFCDEF,0x9ABF9ABF,0x9ABF9ABF,
    0xDDEFFFFF,0xFFFFFFFF,0xFFFFCDEF,0x9ABF9ABF,0x9ABF9ABF,0xDDEFFFFF,0xFFFFFFFF,0xFFFFCDEF,
    0x9ABF9ABF,0x9ABF9ABF,0xDDEFFFFF,0xFFFFFFFF,0xFFFFFFFF,0xFFFFFFFF,0x00000000,0x00000000,
    0x00000000,0x00000000,0xFFFFFFFF,0xFFFFFFFF,0xFFFFFFFF,0xFFFFDDEF,0x9ABF9ABF,0x9ABF9ABF,
    0xDDEFFFFF,0xFFFFFFFF,0xFFFFDDEF,0x9ABF9ABF,0x9ABF9ABF,0xDDEFFFFF,0xFFFFFFFF,0xFFFFDDEF,
    0x9ABF9ABF,0x9ABF9ABF,0xDDEFFFFF,0xFFFFFFFF,0xFFFFFFFF,0xFFFFFFFF,0x00000000,0x00000000,
    0x00000000,0x00000000,0xFFFFFFFF,0xFFFFFFFF,0xFFFFFFFF,0xFFFFFFFF,0xAACF9ABF,0x9ABFAACF,
    0xFFFFFFFF,0xFFFFFFFF,0xFFFFFFFF,0xAACF9ABF,0x9ABFAACF,0xFFFFFFFF,0xFFFFFFFF,0xFFFFFFFF,
    0xAACF9ABF,0x9ABFAACF,0xFFFFFFFF,0xFFFFFFFF,0xFFFFFFFF,0xFFFFFFFF,0x00000000,0x00000000,
    0x00000000,0x00000000,0xFFFFFFFF,0xFFFFFFFF,0xFFFFFFFF,0xFFFFFFFF,0xFFFFDDEF,0xDDEFFFFF,
    0xFFFFFFFF,0xFFFFFFFF,0xFFFFFFFF,0xFFFFDDEF,0xDDEFFFFF,0xFFFFFFFF,0xFFFFFFFF,0xFFFFFFFF,
    0xFFFFDDEF,0xDDEFFFFF,0xFFFFFFFF,0xFFFFFFFF,0xFFFFFFFF,0xFFFFFFFF,0x00000000,0x00000000,
    0x00000000,0x00000000,0xFFFFFFFF,0xFFFFFFFF,0xFFFFFFFF,0xFFFFFFFF,0xFFFFFFFF,0xFFFFFFFF,
    0xFFFFFFFF,0xFFFFFFFF,0xFFFFFFFF,0xFFFFFFFF,0xFFFFFFFF,0xFFFFFFFF,0xFFFFFFFF,0xFFFFFFFF,
    0xFFFFFFFF,0xFFFFFFFF,0xFFFFFFFF,0xFFFFFFFF,0xFFFFFFFF,0xFFFFFFFF,0x00000000,0x00000000,
    0x00000000,0x00000000,0xFFFFFFFF,0xFFFFFFFF,0xFFFFFFFF,0xFFFFFFFF,0xFFFFFFFF,0xFFFFFFFF,
    0xFFFFFFFF,0xFFFFFFFF,0xFFFFFFFF,0xFEEFFBBF,0xFBBFFEEF,0xFFFFFFFF,0xFFFFFFFF,0xFFFFFFFF,
    0xFFFFFFFF,0xFFFFFFFF,0xFFFFFFFF,0xFFFFFFFF,0xFFFFFFFF,0xFFFFFFFF,0x00000000,0x00000000,
    0x00000000,0x00000000,0xFFFFFFFF,0xFFFFFFFF,0xFFFFFFFF,0xFFFFFFFF,0xFFFFDDEF,0xDDEFFFFF,
    0xFFFFFFFF,0xFFFFFFFF,0xFFFFFBBF,0xE44FE44F,0xE44FE44F,0xFBBFFFFF,0xFFFFFFFF,0xFFFFFFFF,
    0xFFFFDDEF,0xDDEFFFFF,0xFFFFFFFF,0xFFFFFFFF,0xFFFFFFFF,0xFFFFFFFF,0x00000000,0x00000000,
    0x00000000,0x00000000,0xFFFFFFFF,0xFFFFFFFF,0xFFFFFFFF,0xFFFFFFFF,0xAACF9ABF,0x9ABFAACF,
    0xFFFFFFFF,0xFFFFFFFF,0xFEEFE44F,0xE44FE44F,0xE44FE44F,0xE44FFEEF,0xFFFFFFFF,0xFFFFFFFF,
    0xAACF9ABF,0x9ABFAACF,0xFFFFFFFF,0xFFFFFFFF,0xFFFFFFFF,0xFFFFFFFF,0x00000000,0x00000000,
    0x00000000,0x00000000,0xFFFFFFFF,0xFFFFFFFF,0xFFFFFFFF,0xFFFFCDEF,0x9ABF9ABF,0x9ABF9ABF,
    0xDDEFFFFF,0xFFFFFFFF,0xFBBFE44F,0xE44FE44F,0xE44FE44F,0xE44FFBBF,0xFFFFFFFF,0xFFFFCDEF,
    0x9ABF9ABF,0x9ABF9ABF,0xDDEFFFFF,0xFFFFFFFF,0xFFFFFFFF,0xFFFFFFFF,0x00000000,0x00000000,
    0x00000000,0x00000000,0xFFFFFFFF,0xFFFFFFFF,0xFFFFFFFF,0xFFFFDDEF,0x9ABF9ABF,0x9ABF9ABF,
    0xDDEFFFFF,0xFFFFFFFF,0xFBBFE44F,0xE44FE44F,0xE44FE44F,0xE44FFBBF,0xFFFFFFFF,0xFFFFDDEF,
    0x9ABF9ABF,0x9ABF9ABF,0xDDEFFFFF,0xFFFFFFFF,0xFFFFFFFF,0xFFFFFFFF,0x00000000,0x00000000,
    0x00000000,0x00000000,0xFFFFFFFF,0xFFFFFFFF,0xFFFFFFFF,0xFFFFFFFF,0xAACF9ABF,0x9ABFAACF,
    0xFFFFFFFF,0xFFFFFFFF,0xFEEFE44F,0xE44FE44F,0xE44FE44F,0xE44FFEEF,0xFFFFFFFF,0xFFFFFFFF,
    0xAACF9ABF,0x9ABFAACF,0xFFFFFFFF,0xFFFFFFFF,0xFFFFFFFF,0xFFFFFFFF,0x00000000,0x00000000,
    0x00000000,0x00000000,0xFFFFFFFF,0xFFFFFFFF,0xFFFFFFFF,0xFFFFFFFF,0xFFFFDDEF,0xDDEFFFFF,
    0xFFFFFFFF,0xFFFFFFFF,0xFFFFFBBF,0xE44FE44F,0xE44FE44F,0xFBBFFFFF,0xFFFFFFFF,0xFFFFFFFF,
    0xFFFFDDEF,0xDDEFFFFF,0xFFFFFFFF,0xFFFFFFFF,0xFFFFFFFF,0xFFFFFFFF,0x00000000,0x00000000,
    0x00000000,0x00000000,0xFFFFFFFF,0xFFFFFFFF,0xFFFFFFFF,0xFFFFFFFF,0xFFFFFFFF,0xFFFFFFFF,
    0xFFFFFFFF,0xFFFFFFFF,0xFFFFFFFF,0xFEEFFBBF,0xFBBFFEEF,0xFFFFFFFF,0xFFFFFFFF,0xFFFFFFFF,
    0xFFFFFFFF,0xFFFFFFFF,0xFFFFFFFF,0xFFFFFFFF,0xFFFFFFFF,0xFFFFFFFF,0x00000000,0x00000000,
    0x00000000,0x00000000,0xFFFFFFFF,0xFFFFFFFF,0xFFFFFFFF,0xFFFFFFFF,0xFFFFFFFF,0xFFFFFFFF,
    0xFFFFFFFF,0xFFFFFFFF,0xFFFFFFFF,0xFFFFFFFF,0xFFFFFFFF,0xFFFFFFFF,0xFFFFFFFF,0xFFFFFFFF,
    0xFFFFFFFF,0xFFFFFFFF,0xFFFFFFFF,0xFFFFFFFF,0xFFFFFFFF,0xFFFFFFFF,0x00000000,0x00000000,
    0x00000000,0x00000000,0xFFFCFFFF,0xFFFFFFFF,0xFFFFFFFF,0xFFFFFFFF,0xFFFFFFFF,0xFFFFFFFF,
    0xFFFFFFFF,0xFFFFFFFF,0xFFFFFFFF,0xFFFFFFFF,0xFFFFFFFF,0xFFFFFFFF,0xFFFFFFFF,0xFFFFFFFF,
    0xFFFFFFFF,0xFFFFFFFF,0xFFFFFFFF,0xFFFFFFFF,0xFFFFFFFF,0xFFFFFFFC,0x00000000,0x00000000,
    0x00000000,0x00000000,0xFFF6FFFF,0xFFFFFFFF,0xFFFFFFFF,0xFFFFFFFF,0xFFFFFFFF,0xFFFFFFFF,
    0xFFFFFFFF,0xFFFFFFFF,0xFFFFFFFF,0xFFFFFFFF,0xFFFFFFFF,0xFFFFFFFF,0xFFFFFFFF,0xFFFFFFFF,
    0xFFFFFFFF,0xFFFFFFFF,0xFFFFFFFF,0xFFFFFFFF,0xFFFFFFFF,0xFFFFFFF6,0x00000000,0x00000000,
    0x00000000,0x00000000,0xFFF0FFFC,0xFFFFFFFF,0xFFFFFFFF,0xFFFFFFFF,0xFFFFFFFF,0xFFFFFFFF,
    0xFFFFFFFF,0xFFFFFFFF,0xFFFFFFFF,0xFFFFFFFF,0xFFFFFFFF,0xFFFFFFFF,0xFFFFFFFF,0xFFFFFFFF,
    0xFFFFFFFF,0xFFFFFFFF,0xFFFFFFFF,0xFFFFFFFF,0xFFFFFFFF,0xFFFCFFF0,0x00000000,0x00000000,
    0x00000000,0x00000000,0x0000FFF1,0xFFFCFFFF,0xFFFFFFFF,0xFFFFFFFF,0xFFFFFFFF,0xFFFFFFFF,
    0xFFFFFFFF,0xFFFFFFFF,0xFFFFFFFF,0xFFFFFFFF,0xFFFFFFFF,0xFFFFFFFF,0xFFFFFFFF,0xFFFFFFFF,
    0xFFFFFFFF,0xFFFFFFFF,0xFFFFFFFF,0xFFFFFFFF,0xFFFFFFFC,0xFFF10000,0x00000000,0x00000000,
    0x00000000,0x00000000,0x00000000,0xFFF0FFF6,0xFFFCFFFF,0xFFFFFFFF,0xFFFFFFFF,0xFFFFFFFF,
    0xFFFFFFFF,0xFFFFFFFF,0xFFFFFFFF,0xFFFFFFFF,0xFFFFFFFF,0xFFFFFFFF,0xFFFFFFFF,0xFFFFFFFF,
    0xFFFFFFFF,0xFFFFFFFF,0xFFFFFFFF,0xFFFFFFFC,0xFFF6FFF0,0x00000000,0x00000000,0x00000000,
    0x00000000,0x00000000,0x00000000,0x00000000,0x00000000,0x00000000,0x00000000,0x00000000,
    0x00000000,0x00000000,0x00000000,0x00000000,0x00000000,0x00000000,0x00000000,0x00000000,
    0x00000000,0x00000000,0x00000000,0x00000000,0x00000000,0x00000000,0x00000000,0x00000000,
    0x00000000,0x00000000,0x00000000,0x00000000,0x00000000,0x00000000,0x00000000,0x00000000,
    0x00000000,0x00000000,0x00000000,0x00000000,0x00000000,0x00000000,0x00000000,0x00000000,
    0x00000000,0x00000000,0x00000000,0x00000000,0x00000000,0x00000000,0x00000000,0x00000000,
    0x00000000,0x00000000,0x00000000,0x00000000,0x00000000,0x00000000,0x00000000,0x00000000,
    0x00000000,0x00000000,0x00000000,0x00000000,0x00000000,0x00000000,0x00000000,0x00000000,
    0x00000000,0x00000000,0x00000000,0x00000000,0x00000000,0x00000000,0x00000000,0x00000000,
    0x00000000,0x00000000,0x00000000,0x00000000,0x00000000,0x00000000,0x00000000,0x00000000,
    0x00000000,0x00000000,0x00000000,0x00000000,0x00000000,0x00000000,0x00000000,0x00000000,
    0x00000000,0x00000000,0x00000000,0x00000000,0x00000000,0x00000000,0x00000000,0x00000000,
};
#define PROF_ICON_CALENDAR_SIZE 48

static const uint32_t prof_icon_http_viewer_rgba[] = {
    0x00000000,0x00000000,0x00000000,0x00000000,0x00000000,0x00000000,0x00000000,0x00000000,
    0x00000000,0x00000000,0x00000000,0x00000000,0x00000000,0x00000000,0x00000000,0x00000000,
    0x00000000,0x00000000,0x00000000,0x00000000,0x00000000,0x00000000,0x00000000,0x00000000,
    0x00000000,0x00000000,0x00000000,0x00000000,0x00000000,0x00000000,0x00000000,0x00000000,
    0x00000000,0x00000000,0x00000000,0x00000000,0x00000000,0x00000000,0x00000000,0x00000000,
    0x00000000,0x00000000,0x00000000,0x00000000,0x00000000,0x00000000,0x00000000,0x00000000,
    0x00000000,0x00000000,0x00000000,0x00000000,0x00000000,0x00000000,0x00000000,0x00000000,
    0x00000000,0x00000000,0x00000000,0x00000000,0x00000000,0x00000000,0x00000000,0x00000000,
    0x00000000,0x00000000,0x00000000,0x00000000,0x00000000,0x00000000,0x00000000,0x00000000,
    0x00000000,0x00000000,0x00000000,0x00000000,0x00000000,0x00000000,0x00000000,0x00000000,
    0x00000000,0x00000000,0x00000000,0x00000000,0x00000000,0x00000000,0x00000000,0x00000000,
    0x00000000,0x00000000,0x00000000,0x00000000,0x00000000,0x00000000,0x00000000,0x00000000,
    0x00000000,0x00000000,0x00000000,0x00000000,0x00000000,0x00000000,0x00000000,0x00000000,
    0x00000000,0x00000000,0x00000000,0x00000000,0x00000000,0x00000000,0x00000000,0x00000000,
    0x00000000,0x00000000,0x00000000,0x00000000,0x00000000,0x00000000,0x00000000,0x00000000,
    0x00000000,0x00000000,0x00000000,0x00000000,0x00000000,0x00000000,0x00000000,0x00000000,
    0x00000000,0x3BF33BF7,0x3BFA6CFD,0xBEFFDEFF,0xDEFFBEFF,0x6CFD3BFA,0x3BF73BF2,0x00000000,
    0x00000000,0x00000000,0x00000000,0x00000000,0x00000000,0x00000000,0x00000000,0x00000000,
    0x00000000,0x00000000,0x00000000,0x00000000,0x00000000,0x00000000,0x00000000,0x00003CF0,
    0x3BF73BFD,0x3BFF3BFF,0x9DFFEFFF,0xEFFFEFFF,0xEFFFEFFF,0xEFFF9DFF,0x3BFF3BFF,0x3BFD3BF7,
    0x3CF00000,0x00000000,0x00000000,0x00000000,0x00000000,0x00000000,0x00000000,0x00000000,
    0x00000000,0x00000000,0x00000000,0x00000000,0x00000000,0x00000000,0x00003CF0,0x3BF73BFE,
    0x3BFF3BFF,0x3BFF7CFF,0xEFFFDEFF,0x6BEF18CF,0x18CF6BEF,0xDEFFEFFF,0x7CFF3BFF,0x3BFF3BFF,
    0x3BFE3BF7,0x4BF00000,0x00000000,0x00000000,0x00000000,0x00000000,0x00000000,0x00000000,
    0x00000000,0x00000000,0x00000000,0x00000000,0x00000000,0x00000000,0x3BF23BFD,0x3BFF3BFF,
    0x2AEF19DF,0x4ADFDFFF,0xDFFF4ADF,0x08CF08CF,0x08CF08CF,0x4ADFDFFF,0xDFFF3ADF,0x19DF2AEF,
    0x3BFF3BFF,0x3BFC3BF2,0x00000000,0x00000000,0x00000000,0x00000000,0x00000000,0x00000000,
    0x00000000,0x00000000,0x00000000,0x00000000,0x00000000,0x00003BF4,0x3BFF3BFF,0x3BFF19DF,
    0x08CF08CF,0xBDFFEFFF,0x6BEF08CF,0x08CF08CF,0x08CF08CF,0x08CF6BEF,0xEFFFBDFF,0x08CF08CF,
    0x19DF3BFF,0x3BFF3BFF,0x3BF40000,0x00000000,0x00000000,0x00000000,0x00000000,0x00000000,
    0x00000000,0x00000000,0x00000000,0x00000000,0x00000000,0x3BF53BFF,0x3BFF2AEF,0x08CF08CF,
    0x08CF5ADF,0xEFFFCEFF,0x08CF08CF,0x08CF08CF,0x08CF08CF,0x08CF08CF,0xCEFFEFFF,0x5ADF08CF,
    0x08CF08CF,0x2AEF3BFF,0x3BFF3BF5,0x00000000,0x00000000,0x00000000,0x00000000,0x00000000,
    0x00000000,0x00000000,0x00000000,0x00000000,0x00003BF4,0x3BFF3BFF,0x1AEF08CF,0x08CF08CF,
    0x08CFBDFF,0xEFFF5ADF,0x08CF08CF,0x08CF08CF,0x08CF08CF,0x08CF08CF,0x5ADFEFFF,0xBDFF08CF,
    0x08CF08CF,0x08CF1ADF,0x3BFF3BFF,0x3BF40000,0x00000000,0x00000000,0x00000000,0x00000000,
    0x00000000,0x00000000,0x00000000,0x00000000,0x3BF23BFF,0x3BFF1AEF,0x08CF08CF,0x08CF08CF,
    0x29DFEFFF,0xDEFF08CF,0x08CF08CF,0x08CF08CF,0x08CF08CF,0x08CF08CF,0x08CFCEFF,0xEFFF29DF,
    0x08CF08CF,0x08CF08CF,0x1ADF3BFF,0x3BFF3BF2,0x00000000,0x00000000,0x00000000,0x00000000,
    0x00000000,0x00000000,0x00000000,0x00004BF0,0x3BFD3BFF,0x2AEF08CF,0x08CF08CF,0x08CF08CF,
    0x7BEFEFFF,0x8CEF08CF,0x08CF08CF,0x08CF08CF,0x08CF08CF,0x08CF08CF,0x08CF8CEF,0xEFFF7BEF,
    0x08CF08CF,0x08CF08CF,0x08CF2AEF,0x3BFF3BFC,0x4BF00000,0x00000000,0x00000000,0x00000000,
    0x00000000,0x00000000,0x00000000,0x00003BF7,0x3BFFBEFF,0xADFFADFF,0xADFFADFF,0xADFFADFF,
    0xDEFFEFFF,0xBDFFADFF,0xADFFADFF,0xADFFADFF,0xADFFADFF,0xADFFADFF,0xADFFBDFF,0xEFFFDEFF,
    0xADFFADFF,0xADFFADFF,0xADFFADFF,0xBEFF3BFF,0x3BF60000,0x00000000,0x00000000,0x00000000,
    0x00000000,0x00000000,0x00000000,0x3BF03BFE,0x3BFFADFF,0xADFFADFF,0xADFFADFF,0xADFFADFF,
    0xEFFFDFFF,0xADFFADFF,0xADFFADFF,0xADFFADFF,0xADFFADFF,0xADFFADFF,0xADFFADFF,0xDFFFDFFF,
    0xADFFADFF,0xADFFADFF,0xADFFADFF,0xADFF3BFF,0x3BFE4BF0,0x00000000,0x00000000,0x00000000,
    0x00000000,0x00000000,0x00000000,0x3BF73BFF,0x2AEF08CF,0x08CF08CF,0x08CF08CF,0x08CF4ADF,
    0xEFFFADFF,0x08CF08CF,0x08CF08CF,0x08CF08CF,0x08CF08CF,0x08CF08CF,0x08CF08CF,0xADFFEFFF,
    0x3ADF08CF,0x08CF08CF,0x08CF08CF,0x08CF2BEF,0x3BFF3BF7,0x00000000,0x00000000,0x00000000,
    0x00000000,0x00000000,0x00000000,0x3BFD3BFF,0x19DF08CF,0x08CF08CF,0x08CF08CF,0x08CF6BEF,
    0xEFFF7CEF,0x08CF08CF,0x08CF08CF,0x08CF08CF,0x08CF08CF,0x08CF08CF,0x08CF08CF,0x8CEFEFFF,
    0x6BEF08CF,0x08CF08CF,0x08CF08CF,0x08CF19DF,0x3BFF3BFD,0x00000000,0x00000000,0x00000000,
    0x00000000,0x00000000,0x00003BF2,0x3BFF3BFF,0x08CF08CF,0x08CF08CF,0x08CF08CF,0x08CF8CEF,
    0xEFFF6BDF,0x08CF08CF,0x08CF08CF,0x08CF08CF,0x08CF08CF,0x08CF08CF,0x08CF08CF,0x6BDFEFFF,
    0x8CEF08CF,0x08CF08CF,0x08CF08CF,0x08CF08CF,0x3BFF3BFF,0x3BF20000,0x00000000,0x00000000,
    0x00000000,0x00000000,0x00003BF7,0x3BFF2AEF,0x08CF08CF,0x08CF08CF,0x08CF08CF,0x08CFADEF,
    0xEFFF4ADF,0x08CF08CF,0x08CF08CF,0x08CF08CF,0x08CF08CF,0x08CF08CF,0x08CF08CF,0x4ADFEFFF,
    0xADEF08CF,0x08CF08CF,0x08CF08CF,0x08CF08CF,0x2AEF3BFF,0x3BF60000,0x00000000,0x00000000,
    0x00000000,0x00000000,0x00003BFA,0x3BFF19DF,0x08CF08CF,0x08CF08CF,0x08CF08CF,0x08CFBEFF,
    0xEFFF29DF,0x08CF08CF,0x08CF08CF,0x08CF08CF,0x08CF08CF,0x08CF08CF,0x08CF08CF,0x29DFEFFF,
    0xBEFF08CF,0x08CF08CF,0x08CF08CF,0x08CF08CF,0x19DF3BFF,0x3BFA0000,0x00000000,0x00000000,
    0x00000000,0x00000000,0x00003BFD,0x3BFF08DF,0x08CF08CF,0x08CF08CF,0x08CF08CF,0x08CFCEFF,
    0xEFFF19CF,0x08CF08CF,0x08CF08CF,0x08CF08CF,0x08CF08CF,0x08CF08CF,0x08CF08CF,0x19CFEFFF,
    0xCEFF08CF,0x08CF08CF,0x08CF08CF,0x08CF08CF,0x09DF3BFF,0x3BFC0000,0x00000000,0x00000000,
    0x00000000,0x00000000,0x00003BFE,0x3BFF08CF,0x08CF08CF,0x08CF08CF,0x08CF08CF,0x08CFDEFF,
    0xEFFF18CF,0x08CF08CF,0x08CF08CF,0x08CF08CF,0x08CF08CF,0x08CF08CF,0x08CF08CF,0x18CFEFFF,
    0xDEFF08CF,0x08CF08CF,0x08CF08CF,0x08CF08CF,0x08CF3BFF,0x3BFE0000,0x00000000,0x00000000,
    0x00000000,0x00000000,0x00003BFF,0xEFFFEFFF,0xEFFFEFFF,0xEFFFEFFF,0xEFFFEFFF,0xEFFFEFFF,
    0xEFFFEFFF,0xEFFFEFFF,0xEFFFEFFF,0xEFFFEFFF,0xEFFFEFFF,0xEFFFEFFF,0xEFFFEFFF,0xEFFFEFFF,
    0xEFFFEFFF,0xEFFFEFFF,0xEFFFEFFF,0xEFFFEFFF,0xEFFFEFFF,0x3BFF0000,0x00000000,0x00000000,
    0x00000000,0x00000000,0x00003BFF,0xEFFFEFFF,0xEFFFEFFF,0xEFFFEFFF,0xEFFFEFFF,0xEFFFEFFF,
    0xEFFFEFFF,0xEFFFEFFF,0xEFFFEFFF,0xEFFFEFFF,0xEFFFEFFF,0xEFFFEFFF,0xEFFFEFFF,0xEFFFEFFF,
    0xEFFFEFFF,0xEFFFEFFF,0xEFFFEFFF,0xEFFFEFFF,0xEFFFEFFF,0x3BFF0000,0x00000000,0x00000000,
    0x00000000,0x00000000,0x00003BFE,0x3BFF08CF,0x08CF08CF,0x08CF08CF,0x08CF08CF,0x08CFDEFF,
    0xEFFF18CF,0x08CF08CF,0x08CF08CF,0x08CF08CF,0x08CF08CF,0x08CF08CF,0x08CF08CF,0x18CFEFFF,
    0xDEFF08CF,0x08CF08CF,0x08CF08CF,0x08CF08CF,0x08CF3BFF,0x3BFE0000,0x00000000,0x00000000,
    0x00000000,0x00000000,0x00003BFD,0x3BFF09DF,0x08CF08CF,0x08CF08CF,0x08CF08CF,0x08CFCEFF,
    0xEFFF19CF,0x08CF08CF,0x08CF08CF,0x08CF08CF,0x08CF08CF,0x08CF08CF,0x08CF08CF,0x19CFEFFF,
    0xCEFF08CF,0x08CF08CF,0x08CF08CF,0x08CF08CF,0x09DF3BFF,0x3BFC0000,0x00000000,0x00000000,
    0x00000000,0x00000000,0x00003BFA,0x3BFF19DF,0x08CF08CF,0x08CF08CF,0x08CF08CF,0x08CFBEFF,
    0xEFFF29DF,0x08CF08CF,0x08CF08CF,0x08CF08CF,0x08CF08CF,0x08CF08CF,0x08CF08CF,0x29DFEFFF,
    0xBEFF08CF,0x08CF08CF,0x08CF08CF,0x08CF08CF,0x19DF3BFF,0x3BFA0000,0x00000000,0x00000000,
    0x00000000,0x00000000,0x00003BF7,0x3BFF2AEF,0x08CF08CF,0x08CF08CF,0x08CF08CF,0x08CFADEF,
    0xEFFF4ADF,0x08CF08CF,0x08CF08CF,0x08CF08CF,0x08CF08CF,0x08CF08CF,0x08CF08CF,0x4ADFEFFF,
    0xADEF08CF,0x08CF08CF,0x08CF08CF,0x08CF08CF,0x2AEF3BFF,0x3BF60000,0x00000000,0x00000000,
    0x00000000,0x00000000,0x00003BF2,0x3BFF3BFF,0x08CF08CF,0x08CF08CF,0x08CF08CF,0x08CF8CEF,
    0xEFFF6BDF,0x08CF08CF,0x08CF08CF,0x08CF08CF,0x08CF08CF,0x08CF08CF,0x08CF08CF,0x6BEFEFFF,
    0x8CEF08CF,0x08CF08CF,0x08CF08CF,0x08CF08CF,0x3BFF3BFF,0x3BF20000,0x00000000,0x00000000,
    0x00000000,0x00000000,0x00000000,0x3BFD3BFF,0x19DF08CF,0x08CF08CF,0x08CF08CF,0x08CF6BEF,
    0xEFFF8CEF,0x08CF08CF,0x08CF08CF,0x08CF08CF,0x08CF08CF,0x08CF08CF,0x08CF08CF,0x8CEFEFFF,
    0x6BEF08CF,0x08CF08CF,0x08CF08CF,0x08CF19DF,0x3BFF3BFD,0x00000000,0x00000000,0x00000000,
    0x00000000,0x00000000,0x00000000,0x3BF73BFF,0x2AEF08CF,0x08CF08CF,0x08CF08CF,0x08CF4ADF,
    0xEFFFADFF,0x08CF08CF,0x08CF08CF,0x08CF08CF,0x08CF08CF,0x08CF08CF,0x08CF08CF,0xBDFFEFFF,
    0x3ADF08CF,0x08CF08CF,0x08CF08CF,0x08CF2BEF,0x3BFF3BF7,0x00000000,0x00000000,0x00000000,
    0x00000000,0x00000000,0x00000000,0x3CF03BFE,0x3BFFADFF,0xADFFADFF,0xADFFADFF,0xADFFADFF,
    0xEFFFDFFF,0xADFFADFF,0xADFFADFF,0xADFFADFF,0xADFFADFF,0xADFFADFF,0xADFFADFF,0xDFFFDFFF,
    0xADFFADFF,0xADFFADFF,0xADFFADFF,0xADFF3BFF,0x3BFE2BF0,0x00000000,0x00000000,0x00000000,
    0x00000000,0x00000000,0x00000000,0x00003BF7,0x3BFFBEFF,0xADFFADFF,0xADFFADFF,0xADFFADFF,
    0xDEFFEFFF,0xBDFFADFF,0xADFFADFF,0xADFFADFF,0xADFFADFF,0xADFFADFF,0xADFFBDFF,0xEFFFDEFF,
    0xADFFADFF,0xADFFADFF,0xADFFADFF,0xBEFF3BFF,0x3BF60000,0x00000000,0x00000000,0x00000000,
    0x00000000,0x00000000,0x00000000,0x00004BF0,0x3BFC3BFF,0x2AEF08CF,0x08CF08CF,0x08CF08CF,
    0x7BEFEFFF,0x8CEF08CF,0x08CF08CF,0x08CF08CF,0x08CF08CF,0x08CF08CF,0x08CF8CEF,0xEFFF7BEF,
    0x08CF08CF,0x08CF08CF,0x08CF2AEF,0x3BFF3BFC,0x5AF00000,0x00000000,0x00000000,0x00000000,
    0x00000000,0x00000000,0x00000000,0x00000000,0x3BF23BFF,0x3BFF1ADF,0x08CF08CF,0x08CF08CF,
    0x29DFEFFF,0xDEFF08CF,0x08CF08CF,0x08CF08CF,0x08CF08CF,0x08CF08CF,0x08CFCEFF,0xEFFF29DF,
    0x08CF08CF,0x08CF08CF,0x1AEF3BFF,0x3BFF3BF2,0x00000000,0x00000000,0x00000000,0x00000000,
    0x00000000,0x00000000,0x00000000,0x00000000,0x00003BF4,0x3BFF3BFF,0x1ADF08CF,0x08CF08CF,
    0x08CFBDFF,0xEFFF5ADF,0x08CF08CF,0x08CF08CF,0x08CF08CF,0x08CF08CF,0x5ADFEFFF,0xBDFF08CF,
    0x08CF08CF,0x08CF1AEF,0x3BFF3BFF,0x3BF40000,0x00000000,0x00000000,0x00000000,0x00000000,
    0x00000000,0x00000000,0x00000000,0x00000000,0x00000000,0x3BF53BFF,0x3BFF2AEF,0x08CF08CF,
    0x08CF5ADF,0xEFFFCEFF,0x08CF08CF,0x08CF08CF,0x08CF08CF,0x08CF08CF,0xCEFFEFFF,0x5ADF08CF,
    0x08CF08CF,0x2AEF3BFF,0x3BFF3BF5,0x00000000,0x00000000,0x00000000,0x00000000,0x00000000,
    0x00000000,0x00000000,0x00000000,0x00000000,0x00000000,0x00003BF4,0x3BFF3BFF,0x3BFF19DF,
    0x08CF08CF,0xBDFFEFFF,0x6BEF08CF,0x08CF08CF,0x08CF08CF,0x08CF7BEF,0xEFFFBDFF,0x08CF08CF,
    0x19DF3BFF,0x3BFF3BFF,0x3BF40000,0x00000000,0x00000000,0x00000000,0x00000000,0x00000000,
    0x00000000,0x00000000,0x00000000,0x00000000,0x00000000,0x00000000,0x3BF23BFC,0x3BFF3BFF,
    0x2BEF19DF,0x3ADFDFFF,0xDFFF4ADF,0x08CF08CF,0x08CF08CF,0x4ADFDFFF,0xDFFF3ADF,0x19DF2BEF,
    0x3BFF3BFF,0x3BFC3BF2,0x00000000,0x00000000,0x00000000,0x00000000,0x00000000,0x00000000,
    0x00000000,0x00000000,0x00000000,0x00000000,0x00000000,0x00000000,0x00004BF0,0x3BF63BFE,
    0x3BFF3BFF,0x3BFF7CFF,0xEFFFDEFF,0x6BEF18CF,0x18CF6BEF,0xDEFFEFFF,0x7CFF3BFF,0x3BFF3BFF,
    0x3BFE3BF6,0x5AF00000,0x00000000,0x00000000,0x00000000,0x00000000,0x00000000,0x00000000,
    0x00000000,0x00000000,0x00000000,0x00000000,0x00000000,0x00000000,0x00000000,0x00004BF0,
    0x3BF73BFD,0x3BFF3BFF,0x9DFFEFFF,0xEFFFEFFF,0xEFFFEFFF,0xEFFF9DFF,0x3BFF3BFF,0x3BFD3BF7,
    0x2BF00000,0x00000000,0x00000000,0x00000000,0x00000000,0x00000000,0x00000000,0x00000000,
    0x00000000,0x00000000,0x00000000,0x00000000,0x00000000,0x00000000,0x00000000,0x00000000,
    0x00000000,0x3BF23BF6,0x3BFA6CFD,0xBEFFDEFF,0xDEFFBEFF,0x6CFD3BFA,0x3BF63BF2,0x00000000,
    0x00000000,0x00000000,0x00000000,0x00000000,0x00000000,0x00000000,0x00000000,0x00000000,
    0x00000000,0x00000000,0x00000000,0x00000000,0x00000000,0x00000000,0x00000000,0x00000000,
    0x00000000,0x00000000,0x00000000,0x00000000,0x00000000,0x00000000,0x00000000,0x00000000,
    0x00000000,0x00000000,0x00000000,0x00000000,0x00000000,0x00000000,0x00000000,0x00000000,
    0x00000000,0x00000000,0x00000000,0x00000000,0x00000000,0x00000000,0x00000000,0x00000000,
    0x00000000,0x00000000,0x00000000,0x00000000,0x00000000,0x00000000,0x00000000,0x00000000,
    0x00000000,0x00000000,0x00000000,0x00000000,0x00000000,0x00000000,0x00000000,0x00000000,
    0x00000000,0x00000000,0x00000000,0x00000000,0x00000000,0x00000000,0x00000000,0x00000000,
    0x00000000,0x00000000,0x00000000,0x00000000,0x00000000,0x00000000,0x00000000,0x00000000,
    0x00000000,0x00000000,0x00000000,0x00000000,0x00000000,0x00000000,0x00000000,0x00000000,
    0x00000000,0x00000000,0x00000000,0x00000000,0x00000000,0x00000000,0x00000000,0x00000000,
    0x00000000,0x00000000,0x00000000,0x00000000,0x00000000,0x00000000,0x00000000,0x00000000,
    0x00000000,0x00000000,0x00000000,0x00000000,0x00000000,0x00000000,0x00000000,0x00000000,
    0x00000000,0x00000000,0x00000000,0x00000000,0x00000000,0x00000000,0x00000000,0x00000000,
    0x00000000,0x00000000,0x00000000,0x00000000,0x00000000,0x00000000,0x00000000,0x00000000,
    0x00000000,0x00000000,0x00000000,0x00000000,0x00000000,0x00000000,0x00000000,0x00000000,
};
#define PROF_ICON_HTTP_VIEWER_SIZE 48

static const uint32_t prof_icon_clock_rgba[] = {
    0x00000000,0x00000000,0x00000000,0x00000000,0x00000000,0x00000000,0x00000000,0x00000000,
    0x00000000,0x00000000,0x00000000,0x00000000,0x00000000,0x00000000,0x00000000,0x00000000,
    0x00000000,0x00000000,0x00000000,0x00000000,0x00000000,0x00000000,0x00000000,0x00000000,
    0x00000000,0x00000000,0x00000000,0x00000000,0x00000000,0x00000000,0x00000000,0x00000000,
    0x00000000,0x00000000,0x00000000,0x00000000,0x00000000,0x00000000,0x00000000,0x00000000,
    0x00000000,0x00000000,0x00000000,0x00000000,0x00000000,0x00000000,0x00000000,0x00000000,
    0x00000000,0x00000000,0x00000000,0x00000000,0x00000000,0x00000000,0x00000000,0x00000000,
    0x00000000,0x00003BF0,0x3BF33BF5,0x3BF63BF7,0x3BF73BF6,0x3BF53BF3,0x3BF00000,0x00000000,
    0x00000000,0x00000000,0x00000000,0x00000000,0x00000000,0x00000000,0x00000000,0x00000000,
    0x00000000,0x00000000,0x00000000,0x00000000,0x00000000,0x00000000,0x00000000,0x00000000,
    0x3BF23BF7,0x3BFC3BFF,0x3BFF3BFF,0x3BFF3BFF,0x3BFF3BFF,0x3BFF3BFF,0x3BFF3BFC,0x3BF73BF2,
    0x00000000,0x00000000,0x00000000,0x00000000,0x00000000,0x00000000,0x00000000,0x00000000,
    0x00000000,0x00000000,0x00000000,0x00000000,0x00000000,0x00000000,0x00000000,0x3BF43BFB,
    0x3BFF3BFF,0x3BFF3BFF,0x3BFF3BFF,0x3BFF3BFF,0x3BFF3BFF,0x3BFF3BFF,0x3BFF3BFF,0x3BFF3BFF,
    0x3BFB3BF4,0x00000000,0x00000000,0x00000000,0x00000000,0x00000000,0x00000000,0x00000000,
    0x00000000,0x00000000,0x00000000,0x00000000,0x00000000,0x00000000,0x3BF23BFC,0x3BFF3BFF,
    0x3BFF3BFF,0x3BFF3BFF,0x3ADF28BF,0x27AF279F,0x279F27AF,0x28BF3ADF,0x3BFF3BFF,0x3BFF3BFF,
    0x3BFF3BFF,0x3BFB3BF2,0x00000000,0x00000000,0x00000000,0x00000000,0x00000000,0x00000000,
    0x00000000,0x00000000,0x00000000,0x00000000,0x00000000,0x08F03BF7,0x3BFF3BFF,0x3BFF3BFF,
    0x3BFF28BF,0x147F123F,0x012F012F,0x012F012F,0x012F012F,0x012F012F,0x123F147F,0x28BF3BFF,
    0x3BFF3BFF,0x3BFF3BFF,0x3BF70FF0,0x00000000,0x00000000,0x00000000,0x00000000,0x00000000,
    0x00000000,0x00000000,0x00000000,0x00000000,0x00003CF0,0x3BFB3BFF,0x3BFF3BFF,0x3BFF27AF,
    0x124F012F,0x012F012F,0x012F012F,0x012F012F,0x012F012F,0x012F012F,0x012F012F,0x012F124F,
    0x27AF3BFF,0x3BFF3BFF,0x3BFF3BFB,0x4BF00000,0x00000000,0x00000000,0x00000000,0x00000000,
    0x00000000,0x00000000,0x00000000,0x00000000,0x3CF13BFC,0x3BFF3BFF,0x3BFF29CF,0x134F012F,
    0x012F012F,0x012F012F,0x012F012F,0x112F667F,0x667F112F,0x012F012F,0x012F012F,0x012F012F,
    0x012F134F,0x29CF3BFF,0x3BFF3BFF,0x3BFC3BF1,0x00000000,0x00000000,0x00000000,0x00000000,
    0x00000000,0x00000000,0x00000000,0x00003CF0,0x3BFC3BFF,0x3BFF3BFF,0x269F112F,0x012F012F,
    0x012F012F,0x012F012F,0x012F012F,0x667FFFFF,0xFFFF667F,0x012F012F,0x012F012F,0x012F012F,
    0x012F012F,0x112F269F,0x3BFF3BFF,0x3BFF3BFC,0x4BF00000,0x00000000,0x00000000,0x00000000,
    0x00000000,0x00000000,0x00000000,0x08F03BFB,0x3BFF3BFF,0x3BFF157F,0x012F012F,0x012F012F,
    0x012F012F,0x012F012F,0x012F012F,0x889FFFFF,0xFFFF889F,0x012F012F,0x012F012F,0x012F012F,
    0x012F012F,0x012F012F,0x157F3BFF,0x3BFF3BFF,0x3BFB08F0,0x00000000,0x00000000,0x00000000,
    0x00000000,0x00000000,0x00000000,0x3BF73BFF,0x3BFF3BFF,0x157F012F,0x012F012F,0x012F012F,
    0x012F012F,0x012F012F,0x012F012F,0x889FFFFF,0xFFFF889F,0x012F012F,0x012F012F,0x012F012F,
    0x012F012F,0x012F012F,0x012F157F,0x3BFF3BFF,0x3BFF3BF7,0x00000000,0x00000000,0x00000000,
    0x00000000,0x00000000,0x00003BF2,0x3BFF3BFF,0x3BFF269F,0x012F012F,0x012F012F,0x012F012F,
    0x012F012F,0x012F012F,0x012F012F,0x889FFFFF,0xFFFF889F,0x012F012F,0x012F012F,0x012F012F,
    0x012F012F,0x012F012F,0x012F012F,0x269F3BFF,0x3BFF3BFF,0x3BF20000,0x00000000,0x00000000,
    0x00000000,0x00000000,0x00003BFC,0x3BFF3BFF,0x29CF112F,0x012F012F,0x012F012F,0x012F012F,
    0x012F012F,0x012F012F,0x012F012F,0x889FFFFF,0xFFFF889F,0x012F012F,0x012F012F,0x012F012F,
    0x012F012F,0x012F012F,0x012F012F,0x112F29CF,0x3BFF3BFF,0x3BFB0000,0x00000000,0x00000000,
    0x00000000,0x00000000,0x3BF43BFF,0x3BFF3BFF,0x134F012F,0x012F012F,0x012F012F,0x012F012F,
    0x012F012F,0x012F012F,0x012F012F,0x889FFFFF,0xFFFF889F,0x012F012F,0x012F012F,0x012F012F,
    0x012F012F,0x012F012F,0x012F012F,0x012F134F,0x3BFF3BFF,0x3BFF3BF4,0x00000000,0x00000000,
    0x00000000,0x00000000,0x3BFB3BFF,0x3BFF27AF,0x012F012F,0x012F012F,0x012F012F,0x012F012F,
    0x012F012F,0x012F012F,0x012F012F,0x889FFFFF,0xFFFF889F,0x012F012F,0x012F012F,0x012F012F,
    0x012F012F,0x012F012F,0x012F012F,0x012F012F,0x27AF3BFF,0x3BFF3BFB,0x00000000,0x00000000,
    0x00000000,0x00003BF2,0x3BFF3BFF,0x3BFF124F,0x012F012F,0x012F012F,0x012F012F,0x012F012F,
    0x012F012F,0x012F012F,0x012F012F,0x889FFFFF,0xFFFF889F,0x012F012F,0x012F012F,0x012F012F,
    0x012F012F,0x012F012F,0x012F012F,0x012F012F,0x124F3BFF,0x3BFF3BFF,0x3BF20000,0x00000000,
    0x00000000,0x00003BF7,0x3BFF3BFF,0x28BF012F,0x012F012F,0x012F012F,0x012F012F,0x012F012F,
    0x012F012F,0x012F012F,0x012F012F,0x889FFFFF,0xFFFF889F,0x012F012F,0x012F012F,0x012F012F,
    0x012F012F,0x012F012F,0x012F012F,0x012F012F,0x012F28BF,0x3BFF3BFF,0x3BF70000,0x00000000,
    0x00000000,0x00003BFC,0x3BFF3BFF,0x147F012F,0x012F012F,0x012F012F,0x012F012F,0x012F012F,
    0x012F012F,0x012F012F,0x012F012F,0x889FFFFF,0xFFFF889F,0x012F012F,0x012F012F,0x012F012F,
    0x012F012F,0x012F012F,0x012F012F,0x012F012F,0x012F157F,0x3BFF3BFF,0x3BFC0000,0x00000000,
    0x00000000,0x3BF03BFF,0x3BFF3BFF,0x123F012F,0x012F012F,0x012F012F,0x012F012F,0x012F012F,
    0x012F012F,0x012F012F,0x012F012F,0x889FFFFF,0xFFFF889F,0x012F012F,0x012F012F,0x012F012F,
    0x012F012F,0x012F012F,0x012F012F,0x012F012F,0x012F123F,0x3BFF3BFF,0x3BFF3CF0,0x00000000,
    0x00000000,0x3BF33BFF,0x3BFF3ADF,0x012F012F,0x012F012F,0x012F012F,0x012F012F,0x012F012F,
    0x012F012F,0x012F012F,0x012F012F,0x889FFFFF,0xFFFF889F,0x012F012F,0x012F012F,0x012F012F,
    0x012F012F,0x012F012F,0x012F012F,0x012F012F,0x012F012F,0x3ADF3BFF,0x3BFF3BF3,0x00000000,
    0x00000000,0x3BF53BFF,0x3BFF28BF,0x012F012F,0x012F012F,0x012F012F,0x012F012F,0x012F012F,
    0x012F012F,0x012F012F,0x012F012F,0x889FFFFF,0xFFFF889F,0x012F012F,0x012F012F,0x012F012F,
    0x012F012F,0x012F012F,0x012F012F,0x012F012F,0x012F012F,0x28BF3BFF,0x3BFF3BF5,0x00000000,
    0x00000000,0x3BF63BFF,0x3BFF27AF,0x012F012F,0x012F012F,0x012F012F,0x012F012F,0x012F012F,
    0x012F012F,0x012F012F,0x012F123F,0x9DEFFFEF,0xFECFBCBF,0x443F442F,0x442F442F,0x442F442F,
    0x442F442F,0x222F012F,0x012F012F,0x012F012F,0x012F012F,0x27AF3BFF,0x3BFF3BF6,0x00000000,
    0x00000000,0x3BF73BFF,0x3BFF269F,0x012F012F,0x012F012F,0x012F012F,0x012F012F,0x012F012F,
    0x012F012F,0x012F012F,0x012F257F,0xADEFFC2F,0xFB2FFB2F,0xFB2FFB2F,0xFB2FFB2F,0xFB2FFB2F,
    0xFB2FFB2F,0xFB2F222F,0x012F012F,0x012F012F,0x012F012F,0x269F3BFF,0x3BFF3BF7,0x00000000,
    0x00000000,0x3BF73BFF,0x3BFF269F,0x012F012F,0x012F012F,0x012F012F,0x012F012F,0x012F012F,
    0x012F012F,0x012F012F,0x012F157F,0x8DEFFC2F,0xFB2FFB2F,0xFB2FFB2F,0xFB2FFB2F,0xFB2FFB2F,
    0xFB2FFB2F,0xFB2F222F,0x012F012F,0x012F012F,0x012F012F,0x269F3BFF,0x3BFF3BF7,0x00000000,
    0x00000000,0x3BF63BFF,0x3BFF27AF,0x012F012F,0x012F012F,0x012F012F,0x012F012F,0x012F012F,
    0x012F012F,0x012F012F,0x012F123F,0x3ADF8DEF,0x9CCF6AAF,0x443F442F,0x442F442F,0x442F442F,
    0x442F442F,0x222F012F,0x012F012F,0x012F012F,0x012F012F,0x27AF3BFF,0x3BFF3BF6,0x00000000,
    0x00000000,0x3BF53BFF,0x3BFF28BF,0x012F012F,0x012F012F,0x012F012F,0x012F012F,0x012F012F,
    0x012F012F,0x012F012F,0x012F012F,0x123F157F,0x157F123F,0x012F012F,0x012F012F,0x012F012F,
    0x012F012F,0x012F012F,0x012F012F,0x012F012F,0x012F012F,0x28BF3BFF,0x3BFF3BF5,0x00000000,
    0x00000000,0x3BF33BFF,0x3BFF3ADF,0x012F012F,0x012F012F,0x012F012F,0x012F012F,0x012F012F,
    0x012F012F,0x012F012F,0x012F012F,0x012F012F,0x012F012F,0x012F012F,0x012F012F,0x012F012F,
    0x012F012F,0x012F012F,0x012F012F,0x012F012F,0x012F012F,0x3ADF3BFF,0x3BFF3BF2,0x00000000,
    0x00000000,0x3BF03BFF,0x3BFF3BFF,0x123F012F,0x012F012F,0x012F012F,0x012F012F,0x012F012F,
    0x012F012F,0x012F012F,0x012F012F,0x012F012F,0x012F012F,0x012F012F,0x012F012F,0x012F012F,
    0x012F012F,0x012F012F,0x012F012F,0x012F012F,0x012F123F,0x3BFF3BFF,0x3BFF3CF0,0x00000000,
    0x00000000,0x00003BFC,0x3BFF3BFF,0x157F012F,0x012F012F,0x012F012F,0x012F012F,0x012F012F,
    0x012F012F,0x012F012F,0x012F012F,0x012F012F,0x012F012F,0x012F012F,0x012F012F,0x012F012F,
    0x012F012F,0x012F012F,0x012F012F,0x012F012F,0x012F157F,0x3BFF3BFF,0x3BFC0000,0x00000000,
    0x00000000,0x00003BF7,0x3BFF3BFF,0x28BF012F,0x012F012F,0x012F012F,0x012F012F,0x012F012F,
    0x012F012F,0x012F012F,0x012F012F,0x012F012F,0x012F012F,0x012F012F,0x012F012F,0x012F012F,
    0x012F012F,0x012F012F,0x012F012F,0x012F012F,0x012F28BF,0x3BFF3BFF,0x3BF70000,0x00000000,
    0x00000000,0x00003BF2,0x3BFF3BFF,0x3BFF124F,0x012F012F,0x012F012F,0x012F012F,0x012F012F,
    0x012F012F,0x012F012F,0x012F012F,0x012F012F,0x012F012F,0x012F012F,0x012F012F,0x012F012F,
    0x012F012F,0x012F012F,0x012F012F,0x012F012F,0x124F3BFF,0x3BFF3BFF,0x3BF20000,0x00000000,
    0x00000000,0x00000000,0x3BFB3BFF,0x3BFF27AF,0x012F012F,0x012F012F,0x012F012F,0x012F012F,
    0x012F012F,0x012F012F,0x012F012F,0x012F012F,0x012F012F,0x012F012F,0x012F012F,0x012F012F,
    0x012F012F,0x012F012F,0x012F012F,0x012F012F,0x27AF3BFF,0x3BFF3BFB,0x00000000,0x00000000,
    0x00000000,0x00000000,0x3BF43BFF,0x3BFF3BFF,0x134F012F,0x012F012F,0x012F012F,0x012F012F,
    0x012F012F,0x012F012F,0x012F012F,0x012F012F,0x012F012F,0x012F012F,0x012F012F,0x012F012F,
    0x012F012F,0x012F012F,0x012F012F,0x012F134F,0x3BFF3BFF,0x3BFF3BF4,0x00000000,0x00000000,
    0x00000000,0x00000000,0x00003BFB,0x3BFF3BFF,0x29CF112F,0x012F012F,0x012F012F,0x012F012F,
    0x012F012F,0x012F012F,0x012F012F,0x012F012F,0x012F012F,0x012F012F,0x012F012F,0x012F012F,
    0x012F012F,0x012F012F,0x012F012F,0x112F29CF,0x3BFF3BFF,0x3BFB0000,0x00000000,0x00000000,
    0x00000000,0x00000000,0x00003BF2,0x3BFF3BFF,0x3BFF269F,0x012F012F,0x012F012F,0x012F012F,
    0x012F012F,0x012F012F,0x012F012F,0x012F012F,0x012F012F,0x012F012F,0x012F012F,0x012F012F,
    0x012F012F,0x012F012F,0x012F012F,0x279F3BFF,0x3BFF3BFF,0x3BF20000,0x00000000,0x00000000,
    0x00000000,0x00000000,0x00000000,0x3BF73BFF,0x3BFF3BFF,0x157F012F,0x012F012F,0x012F012F,
    0x012F012F,0x012F012F,0x012F012F,0x012F012F,0x012F012F,0x012F012F,0x012F012F,0x012F012F,
    0x012F012F,0x012F012F,0x012F157F,0x3BFF3BFF,0x3BFF3BF7,0x00000000,0x00000000,0x00000000,
    0x00000000,0x00000000,0x00000000,0x08F03BFB,0x3BFF3BFF,0x3BFF157F,0x012F012F,0x012F012F,
    0x012F012F,0x012F012F,0x012F012F,0x012F012F,0x012F012F,0x012F012F,0x012F012F,0x012F012F,
    0x012F012F,0x012F012F,0x157F3BFF,0x3BFF3BFF,0x3BFB0FF0,0x00000000,0x00000000,0x00000000,
    0x00000000,0x00000000,0x00000000,0x00004BF0,0x3BFC3BFF,0x3BFF3BFF,0x269F112F,0x012F012F,
    0x012F012F,0x012F012F,0x012F012F,0x012F012F,0x012F012F,0x012F012F,0x012F012F,0x012F012F,
    0x012F012F,0x112F279F,0x3BFF3BFF,0x3BFF3BFC,0x2BF00000,0x00000000,0x00000000,0x00000000,
    0x00000000,0x00000000,0x00000000,0x00000000,0x3BF13BFC,0x3BFF3BFF,0x3BFF29CF,0x134F012F,
    0x012F012F,0x012F012F,0x012F012F,0x012F012F,0x012F012F,0x012F012F,0x012F012F,0x012F012F,
    0x012F134F,0x29CF3BFF,0x3BFF3BFF,0x3BFC3BF1,0x00000000,0x00000000,0x00000000,0x00000000,
    0x00000000,0x00000000,0x00000000,0x00000000,0x00004BF0,0x3BFB3BFF,0x3BFF3BFF,0x3BFF27AF,
    0x124F012F,0x012F012F,0x012F012F,0x012F012F,0x012F012F,0x012F012F,0x012F012F,0x012F124F,
    0x27AF3BFF,0x3BFF3BFF,0x3BFF3BFB,0x2BF00000,0x00000000,0x00000000,0x00000000,0x00000000,
    0x00000000,0x00000000,0x00000000,0x00000000,0x00000000,0x0FF03BF7,0x3BFF3BFF,0x3BFF3BFF,
    0x3BFF28BF,0x157F123F,0x012F012F,0x012F012F,0x012F012F,0x012F012F,0x123F157F,0x28BF3BFF,
    0x3BFF3BFF,0x3BFF3BFF,0x3BF70FF0,0x00000000,0x00000000,0x00000000,0x00000000,0x00000000,
    0x00000000,0x00000000,0x00000000,0x00000000,0x00000000,0x00000000,0x3BF23BFB,0x3BFF3BFF,
    0x3BFF3BFF,0x3BFF3BFF,0x3ADF28BF,0x27AF279F,0x279F27AF,0x28BF3ADF,0x3BFF3BFF,0x3BFF3BFF,
    0x3BFF3BFF,0x3BFB3BF2,0x00000000,0x00000000,0x00000000,0x00000000,0x00000000,0x00000000,
    0x00000000,0x00000000,0x00000000,0x00000000,0x00000000,0x00000000,0x00000000,0x3BF43BFB,
    0x3BFF3BFF,0x3BFF3BFF,0x3BFF3BFF,0x3BFF3BFF,0x3BFF3BFF,0x3BFF3BFF,0x3BFF3BFF,0x3BFF3BFF,
    0x3BFB3BF4,0x00000000,0x00000000,0x00000000,0x00000000,0x00000000,0x00000000,0x00000000,
    0x00000000,0x00000000,0x00000000,0x00000000,0x00000000,0x00000000,0x00000000,0x00000000,
    0x3BF23BF7,0x3BFC3BFF,0x3BFF3BFF,0x3BFF3BFF,0x3BFF3BFF,0x3BFF3BFF,0x3BFF3BFC,0x3BF73BF2,
    0x00000000,0x00000000,0x00000000,0x00000000,0x00000000,0x00000000,0x00000000,0x00000000,
    0x00000000,0x00000000,0x00000000,0x00000000,0x00000000,0x00000000,0x00000000,0x00000000,
    0x00000000,0x00003CF0,0x3BF33BF5,0x3BF63BF7,0x3BF73BF6,0x3BF53BF3,0x4BF00000,0x00000000,
    0x00000000,0x00000000,0x00000000,0x00000000,0x00000000,0x00000000,0x00000000,0x00000000,
    0x00000000,0x00000000,0x00000000,0x00000000,0x00000000,0x00000000,0x00000000,0x00000000,
    0x00000000,0x00000000,0x00000000,0x00000000,0x00000000,0x00000000,0x00000000,0x00000000,
    0x00000000,0x00000000,0x00000000,0x00000000,0x00000000,0x00000000,0x00000000,0x00000000,
    0x00000000,0x00000000,0x00000000,0x00000000,0x00000000,0x00000000,0x00000000,0x00000000,
    0x00000000,0x00000000,0x00000000,0x00000000,0x00000000,0x00000000,0x00000000,0x00000000,
    0x00000000,0x00000000,0x00000000,0x00000000,0x00000000,0x00000000,0x00000000,0x00000000,
};
#define PROF_ICON_CLOCK_SIZE 48

static const uint32_t prof_icon_piano_rgba[] = {
    0x00000000,0x00000000,0x00000000,0x00000000,0x00000000,0x00000000,0x00000000,0x00000000,
    0x00000000,0x00000000,0x00000000,0x00000000,0x00000000,0x00000000,0x00000000,0x00000000,
    0x00000000,0x00000000,0x00000000,0x00000000,0x00000000,0x00000000,0x00000000,0x00000000,
    0x00000000,0x00000000,0x00000000,0x00000000,0x00000000,0x00000000,0x00000000,0x00000000,
    0x00000000,0x00000000,0x00000000,0x00000000,0x00000000,0x00000000,0x00000000,0x00000000,
    0x00000000,0x00000000,0x00000000,0x00000000,0x00000000,0x00000000,0x00000000,0x00000000,
    0x00000000,0x00000000,0x00000000,0x00000000,0x00000000,0x00000000,0x00000000,0x00000000,
    0x00000000,0x00000000,0x00000000,0x00000000,0x00000000,0x00000000,0x00000000,0x00000000,
    0x00000000,0x00000000,0x00000000,0x00000000,0x00000000,0x00000000,0x00000000,0x00000000,
    0x00000000,0x00000000,0x00000000,0x00000000,0x00000000,0x00000000,0x00000000,0x00000000,
    0x00000000,0x00000000,0x00000000,0x00000000,0x00000000,0x00000000,0x00000000,0x00000000,
    0x00000000,0x00000000,0x00000000,0x00000000,0x00000000,0x00000000,0x00000000,0x00000000,
    0x00000000,0x00000000,0x00000000,0x00000000,0x00000000,0x00000000,0x00000000,0x00000000,
    0x00000000,0x00000000,0x00000000,0x00000000,0x00000000,0x00000000,0x00000000,0x00000000,
    0x00000000,0x00000000,0x00000000,0x00000000,0x00000000,0x00000000,0x00000000,0x00000000,
    0x00000000,0x00000000,0x00000000,0x00000000,0x00000000,0x00000000,0x00000000,0x00000000,
    0x00000000,0x00000000,0x00000000,0x00000000,0x00000000,0x00000000,0x00000000,0x00000000,
    0x00000000,0x00000000,0x00000000,0x00000000,0x00000000,0x00000000,0x00000000,0x00000000,
    0x00000000,0x00000000,0x00000000,0x00000000,0x00000000,0x00000000,0x00000000,0x00000000,
    0x00000000,0x00000000,0x00000000,0x00000000,0x00000000,0x00000000,0x00000000,0x00000000,
    0x00000000,0x00000000,0x00000000,0x00000000,0x00000000,0x00000000,0x00000000,0x00000000,
    0x00000000,0x00000000,0x00000000,0x00000000,0x00000000,0x00000000,0x00000000,0x00000000,
    0x00000000,0x00000000,0x00000000,0x00000000,0x00000000,0x00000000,0x00000000,0x00000000,
    0x00000000,0x00000000,0x00000000,0x00000000,0x00000000,0x00000000,0x00000000,0x00000000,
    0x00000000,0x00000000,0x00000000,0x00000000,0x00000000,0x00000000,0x00000000,0x00000000,
    0x00000000,0x00000000,0x00000000,0x00000000,0x00000000,0x00000000,0x00000000,0x00000000,
    0x00000000,0x00000000,0x00000000,0x00000000,0x00000000,0x00000000,0x00000000,0x00000000,
    0x00000000,0x00000000,0x00000000,0x00000000,0x00000000,0x00000000,0x00000000,0x00000000,
    0x00000000,0x00000000,0x00000000,0x00000000,0x00000000,0x00000000,0x00000000,0x00000000,
    0x00000000,0x00000000,0x00000000,0x00000000,0x00000000,0x00000000,0x00000000,0x00000000,
    0x00000000,0x00000000,0x0000FFF1,0xFFFAFFFF,0xFFFFFFFF,0x445F012F,0x012F012F,0x445FFFFF,
    0xFFFF445F,0x012F012F,0x012F445F,0xFFFFFFFF,0xFFFFFFFF,0xFFFF445F,0x012F012F,0x012F445F,
    0xFFFFFFFF,0x445F012F,0x012F012F,0x445FFFFF,0xFFFFFFFA,0xFFF20000,0x00000000,0x00000000,
    0x00000000,0x00000000,0xFFF1FFFE,0xFFFFFFFF,0xFFFFFFFF,0x012F012F,0x012F012F,0x012FFFFF,
    0xFFFF012F,0x012F012F,0x012F012F,0xFFFFFFFF,0xFFFFFFFF,0xFFFF012F,0x012F012F,0x012F012F,
    0xFFFFFFFF,0x012F012F,0x012F012F,0x012FFFFF,0xFFFFFFFF,0xFFFEFFF1,0x00000000,0x00000000,
    0x00000000,0x00000000,0xFFFAFFFF,0xFFFFFFFF,0xFFFFFFFF,0x012F012F,0x012F012F,0x012FFFFF,
    0xFFFF012F,0x012F012F,0x012F012F,0xFFFFFFFF,0xFFFFFFFF,0xFFFF012F,0x012F012F,0x012F012F,
    0xFFFFFFFF,0x012F012F,0x012F012F,0x012FFFFF,0xFFFFFFFF,0xFFFFFFFA,0x00000000,0x00000000,
    0x00000000,0x00000000,0xFFFFFFFF,0xFFFFFFFF,0xFFFFFFFF,0x012F012F,0x012F012F,0x012FFFFF,
    0xFFFF012F,0x012F012F,0x012F012F,0xFFFFFFFF,0xFFFFFFFF,0xFFFF012F,0x012F012F,0x012F012F,
    0xFFFFFFFF,0x012F012F,0x012F012F,0x012FFFFF,0xFFFFFFFF,0xFFFFFFFF,0x00000000,0x00000000,
    0x00000000,0x00000000,0xFFFFFFFF,0xFFFFFFFF,0xFFFFFFFF,0x012F012F,0x012F012F,0x012FFFFF,
    0xFFFF012F,0x012F012F,0x012F012F,0xFFFFFFFF,0xFFFFFFFF,0xFFFF012F,0x012F012F,0x012F012F,
    0xFFFFFFFF,0x012F012F,0x012F012F,0x012FFFFF,0xFFFFFFFF,0xFFFFFFFF,0x00000000,0x00000000,
    0x00000000,0x00000000,0xFFFFFFFF,0xFFFFFFFF,0xFFFFFFFF,0x012F012F,0x012F012F,0x012FFFFF,
    0xFFFF012F,0x012F012F,0x012F012F,0xFFFFFFFF,0xFFFFFFFF,0xFFFF012F,0x012F012F,0x012F012F,
    0xFFFFFFFF,0x012F012F,0x012F012F,0x012FFFFF,0xFFFFFFFF,0xFFFFFFFF,0x00000000,0x00000000,
    0x00000000,0x00000000,0xFFFFFFFF,0xFFFFFFFF,0xFFFFFFFF,0x012F012F,0x012F012F,0x012FFFFF,
    0xFFFF012F,0x012F012F,0x012F012F,0xFFFFFFFF,0xFFFFFFFF,0xFFFF012F,0x012F012F,0x012F012F,
    0xFFFFFFFF,0x012F012F,0x012F012F,0x012FFFFF,0xFFFFFFFF,0xFFFFFFFF,0x00000000,0x00000000,
    0x00000000,0x00000000,0xFFFFFFFF,0xFFFFFFFF,0xFFFFFFFF,0x012F012F,0x012F012F,0x012FFFFF,
    0xFFFF012F,0x012F012F,0x012F012F,0xFFFFFFFF,0xFFFFFFFF,0xFFFF012F,0x012F012F,0x012F012F,
    0xFFFFFFFF,0x012F012F,0x012F012F,0x012FFFFF,0xFFFFFFFF,0xFFFFFFFF,0x00000000,0x00000000,
    0x00000000,0x00000000,0xFFFFFFFF,0xFFFFFFFF,0xFFFFFFFF,0x012F012F,0x012F012F,0x012FFFFF,
    0xFFFF012F,0x012F012F,0x012F012F,0xFFFFFFFF,0xFFFFFFFF,0xFFFF012F,0x012F012F,0x012F012F,
    0xFFFFFFFF,0x012F012F,0x012F012F,0x012FFFFF,0xFFFFFFFF,0xFFFFFFFF,0x00000000,0x00000000,
    0x00000000,0x00000000,0xFFFFFFFF,0xFFFFFFFF,0xFFFFFFFF,0x012F012F,0x012F012F,0x012FFFFF,
    0xFFFF012F,0x012F012F,0x012F012F,0xFFFFFFFF,0xFFFFFFFF,0xFFFF012F,0x012F012F,0x012F012F,
    0xFFFFFFFF,0x012F012F,0x012F012F,0x012FFFFF,0xFFFFFFFF,0xFFFFFFFF,0x00000000,0x00000000,
    0x00000000,0x00000000,0xFFFFFFFF,0xFFFFFFFF,0xFFFFFFFF,0x012F012F,0x012F012F,0x012FFFFF,
    0xFFFF012F,0x012F012F,0x012F012F,0xFFFFFFFF,0xFFFFFFFF,0xFFFF012F,0x012F012F,0x012F012F,
    0xFFFFFFFF,0x012F012F,0x012F012F,0x012FFFFF,0xFFFFFFFF,0xFFFFFFFF,0x00000000,0x00000000,
    0x00000000,0x00000000,0xFFFFFFFF,0xFFFFFFFF,0xFFFFFFFF,0x012F012F,0x012F012F,0x012FFFFF,
    0xFFFF012F,0x012F012F,0x012F012F,0xFFFFFFFF,0xFFFFFFFF,0xFFFF012F,0x012F012F,0x012F012F,
    0xFFFFFFFF,0x012F012F,0x012F012F,0x012FFFFF,0xFFFFFFFF,0xFFFFFFFF,0x00000000,0x00000000,
    0x00000000,0x00000000,0xFFFFFFFF,0xFFFFFFFF,0xFFFFFFFF,0x012F012F,0x012F012F,0x012FFFFF,
    0xFFFF012F,0x012F012F,0x012F012F,0xFFFFFFFF,0xFFFFFFFF,0xFFFF012F,0x012F012F,0x012F012F,
    0xFFFFFFFF,0x012F012F,0x012F012F,0x012FFFFF,0xFFFFFFFF,0xFFFFFFFF,0x00000000,0x00000000,
    0x00000000,0x00000000,0xFFFFFFFF,0xFFFFFFFF,0xFFFFFFFF,0x012F012F,0x012F012F,0x012FFFFF,
    0xFFFF012F,0x012F012F,0x012F012F,0xFFFFFFFF,0xFFFFFFFF,0xFFFF012F,0x012F012F,0x012F012F,
    0xFFFFFFFF,0x012F012F,0x012F012F,0x012FFFFF,0xFFFFFFFF,0xFFFFFFFF,0x00000000,0x00000000,
    0x00000000,0x00000000,0xFFFFFFFF,0xFFFFFFFF,0xFFFFFFFF,0x012F012F,0x012F012F,0x012FFFFF,
    0xFFFF012F,0x012F012F,0x012F012F,0xFFFFFFFF,0xFFFFFFFF,0xFFFF012F,0x012F012F,0x012F012F,
    0xFFFFFFFF,0x012F012F,0x012F012F,0x012FFFFF,0xFFFFFFFF,0xFFFFFFFF,0x00000000,0x00000000,
    0x00000000,0x00000000,0xFFFFFFFF,0xFFFFFFFF,0xFFFFFFFF,0x445F012F,0x012F012F,0x445FFFFF,
    0xFFFF445F,0x012F012F,0x012F445F,0xFFFFFFFF,0xFFFFFFFF,0xFFFF445F,0x012F012F,0x012F445F,
    0xFFFFFFFF,0x445F012F,0x012F012F,0x445FFFFF,0xFFFFFFFF,0xFFFFFFFF,0x00000000,0x00000000,
    0x00000000,0x00000000,0xFFFFFFFF,0xFFFFFFFF,0xFFFFFFFF,0xFFFFFFFF,0xFFFFFFFF,0xFFFFCCDF,
    0xCCDFFFFF,0xFFFFFFFF,0xFFFFFFFF,0xFFFFCCDF,0xCCDFFFFF,0xFFFFFFFF,0xFFFFFFFF,0xFFFFCCDF,
    0xCCDFFFFF,0xFFFFFFFF,0xFFFFFFFF,0xFFFFFFFF,0xFFFFFFFF,0xFFFFFFFF,0x00000000,0x00000000,
    0x00000000,0x00000000,0xFFFFFFFF,0xFFFFFFFF,0xFFFFFFFF,0xFFFFFFFF,0xFFFFFFFF,0xFFFFCCDF,
    0xCCDFFFFF,0xFFFFFFFF,0xFFFFFFFF,0xFFFFCCDF,0xCCDFFFFF,0xFFFFFFFF,0xFFFFFFFF,0xFFFFCCDF,
    0xCCDFFFFF,0xFFFFFFFF,0xFFFFFFFF,0xFFFFFFFF,0xFFFFFFFF,0xFFFFFFFF,0x00000000,0x00000000,
    0x00000000,0x00000000,0xFFFFFFFF,0xFFFFFFFF,0xFFFFFFFF,0xFFFFFFFF,0xFFFFFFFF,0xFFFFCCDF,
    0xCCDFFFFF,0xFFFFFFFF,0xFFFFFFFF,0xFFFFCCDF,0xCCDFFFFF,0xFFFFFFFF,0xFFFFFFFF,0xFFFFCCDF,
    0xCCDFFFFF,0xFFFFFFFF,0xFFFFFFFF,0xFFFFFFFF,0xFFFFFFFF,0xFFFFFFFF,0x00000000,0x00000000,
    0x00000000,0x00000000,0xFFFFFFFF,0xFFFFFFFF,0xFFFFFFFF,0xFFFFFFFF,0xFFFFFFFF,0xFFFFCCDF,
    0xCCDFFFFF,0xFFFFFFFF,0xFFFFFFFF,0xFFFFCCDF,0xCCDFFFFF,0xFFFFFFFF,0xFFFFFFFF,0xFFFFCCDF,
    0xCCDFFFFF,0xFFFFFFFF,0xFFFFFFFF,0xFFFFFFFF,0xFFFFFFFF,0xFFFFFFFF,0x00000000,0x00000000,
    0x00000000,0x00000000,0xFFFFFFFF,0xFFFFFFFF,0xFFFFFFFF,0xFFFFFFFF,0xFFFFFFFF,0xFFFFCCDF,
    0xCCDFFFFF,0xFFFFFFFF,0xFFFFFFFF,0xFFFFCCDF,0xCCDFFFFF,0xFFFFFFFF,0xFFFFFFFF,0xFFFFCCDF,
    0xCCDFFFFF,0xFFFFFFFF,0xFFFFFFFF,0xFFFFFFFF,0xFFFFFFFF,0xFFFFFFFF,0x00000000,0x00000000,
    0x00000000,0x00000000,0xFFFFFFFF,0xFFFFFFFF,0xFFFFFFFF,0xFFFFFFFF,0xFFFFFFFF,0xFFFFCCDF,
    0xCCDFFFFF,0xFFFFFFFF,0xFFFFFFFF,0xFFFFCCDF,0xCCDFFFFF,0xFFFFFFFF,0xFFFFFFFF,0xFFFFCCDF,
    0xCCDFFFFF,0xFFFFFFFF,0xFFFFFFFF,0xFFFFFFFF,0xFFFFFFFF,0xFFFFFFFF,0x00000000,0x00000000,
    0x00000000,0x00000000,0xFFFFFFFF,0xFFFFFFFF,0xFFFFFFFF,0xFFFFFFFF,0xFFFFFFFF,0xFFFFCCDF,
    0xCCDFFFFF,0xFFFFFFFF,0xFFFFFFFF,0xFFFFCCDF,0xCCDFFFFF,0xFFFFFFFF,0xFFFFFFFF,0xFFFFCCDF,
    0xCCDFFFFF,0xFFFFFFFF,0xFFFFFFFF,0xFFFFFFFF,0xFFFFFFFF,0xFFFFFFFF,0x00000000,0x00000000,
    0x00000000,0x00000000,0xFFFFFFFF,0xFFFFFFFF,0xFFFFFFFF,0xFFFFFFFF,0xFFFFFFFF,0xFFFFCCDF,
    0xCCDFFFFF,0xFFFFFFFF,0xFFFFFFFF,0xFFFFCCDF,0xCCDFFFFF,0xFFFFFFFF,0xFFFFFFFF,0xFFFFCCDF,
    0xCCDFFFFF,0xFFFFFFFF,0xFFFFFFFF,0xFFFFFFFF,0xFFFFFFFF,0xFFFFFFFF,0x00000000,0x00000000,
    0x00000000,0x00000000,0xFFFFFFFF,0xFFFFFFFF,0xFFFFFFFF,0xFFFFFFFF,0xFFFFFFFF,0xFFFFCCDF,
    0xCCDFFFFF,0xFFFFFFFF,0xFFFFFFFF,0xFFFFCCDF,0xCCDFFFFF,0xFFFFFFFF,0xFFFFFFFF,0xFFFFCCDF,
    0xCCDFFFFF,0xFFFFFFFF,0xFFFFFFFF,0xFFFFFFFF,0xFFFFFFFF,0xFFFFFFFF,0x00000000,0x00000000,
    0x00000000,0x00000000,0xFFFAFFFF,0xFFFFFFFF,0xFFFFFFFF,0xFFFFFFFF,0xFFFFFFFF,0xFFFFCCDF,
    0xCCDFFFFF,0xFFFFFFFF,0xFFFFFFFF,0xFFFFCCDF,0xCCDFFFFF,0xFFFFFFFF,0xFFFFFFFF,0xFFFFCCDF,
    0xCCDFFFFF,0xFFFFFFFF,0xFFFFFFFF,0xFFFFFFFF,0xFFFFFFFF,0xFFFFFFFA,0x00000000,0x00000000,
    0x00000000,0x00000000,0xFFF2FFFE,0xFFFFFFFF,0xFFFFFFFF,0xFFFFFFFF,0xFFFFFFFF,0xFFFFCCDF,
    0xCCDFFFFF,0xFFFFFFFF,0xFFFFFFFF,0xFFFFCCDF,0xCCDFFFFF,0xFFFFFFFF,0xFFFFFFFF,0xFFFFCCDF,
    0xCCDFFFFF,0xFFFFFFFF,0xFFFFFFFF,0xFFFFFFFF,0xFFFFFFFF,0xFFFEFFF1,0x00000000,0x00000000,
    0x00000000,0x00000000,0x0000FFF1,0xFFFAFFFF,0xFFFFFFFF,0xFFFFFFFF,0xFFFFFFFF,0xFFFFCCDF,
    0xCCDFFFFF,0xFFFFFFFF,0xFFFFFFFF,0xFFFFCCDF,0xCCDFFFFF,0xFFFFFFFF,0xFFFFFFFF,0xFFFFCCDF,
    0xCCDFFFFF,0xFFFFFFFF,0xFFFFFFFF,0xFFFFFFFF,0xFFFFFFFA,0xFFF10000,0x00000000,0x00000000,
    0x00000000,0x00000000,0x00000000,0x00000000,0x00000000,0x00000000,0x00000000,0x00000000,
    0x00000000,0x00000000,0x00000000,0x00000000,0x00000000,0x00000000,0x00000000,0x00000000,
    0x00000000,0x00000000,0x00000000,0x00000000,0x00000000,0x00000000,0x00000000,0x00000000,
    0x00000000,0x00000000,0x00000000,0x00000000,0x00000000,0x00000000,0x00000000,0x00000000,
    0x00000000,0x00000000,0x00000000,0x00000000,0x00000000,0x00000000,0x00000000,0x00000000,
    0x00000000,0x00000000,0x00000000,0x00000000,0x00000000,0x00000000,0x00000000,0x00000000,
    0x00000000,0x00000000,0x00000000,0x00000000,0x00000000,0x00000000,0x00000000,0x00000000,
    0x00000000,0x00000000,0x00000000,0x00000000,0x00000000,0x00000000,0x00000000,0x00000000,
    0x00000000,0x00000000,0x00000000,0x00000000,0x00000000,0x00000000,0x00000000,0x00000000,
    0x00000000,0x00000000,0x00000000,0x00000000,0x00000000,0x00000000,0x00000000,0x00000000,
    0x00000000,0x00000000,0x00000000,0x00000000,0x00000000,0x00000000,0x00000000,0x00000000,
    0x00000000,0x00000000,0x00000000,0x00000000,0x00000000,0x00000000,0x00000000,0x00000000,
    0x00000000,0x00000000,0x00000000,0x00000000,0x00000000,0x00000000,0x00000000,0x00000000,
    0x00000000,0x00000000,0x00000000,0x00000000,0x00000000,0x00000000,0x00000000,0x00000000,
    0x00000000,0x00000000,0x00000000,0x00000000,0x00000000,0x00000000,0x00000000,0x00000000,
    0x00000000,0x00000000,0x00000000,0x00000000,0x00000000,0x00000000,0x00000000,0x00000000,
    0x00000000,0x00000000,0x00000000,0x00000000,0x00000000,0x00000000,0x00000000,0x00000000,
    0x00000000,0x00000000,0x00000000,0x00000000,0x00000000,0x00000000,0x00000000,0x00000000,
    0x00000000,0x00000000,0x00000000,0x00000000,0x00000000,0x00000000,0x00000000,0x00000000,
    0x00000000,0x00000000,0x00000000,0x00000000,0x00000000,0x00000000,0x00000000,0x00000000,
    0x00000000,0x00000000,0x00000000,0x00000000,0x00000000,0x00000000,0x00000000,0x00000000,
    0x00000000,0x00000000,0x00000000,0x00000000,0x00000000,0x00000000,0x00000000,0x00000000,
    0x00000000,0x00000000,0x00000000,0x00000000,0x00000000,0x00000000,0x00000000,0x00000000,
    0x00000000,0x00000000,0x00000000,0x00000000,0x00000000,0x00000000,0x00000000,0x00000000,
    0x00000000,0x00000000,0x00000000,0x00000000,0x00000000,0x00000000,0x00000000,0x00000000,
    0x00000000,0x00000000,0x00000000,0x00000000,0x00000000,0x00000000,0x00000000,0x00000000,
    0x00000000,0x00000000,0x00000000,0x00000000,0x00000000,0x00000000,0x00000000,0x00000000,
    0x00000000,0x00000000,0x00000000,0x00000000,0x00000000,0x00000000,0x00000000,0x00000000,
    0x00000000,0x00000000,0x00000000,0x00000000,0x00000000,0x00000000,0x00000000,0x00000000,
    0x00000000,0x00000000,0x00000000,0x00000000,0x00000000,0x00000000,0x00000000,0x00000000,
};
#define PROF_ICON_PIANO_SIZE 48

static const uint32_t prof_icon_snake_rgba[] = {
    0x00000000,0x00000000,0x00000000,0x00000000,0x00000000,0x00000000,0x00000000,0x00000000,
    0x00000000,0x00000000,0x00000000,0x00000000,0x00000000,0x00000000,0x00000000,0x00000000,
    0x00000000,0x00000000,0x00000000,0x00000000,0x00000000,0x00000000,0x00000000,0x00000000,
    0x00000000,0x00000000,0x00000000,0x00000000,0x00000000,0x00000000,0x00000000,0x00000000,
    0x00000000,0x00000000,0x00000000,0x00000000,0x00000000,0x00000000,0x00000000,0x00000000,
    0x00000000,0x00000000,0x00000000,0x00000000,0x00000000,0x00000000,0x00000000,0x00000000,
    0x00000000,0x00000000,0x00000000,0x00000000,0x00000000,0x00000000,0x00000000,0x00000000,
    0x00000000,0x00000000,0x00000000,0x00000000,0x00000000,0x00000000,0x00000000,0x00000000,
    0x00000000,0x00000000,0x00000000,0x00000000,0x00000000,0x00000000,0x00000000,0x00000000,
    0x00000000,0x00000000,0x00000000,0x00000000,0x00000000,0x00000000,0x00000000,0x00000000,
    0x00000000,0x00000000,0x00000000,0x00000000,0x00000000,0x00000000,0x00000000,0x00000000,
    0x00000000,0x00000000,0x00000000,0x00000000,0x00000000,0x00000000,0x00000000,0x00000000,
    0x00000000,0x00000000,0x00000000,0x04400436,0x043C043F,0x043F043F,0x043F043F,0x043F043F,
    0x043F043F,0x043F043F,0x043F043F,0x043F043F,0x043F043F,0x043F043F,0x043F043F,0x043F043F,
    0x043F043F,0x043F043F,0x043F043F,0x043F043C,0x04360440,0x00000000,0x00000000,0x00000000,
    0x00000000,0x00000000,0x00000431,0x043D043F,0x043F043F,0x043F043F,0x043F043F,0x043F043F,
    0x043F043F,0x043F043F,0x043F043F,0x043F043F,0x043F043F,0x043F043F,0x043F043F,0x043F043F,
    0x043F043F,0x043F043F,0x043F043F,0x043F043F,0x043F043C,0x04310000,0x00000000,0x00000000,
    0x00000000,0x00000000,0x0440043D,0x043F043F,0x043F043F,0x043F043F,0x043F043F,0x043F043F,
    0x043F043F,0x043F043F,0x043F043F,0x043F043F,0x043F043F,0x043F043F,0x043F043F,0x043F043F,
    0x043F043F,0x043F043F,0x043F043F,0x043F043F,0x043F043F,0x043C0440,0x00000000,0x00000000,
    0x00000000,0x00000000,0x0436043F,0x043F043F,0x043F043F,0x043F043F,0x043F043F,0x043F043F,
    0x043F043F,0x043F043F,0x043F043F,0x043F043F,0x043F043F,0x043F043F,0x043F043F,0x043F043F,
    0x043F043F,0x043F043F,0x043F043F,0x043F043F,0x043F043F,0x043F0436,0x00000000,0x00000000,
    0x00000000,0x00000000,0x043C043F,0x043F043F,0x043F043F,0x043F043F,0x043F043F,0x043F043F,
    0x043F043F,0x043F043F,0x043F043F,0x043F043F,0x043F043F,0x043F043F,0x043F043F,0x043F043F,
    0x043F043F,0x043F043F,0x043F043F,0x043F043F,0x043F043F,0x043F043C,0x00000000,0x00000000,
    0x00000000,0x00000000,0x043F043F,0x043F043F,0x043F043F,0x043F043F,0x043F043F,0x043F043F,
    0x043F043F,0x043F043F,0x043F043F,0x043F043F,0x043F043F,0x043F043F,0x043F043F,0x043F043F,
    0x043F043F,0x043F043F,0x043F043F,0x043F043F,0x043F043F,0x043F043F,0x00000000,0x00000000,
    0x00000000,0x00000000,0x043F043F,0x043F043F,0x043F043F,0x175F4C7F,0x4D8F4D8F,0x4D8F4C7F,
    0x174F043F,0x175F4C7F,0x4D8F4D8F,0x4D8F4C7F,0x174F043F,0x175F4C7F,0x4D8F4D8F,0x4D8F4C7F,
    0x174F043F,0x043F043F,0x043F043F,0x043F043F,0x043F043F,0x043F043F,0x00000000,0x00000000,
    0x00000000,0x00000000,0x043F043F,0x043F043F,0x043F043F,0x4C7F4D8F,0x4D8F4D8F,0x4D8F4D8F,
    0x4C7F043F,0x4C7F4D8F,0x4D8F4D8F,0x4D8F4D8F,0x4C7F043F,0x4C7F4D8F,0x4D8F4D8F,0x4D8F4D8F,
    0x4C7F043F,0x043F043F,0x043F043F,0x043F043F,0x043F043F,0x043F043F,0x00000000,0x00000000,
    0x00000000,0x00000000,0x043F043F,0x043F043F,0x043F043F,0x4D8F4D8F,0x295F053F,0x295F4D8F,
    0x4D8F043F,0x4D8F4D8F,0x4D8F4D8F,0x4D8F4D8F,0x4D8F043F,0x4D8F4D8F,0x4D8F4D8F,0x4D8F4D8F,
    0x4D8F043F,0x043F043F,0x043F043F,0x043F043F,0x043F043F,0x043F043F,0x00000000,0x00000000,
    0x00000000,0x00000000,0x043F043F,0x043F043F,0x043F043F,0x4D8F4D8F,0x053F043F,0x053F4D8F,
    0x4D8F043F,0x4D8F4D8F,0x4D8F4D8F,0x4D8F4D8F,0x4D8F043F,0x4D8F4D8F,0x4D8F4D8F,0x4D8F4D8F,
    0x4D8F043F,0x043F043F,0x043F043F,0x043F043F,0x043F043F,0x043F043F,0x00000000,0x00000000,
    0x00000000,0x00000000,0x043F043F,0x043F043F,0x043F043F,0x4D8F4D8F,0x295F053F,0x295F4D8F,
    0x4D8F043F,0x4D8F4D8F,0x4D8F4D8F,0x4D8F4D8F,0x4D8F043F,0x4D8F4D8F,0x4D8F4D8F,0x4D8F4D8F,
    0x4D8F043F,0x043F043F,0x043F043F,0x043F043F,0x043F043F,0x043F043F,0x00000000,0x00000000,
    0x00000000,0x00000000,0x043F043F,0x043F043F,0x043F043F,0x4C7F4D8F,0x4D8F4D8F,0x4D8F4D8F,
    0x4C7F043F,0x4C7F4D8F,0x4D8F4D8F,0x4D8F4D8F,0x4C7F043F,0x4C7F4D8F,0x4D8F4D8F,0x4D8F4D8F,
    0x4C7F043F,0x043F043F,0x043F043F,0x043F043F,0x043F043F,0x043F043F,0x00000000,0x00000000,
    0x00000000,0x00000000,0x043F043F,0x043F043F,0x043F043F,0x174F4C7F,0x4D8F4D8F,0x4D8F4C7F,
    0x174F043F,0x174F4C7F,0x4D8F4D8F,0x4D8F4C7F,0x174F043F,0x174F4C7F,0x4D8F4D8F,0x4D8F4C7F,
    0x174F043F,0x043F043F,0x043F043F,0x043F043F,0x043F043F,0x043F043F,0x00000000,0x00000000,
    0x00000000,0x00000000,0x043F043F,0x043F043F,0x043F043F,0x043F043F,0x043F043F,0x043F043F,
    0x043F043F,0x043F043F,0x043F043F,0x043F043F,0x043F043F,0x043F043F,0x043F043F,0x043F043F,
    0x043F043F,0x043F043F,0x043F043F,0x043F043F,0x043F043F,0x043F043F,0x00000000,0x00000000,
    0x00000000,0x00000000,0x043F043F,0x043F043F,0x043F043F,0x043F043F,0x043F043F,0x043F043F,
    0x043F043F,0x043F043F,0x043F043F,0x043F043F,0x043F043F,0x175F4C7F,0x4D8F4D8F,0x4D8F4C7F,
    0x174F043F,0x043F043F,0x043F043F,0x043F043F,0x043F043F,0x043F043F,0x00000000,0x00000000,
    0x00000000,0x00000000,0x043F043F,0x043F043F,0x043F043F,0x043F043F,0x043F043F,0x043F043F,
    0x043F043F,0x043F043F,0x043F043F,0x043F043F,0x043F043F,0x4C7F4D8F,0x4D8F4D8F,0x4D8F4D8F,
    0x4C7F043F,0x043F043F,0x043F043F,0x043F043F,0x043F043F,0x043F043F,0x00000000,0x00000000,
    0x00000000,0x00000000,0x043F043F,0x043F043F,0x043F043F,0x043F043F,0x043F043F,0x043F043F,
    0x043F043F,0x043F043F,0x043F043F,0x043F043F,0x043F043F,0x4D8F4D8F,0x4D8F4D8F,0x4D8F4D8F,
    0x4D8F043F,0x043F043F,0x043F043F,0x043F043F,0x043F043F,0x043F043F,0x00000000,0x00000000,
    0x00000000,0x00000000,0x043F043F,0x043F043F,0x043F043F,0x043F043F,0x043F043F,0x043F043F,
    0x043F043F,0x043F043F,0x043F043F,0x043F043F,0x043F043F,0x4D8F4D8F,0x4D8F4D8F,0x4D8F4D8F,
    0x4D8F043F,0x043F043F,0x043F043F,0x043F043F,0x043F043F,0x043F043F,0x00000000,0x00000000,
    0x00000000,0x00000000,0x043F043F,0x043F043F,0x043F043F,0x043F043F,0x043F043F,0x043F043F,
    0x043F043F,0x043F043F,0x043F043F,0x043F043F,0x043F043F,0x4D8F4D8F,0x4D8F4D8F,0x4D8F4D8F,
    0x4D8F043F,0x043F043F,0x043F043F,0x043F043F,0x043F043F,0x043F043F,0x00000000,0x00000000,
    0x00000000,0x00000000,0x043F043F,0x043F043F,0x043F043F,0x043F043F,0x043F043F,0x043F043F,
    0x043F043F,0x043F043F,0x043F043F,0x043F043F,0x043F043F,0x4C7F4D8F,0x4D8F4D8F,0x4D8F4D8F,
    0x4C7F043F,0x043F043F,0x043F043F,0x043F043F,0x043F043F,0x043F043F,0x00000000,0x00000000,
    0x00000000,0x00000000,0x043F043F,0x043F043F,0x043F043F,0x043F043F,0x043F043F,0x043F043F,
    0x043F043F,0x043F043F,0x043F043F,0x043F043F,0x043F043F,0x174F4C7F,0x4D8F4D8F,0x4D8F4C7F,
    0x174F043F,0x043F043F,0x043F043F,0x043F043F,0x043F043F,0x043F043F,0x00000000,0x00000000,
    0x00000000,0x00000000,0x043F043F,0x043F043F,0x043F043F,0x043F043F,0x043F043F,0x043F043F,
    0x043F043F,0x043F043F,0x043F043F,0x043F043F,0x043F043F,0x043F043F,0x043F043F,0x043F043F,
    0x043F043F,0x043F043F,0x043F043F,0x043F043F,0x043F043F,0x043F043F,0x00000000,0x00000000,
    0x00000000,0x00000000,0x043F043F,0x043F043F,0x043F043F,0x043F043F,0x043F043F,0x043F043F,
    0x043F043F,0x175F4C7F,0x4D8F4D8F,0x4D8F4C7F,0x174F043F,0x175F4C7F,0x4D8F4D8F,0x4D8F4C7F,
    0x174F043F,0x043F043F,0x043F043F,0x043F043F,0x043F043F,0x043F043F,0x00000000,0x00000000,
    0x00000000,0x00000000,0x043F043F,0x043F043F,0x043F043F,0x043F043F,0x043F043F,0x043F043F,
    0x043F043F,0x4C7F4D8F,0x4D8F4D8F,0x4D8F4D8F,0x4C7F043F,0x4C7F4D8F,0x4D8F6C7F,0x8B7F8B7F,
    0x5C7F043F,0x043F043F,0x043F043F,0x043F043F,0x043F043F,0x043F043F,0x00000000,0x00000000,
    0x00000000,0x00000000,0x043F043F,0x043F043F,0x043F043F,0x043F043F,0x043F043F,0x043F043F,
    0x043F043F,0x4D8F4D8F,0x4D8F4D8F,0x4D8F4D8F,0x4D8F043F,0x4D8F4D8F,0x8B7FF77F,0xF77FF77F,
    0xF77F655F,0x043F043F,0x043F043F,0x043F043F,0x043F043F,0x043F043F,0x00000000,0x00000000,
    0x00000000,0x00000000,0x043F043F,0x043F043F,0x043F043F,0x043F043F,0x043F043F,0x043F043F,
    0x043F043F,0x4D8F4D8F,0x4D8F4D8F,0x4D8F4D8F,0x4D8F043F,0x4D8F6C7F,0xF77FF77F,0xF77FF77F,
    0xF77FF66F,0x254F043F,0x043F043F,0x043F043F,0x043F043F,0x043F043F,0x00000000,0x00000000,
    0x00000000,0x00000000,0x043F043F,0x043F043F,0x043F043F,0x043F043F,0x043F043F,0x043F043F,
    0x043F043F,0x4D8F4D8F,0x4D8F4D8F,0x4D8F4D8F,0x4D8F043F,0x4D8F9B7F,0xF77FF77F,0xF77FF77F,
    0xF77FF77F,0x655F043F,0x043F043F,0x043F043F,0x043F043F,0x043F043F,0x00000000,0x00000000,
    0x00000000,0x00000000,0x043F043F,0x043F043F,0x043F043F,0x043F043F,0x043F043F,0x043F043F,
    0x043F043F,0x4C7F4D8F,0x4D8F4D8F,0x4D8F4D8F,0x4C7F043F,0x4C7F8B7F,0xF77FF77F,0xF77FF77F,
    0xF77FF77F,0x655F043F,0x043F043F,0x043F043F,0x043F043F,0x043F043F,0x00000000,0x00000000,
    0x00000000,0x00000000,0x043F043F,0x043F043F,0x043F043F,0x043F043F,0x043F043F,0x043F043F,
    0x043F043F,0x174F4C7F,0x4D8F4D8F,0x4D8F4C7F,0x174F043F,0x174F5C7F,0xF77FF77F,0xF77FF77F,
    0xF77FF66F,0x254F043F,0x043F043F,0x043F043F,0x043F043F,0x043F043F,0x00000000,0x00000000,
    0x00000000,0x00000000,0x043F043F,0x043F043F,0x043F043F,0x043F043F,0x043F043F,0x043F043F,
    0x043F043F,0x043F043F,0x043F043F,0x043F043F,0x043F043F,0x043F043F,0x655FF66F,0xF77FF77F,
    0xF66F654F,0x043F043F,0x043F043F,0x043F043F,0x043F043F,0x043F043F,0x00000000,0x00000000,
    0x00000000,0x00000000,0x043F043F,0x043F043F,0x043F043F,0x043F043F,0x043F043F,0x043F043F,
    0x043F043F,0x043F043F,0x043F043F,0x043F043F,0x043F043F,0x043F043F,0x043F254F,0x655F655F,
    0x254F043F,0x043F043F,0x043F043F,0x043F043F,0x043F043F,0x043F043F,0x00000000,0x00000000,
    0x00000000,0x00000000,0x043F043F,0x043F043F,0x043F043F,0x043F043F,0x043F043F,0x043F043F,
    0x043F043F,0x043F043F,0x043F043F,0x043F043F,0x043F043F,0x043F043F,0x043F043F,0x043F043F,
    0x043F043F,0x043F043F,0x043F043F,0x043F043F,0x043F043F,0x043F043F,0x00000000,0x00000000,
    0x00000000,0x00000000,0x043F043F,0x043F043F,0x043F043F,0x043F043F,0x043F043F,0x043F043F,
    0x043F043F,0x043F043F,0x043F043F,0x043F043F,0x043F043F,0x043F043F,0x043F043F,0x043F043F,
    0x043F043F,0x043F043F,0x043F043F,0x043F043F,0x043F043F,0x043F043F,0x00000000,0x00000000,
    0x00000000,0x00000000,0x043F043F,0x043F043F,0x043F043F,0x043F043F,0x043F043F,0x043F043F,
    0x043F043F,0x043F043F,0x043F043F,0x043F043F,0x043F043F,0x043F043F,0x043F043F,0x043F043F,
    0x043F043F,0x043F043F,0x043F043F,0x043F043F,0x043F043F,0x043F043F,0x00000000,0x00000000,
    0x00000000,0x00000000,0x043F043F,0x043F043F,0x043F043F,0x043F043F,0x043F043F,0x043F043F,
    0x043F043F,0x043F043F,0x043F043F,0x043F043F,0x043F043F,0x043F043F,0x043F043F,0x043F043F,
    0x043F043F,0x043F043F,0x043F043F,0x043F043F,0x043F043F,0x043F043F,0x00000000,0x00000000,
    0x00000000,0x00000000,0x043C043F,0x043F043F,0x043F043F,0x043F043F,0x043F043F,0x043F043F,
    0x043F043F,0x043F043F,0x043F043F,0x043F043F,0x043F043F,0x043F043F,0x043F043F,0x043F043F,
    0x043F043F,0x043F043F,0x043F043F,0x043F043F,0x043F043F,0x043F043C,0x00000000,0x00000000,
    0x00000000,0x00000000,0x0436043F,0x043F043F,0x043F043F,0x043F043F,0x043F043F,0x043F043F,
    0x043F043F,0x043F043F,0x043F043F,0x043F043F,0x043F043F,0x043F043F,0x043F043F,0x043F043F,
    0x043F043F,0x043F043F,0x043F043F,0x043F043F,0x043F043F,0x043F0436,0x00000000,0x00000000,
    0x00000000,0x00000000,0x0440043C,0x043F043F,0x043F043F,0x043F043F,0x043F043F,0x043F043F,
    0x043F043F,0x043F043F,0x043F043F,0x043F043F,0x043F043F,0x043F043F,0x043F043F,0x043F043F,
    0x043F043F,0x043F043F,0x043F043F,0x043F043F,0x043F043F,0x043C0520,0x00000000,0x00000000,
    0x00000000,0x00000000,0x00000431,0x043C043F,0x043F043F,0x043F043F,0x043F043F,0x043F043F,
    0x043F043F,0x043F043F,0x043F043F,0x043F043F,0x043F043F,0x043F043F,0x043F043F,0x043F043F,
    0x043F043F,0x043F043F,0x043F043F,0x043F043F,0x043F043C,0x04310000,0x00000000,0x00000000,
    0x00000000,0x00000000,0x00000000,0x05200436,0x043C043F,0x043F043F,0x043F043F,0x043F043F,
    0x043F043F,0x043F043F,0x043F043F,0x043F043F,0x043F043F,0x043F043F,0x043F043F,0x043F043F,
    0x043F043F,0x043F043F,0x043F043F,0x043F043C,0x04360520,0x00000000,0x00000000,0x00000000,
    0x00000000,0x00000000,0x00000000,0x00000000,0x00000000,0x00000000,0x00000000,0x00000000,
    0x00000000,0x00000000,0x00000000,0x00000000,0x00000000,0x00000000,0x00000000,0x00000000,
    0x00000000,0x00000000,0x00000000,0x00000000,0x00000000,0x00000000,0x00000000,0x00000000,
    0x00000000,0x00000000,0x00000000,0x00000000,0x00000000,0x00000000,0x00000000,0x00000000,
    0x00000000,0x00000000,0x00000000,0x00000000,0x00000000,0x00000000,0x00000000,0x00000000,
    0x00000000,0x00000000,0x00000000,0x00000000,0x00000000,0x00000000,0x00000000,0x00000000,
    0x00000000,0x00000000,0x00000000,0x00000000,0x00000000,0x00000000,0x00000000,0x00000000,
    0x00000000,0x00000000,0x00000000,0x00000000,0x00000000,0x00000000,0x00000000,0x00000000,
    0x00000000,0x00000000,0x00000000,0x00000000,0x00000000,0x00000000,0x00000000,0x00000000,
    0x00000000,0x00000000,0x00000000,0x00000000,0x00000000,0x00000000,0x00000000,0x00000000,
    0x00000000,0x00000000,0x00000000,0x00000000,0x00000000,0x00000000,0x00000000,0x00000000,
    0x00000000,0x00000000,0x00000000,0x00000000,0x00000000,0x00000000,0x00000000,0x00000000,
};
#define PROF_ICON_SNAKE_SIZE 48

static const uint32_t prof_icon_mines_rgba[] = {
    0x00000000,0x00000000,0x00000000,0x00000000,0x00000000,0x00000000,0x00000000,0x00000000,
    0x00000000,0x00000000,0x00000000,0x00000000,0x00000000,0x00000000,0x00000000,0x00000000,
    0x00000000,0x00000000,0x00000000,0x00000000,0x00000000,0x00000000,0x00000000,0x00000000,
    0x00000000,0x00000000,0x00000000,0x00000000,0x00000000,0x00000000,0x00000000,0x00000000,
    0x00000000,0x00000000,0x00000000,0x00000000,0x00000000,0x00000000,0x00000000,0x00000000,
    0x00000000,0x00000000,0x00000000,0x00000000,0x00000000,0x00000000,0x00000000,0x00000000,
    0x00000000,0x00000000,0x00000000,0x00000000,0x00000000,0x00000000,0x00000000,0x00000000,
    0x00000000,0x00000000,0x00000000,0x00000000,0x00000000,0x00000000,0x00000000,0x00000000,
    0x00000000,0x00000000,0x00000000,0x00000000,0x00000000,0x00000000,0x00000000,0x00000000,
    0x00000000,0x00000000,0x00000000,0x00000000,0x00000000,0x00000000,0x00000000,0x00000000,
    0x00000000,0x00000000,0x00000000,0x00000000,0x00000000,0x00000000,0x00000000,0x00000000,
    0x00000000,0x00000000,0x00000000,0x00000000,0x00000000,0x00000000,0x00000000,0x00000000,
    0x00000000,0x00000000,0x00000000,0x24403456,0x345C345F,0x345F345F,0x345F345F,0x345F345F,
    0x345F345F,0x345F345F,0x345F345F,0x345F345F,0x345F345F,0x345F345F,0x345F345F,0x345F345F,
    0x345F345F,0x345F345F,0x345F345F,0x345F345C,0x34562440,0x00000000,0x00000000,0x00000000,
    0x00000000,0x00000000,0x00002451,0x345D345F,0x345F345F,0x345F345F,0x345F345F,0x345F345F,
    0x345F345F,0x345F345F,0x345F345F,0x345F345F,0x345F345F,0x345F345F,0x345F345F,0x345F345F,
    0x345F345F,0x345F345F,0x345F345F,0x345F345F,0x345F345C,0x24510000,0x00000000,0x00000000,
    0x00000000,0x00000000,0x2440345D,0x345F345F,0x345F345F,0x345F345F,0x345F345F,0x345F345F,
    0x345F345F,0x345F345F,0x345F345F,0x345F345F,0x345F345F,0x345F345F,0x345F345F,0x345F345F,
    0x345F345F,0x345F345F,0x345F345F,0x345F345F,0x345F345F,0x345C2440,0x00000000,0x00000000,
    0x00000000,0x00000000,0x3456345F,0x345F345F,0x345F345F,0x345F345F,0x345F345F,0x345F345F,
    0x345F345F,0x345F345F,0x345F345F,0x345F345F,0x345F345F,0x345F345F,0x345F345F,0x345F345F,
    0x345F345F,0x345F345F,0x345F345F,0x345F345F,0x345F345F,0x345F3456,0x00000000,0x00000000,
    0x00000000,0x00000000,0x345C345F,0x345F345F,0x345F345F,0x345F345F,0x345F345F,0x345F345F,
    0x345F345F,0x345F345F,0x345F345F,0x223F012F,0x012F223F,0x345F345F,0x345F345F,0x345F345F,
    0x345F345F,0x345F345F,0x345F345F,0x345F345F,0x345F345F,0x345F345C,0x00000000,0x00000000,
    0x00000000,0x00000000,0x345F345F,0x345F345F,0x345F345F,0x345F345F,0x345F345F,0x345F345F,
    0x345F345F,0x345F345F,0x345F345F,0x223F012F,0x012F223F,0x345F345F,0x345F345F,0x345F345F,
    0x345F345F,0x345F345F,0x345F345F,0x345F345F,0x345F345F,0x345F345F,0x00000000,0x00000000,
    0x00000000,0x00000000,0x345F345F,0x345F345F,0x345F345F,0x345F345F,0x345F345F,0x345F345F,
    0x345F345F,0x345F345F,0x345F345F,0x223F012F,0x012F223F,0x345F345F,0x345F345F,0x345F345F,
    0x345F345F,0x345F345F,0x345F345F,0x345F345F,0x345F345F,0x345F345F,0x00000000,0x00000000,
    0x00000000,0x00000000,0x345F345F,0x345F345F,0x345F345F,0x345F345F,0x224F234F,0x345F345F,
    0x345F345F,0x345F345F,0x345F345F,0x223F012F,0x012F223F,0x345F345F,0x345F345F,0x345F345F,
    0x345F345F,0x234F224F,0x345F345F,0x345F345F,0x345F345F,0x345F345F,0x00000000,0x00000000,
    0x00000000,0x00000000,0x345F345F,0x345F345F,0x345F345F,0x345F224F,0x012F112F,0x234F345F,
    0x345F345F,0x345F345F,0x345F345F,0x223F012F,0x012F223F,0x345F345F,0x345F345F,0x345F345F,
    0x345F234F,0x112F012F,0x224F345F,0x345F345F,0x345F345F,0x345F345F,0x00000000,0x00000000,
    0x00000000,0x00000000,0x345F345F,0x345F345F,0x345F345F,0x345F234F,0x112F012F,0x112F234F,
    0x345F345F,0x345F345F,0x345F345F,0x223F012F,0x012F223F,0x345F345F,0x345F345F,0x345F345F,
    0x234F112F,0x012F112F,0x234F345F,0x345F345F,0x345F345F,0x345F345F,0x00000000,0x00000000,
    0x00000000,0x00000000,0x345F345F,0x345F345F,0x345F345F,0x345F345F,0x234F112F,0x012F112F,
    0x234F345F,0x345F345F,0x234F123F,0x112F012F,0x012F112F,0x123F234F,0x345F345F,0x345F234F,
    0x112F012F,0x112F234F,0x345F345F,0x345F345F,0x345F345F,0x345F345F,0x00000000,0x00000000,
    0x00000000,0x00000000,0x345F345F,0x345F345F,0x345F345F,0x345F345F,0x345F234F,0x112F012F,
    0x112F234F,0x234F112F,0x012F012F,0x012F012F,0x012F012F,0x012F012F,0x113F234F,0x234F112F,
    0x012F112F,0x234F345F,0x345F345F,0x345F345F,0x345F345F,0x345F345F,0x00000000,0x00000000,
    0x00000000,0x00000000,0x345F345F,0x345F345F,0x345F345F,0x345F345F,0x345F345F,0x234F112F,
    0x012F112F,0x012F012F,0x012F012F,0x012F012F,0x012F012F,0x012F012F,0x012F012F,0x112F012F,
    0x112F234F,0x345F345F,0x345F345F,0x345F345F,0x345F345F,0x345F345F,0x00000000,0x00000000,
    0x00000000,0x00000000,0x345F345F,0x345F345F,0x345F345F,0x345F345F,0x345F345F,0x345F234F,
    0x112F012F,0x012F012F,0x012F012F,0x012F012F,0x012F012F,0x012F012F,0x012F012F,0x012F112F,
    0x234F345F,0x345F345F,0x345F345F,0x345F345F,0x345F345F,0x345F345F,0x00000000,0x00000000,
    0x00000000,0x00000000,0x345F345F,0x345F345F,0x345F345F,0x345F345F,0x345F345F,0x345F234F,
    0x012F012F,0x112F899F,0xEEEFEEEF,0x899F112F,0x012F012F,0x012F012F,0x012F012F,0x012F012F,
    0x234F345F,0x345F345F,0x345F345F,0x345F345F,0x345F345F,0x345F345F,0x00000000,0x00000000,
    0x00000000,0x00000000,0x345F345F,0x345F345F,0x345F345F,0x345F345F,0x345F345F,0x345F113F,
    0x012F012F,0x899FFFFF,0xFFFFFFFF,0xFFFF899F,0x012F012F,0x012F012F,0x012F012F,0x012F012F,
    0x113F345F,0x345F345F,0x345F345F,0x345F345F,0x345F345F,0x345F345F,0x00000000,0x00000000,
    0x00000000,0x00000000,0x345F345F,0x345F345F,0x345F345F,0x345F345F,0x345F345F,0x234F012F,
    0x012F012F,0xEEEFFFFF,0xFFFFFFFF,0xFFFFEEEF,0x012F012F,0x012F012F,0x012F012F,0x012F012F,
    0x012F234F,0x345F345F,0x345F345F,0x345F345F,0x345F345F,0x345F345F,0x00000000,0x00000000,
    0x00000000,0x00000000,0x345F345F,0x345F345F,0x345F345F,0x345F345F,0x345F345F,0x123F012F,
    0x012F012F,0xEEEFFFFF,0xFFFFFFFF,0xFFFFEEEF,0x012F012F,0x012F012F,0x012F012F,0x012F012F,
    0x012F123F,0x345F345F,0x345F345F,0x345F345F,0x345F345F,0x345F345F,0x00000000,0x00000000,
    0x00000000,0x00000000,0x345F345F,0x345F345F,0x223F223F,0x223F223F,0x223F223F,0x112F012F,
    0x012F012F,0x899FFFFF,0xFFFFFFFF,0xFFFF889F,0x012F012F,0x012F012F,0x012F012F,0x012F012F,
    0x012F112F,0x223F223F,0x223F223F,0x223F223F,0x345F345F,0x345F345F,0x00000000,0x00000000,
    0x00000000,0x00000000,0x345F345F,0x345F345F,0x012F012F,0x012F012F,0x012F012F,0x012F012F,
    0x012F012F,0x112F899F,0xEEEFEEEF,0x899F112F,0x012F012F,0x012F012F,0x012F012F,0x012F012F,
    0x012F012F,0x012F012F,0x012F012F,0x012F012F,0x345F345F,0x345F345F,0x00000000,0x00000000,
    0x00000000,0x00000000,0x345F345F,0x345F345F,0x012F012F,0x012F012F,0x012F012F,0x012F012F,
    0x012F012F,0x012F012F,0x012F012F,0x012F012F,0x012F012F,0x012F012F,0x012F012F,0x012F012F,
    0x012F012F,0x012F012F,0x012F012F,0x012F012F,0x345F345F,0x345F345F,0x00000000,0x00000000,
    0x00000000,0x00000000,0x345F345F,0x345F345F,0x223F223F,0x223F223F,0x223F223F,0x112F012F,
    0x012F012F,0x012F012F,0x012F012F,0x012F012F,0x012F012F,0x012F012F,0x012F012F,0x012F012F,
    0x012F112F,0x223F223F,0x223F223F,0x223F223F,0x345F345F,0x345F345F,0x00000000,0x00000000,
    0x00000000,0x00000000,0x345F345F,0x345F345F,0x345F345F,0x345F345F,0x345F345F,0x123F012F,
    0x012F012F,0x012F012F,0x012F012F,0x012F012F,0x012F012F,0x012F012F,0x012F012F,0x012F012F,
    0x012F123F,0x345F345F,0x345F345F,0x345F345F,0x345F345F,0x345F345F,0x00000000,0x00000000,
    0x00000000,0x00000000,0x345F345F,0x345F345F,0x345F345F,0x345F345F,0x345F345F,0x234F012F,
    0x012F012F,0x012F012F,0x012F012F,0x012F012F,0x012F012F,0x012F012F,0x012F012F,0x012F012F,
    0x012F234F,0x345F345F,0x345F345F,0x345F345F,0x345F345F,0x345F345F,0x00000000,0x00000000,
    0x00000000,0x00000000,0x345F345F,0x345F345F,0x345F345F,0x345F345F,0x345F345F,0x345F113F,
    0x012F012F,0x012F012F,0x012F012F,0x012F012F,0x012F012F,0x012F012F,0x012F012F,0x012F012F,
    0x112F345F,0x345F345F,0x345F345F,0x345F345F,0x345F345F,0x345F345F,0x00000000,0x00000000,
    0x00000000,0x00000000,0x345F345F,0x345F345F,0x345F345F,0x345F345F,0x345F345F,0x345F234F,
    0x012F012F,0x012F012F,0x012F012F,0x012F012F,0x012F012F,0x012F012F,0x012F012F,0x012F012F,
    0x234F345F,0x345F345F,0x345F345F,0x345F345F,0x345F345F,0x345F345F,0x00000000,0x00000000,
    0x00000000,0x00000000,0x345F345F,0x345F345F,0x345F345F,0x345F345F,0x345F345F,0x345F234F,
    0x112F012F,0x012F012F,0x012F012F,0x012F012F,0x012F012F,0x012F012F,0x012F012F,0x012F112F,
    0x234F345F,0x345F345F,0x345F345F,0x345F345F,0x345F345F,0x345F345F,0x00000000,0x00000000,
    0x00000000,0x00000000,0x345F345F,0x345F345F,0x345F345F,0x345F345F,0x345F345F,0x234F112F,
    0x012F112F,0x012F012F,0x012F012F,0x012F012F,0x012F012F,0x012F012F,0x012F012F,0x112F012F,
    0x112F234F,0x345F345F,0x345F345F,0x345F345F,0x345F345F,0x345F345F,0x00000000,0x00000000,
    0x00000000,0x00000000,0x345F345F,0x345F345F,0x345F345F,0x345F345F,0x345F234F,0x112F012F,
    0x112F234F,0x234F113F,0x012F012F,0x012F012F,0x012F012F,0x012F012F,0x113F234F,0x234F112F,
    0x012F112F,0x234F345F,0x345F345F,0x345F345F,0x345F345F,0x345F345F,0x00000000,0x00000000,
    0x00000000,0x00000000,0x345F345F,0x345F345F,0x345F345F,0x345F345F,0x234F112F,0x012F112F,
    0x234F345F,0x345F345F,0x234F123F,0x112F012F,0x012F112F,0x123F234F,0x345F345F,0x345F234F,
    0x112F012F,0x112F234F,0x345F345F,0x345F345F,0x345F345F,0x345F345F,0x00000000,0x00000000,
    0x00000000,0x00000000,0x345F345F,0x345F345F,0x345F345F,0x345F234F,0x112F012F,0x112F234F,
    0x345F345F,0x345F345F,0x345F345F,0x223F012F,0x012F223F,0x345F345F,0x345F345F,0x345F345F,
    0x234F112F,0x012F112F,0x234F345F,0x345F345F,0x345F345F,0x345F345F,0x00000000,0x00000000,
    0x00000000,0x00000000,0x345F345F,0x345F345F,0x345F345F,0x345F224F,0x012F112F,0x234F345F,
    0x345F345F,0x345F345F,0x345F345F,0x223F012F,0x012F223F,0x345F345F,0x345F345F,0x345F345F,
    0x345F234F,0x112F012F,0x224F345F,0x345F345F,0x345F345F,0x345F345F,0x00000000,0x00000000,
    0x00000000,0x00000000,0x345F345F,0x345F345F,0x345F345F,0x345F345F,0x224F234F,0x345F345F,
    0x345F345F,0x345F345F,0x345F345F,0x223F012F,0x012F223F,0x345F345F,0x345F345F,0x345F345F,
    0x345F345F,0x234F224F,0x345F345F,0x345F345F,0x345F345F,0x345F345F,0x00000000,0x00000000,
    0x00000000,0x00000000,0x345F345F,0x345F345F,0x345F345F,0x345F345F,0x345F345F,0x345F345F,
    0x345F345F,0x345F345F,0x345F345F,0x223F012F,0x012F223F,0x345F345F,0x345F345F,0x345F345F,
    0x345F345F,0x345F345F,0x345F345F,0x345F345F,0x345F345F,0x345F345F,0x00000000,0x00000000,
    0x00000000,0x00000000,0x345F345F,0x345F345F,0x345F345F,0x345F345F,0x345F345F,0x345F345F,
    0x345F345F,0x345F345F,0x345F345F,0x223F012F,0x012F223F,0x345F345F,0x345F345F,0x345F345F,
    0x345F345F,0x345F345F,0x345F345F,0x345F345F,0x345F345F,0x345F345F,0x00000000,0x00000000,
    0x00000000,0x00000000,0x345C345F,0x345F345F,0x345F345F,0x345F345F,0x345F345F,0x345F345F,
    0x345F345F,0x345F345F,0x345F345F,0x223F012F,0x012F223F,0x345F345F,0x345F345F,0x345F345F,
    0x345F345F,0x345F345F,0x345F345F,0x345F345F,0x345F345F,0x345F345C,0x00000000,0x00000000,
    0x00000000,0x00000000,0x3456345F,0x345F345F,0x345F345F,0x345F345F,0x345F345F,0x345F345F,
    0x345F345F,0x345F345F,0x345F345F,0x345F345F,0x345F345F,0x345F345F,0x345F345F,0x345F345F,
    0x345F345F,0x345F345F,0x345F345F,0x345F345F,0x345F345F,0x345F3456,0x00000000,0x00000000,
    0x00000000,0x00000000,0x2440345C,0x345F345F,0x345F345F,0x345F345F,0x345F345F,0x345F345F,
    0x345F345F,0x345F345F,0x345F345F,0x345F345F,0x345F345F,0x345F345F,0x345F345F,0x345F345F,
    0x345F345F,0x345F345F,0x345F345F,0x345F345F,0x345F345F,0x345C2550,0x00000000,0x00000000,
    0x00000000,0x00000000,0x00002451,0x345C345F,0x345F345F,0x345F345F,0x345F345F,0x345F345F,
    0x345F345F,0x345F345F,0x345F345F,0x345F345F,0x345F345F,0x345F345F,0x345F345F,0x345F345F,
    0x345F345F,0x345F345F,0x345F345F,0x345F345F,0x345F345C,0x24510000,0x00000000,0x00000000,
    0x00000000,0x00000000,0x00000000,0x25503456,0x345C345F,0x345F345F,0x345F345F,0x345F345F,
    0x345F345F,0x345F345F,0x345F345F,0x345F345F,0x345F345F,0x345F345F,0x345F345F,0x345F345F,
    0x345F345F,0x345F345F,0x345F345F,0x345F345C,0x34562550,0x00000000,0x00000000,0x00000000,
    0x00000000,0x00000000,0x00000000,0x00000000,0x00000000,0x00000000,0x00000000,0x00000000,
    0x00000000,0x00000000,0x00000000,0x00000000,0x00000000,0x00000000,0x00000000,0x00000000,
    0x00000000,0x00000000,0x00000000,0x00000000,0x00000000,0x00000000,0x00000000,0x00000000,
    0x00000000,0x00000000,0x00000000,0x00000000,0x00000000,0x00000000,0x00000000,0x00000000,
    0x00000000,0x00000000,0x00000000,0x00000000,0x00000000,0x00000000,0x00000000,0x00000000,
    0x00000000,0x00000000,0x00000000,0x00000000,0x00000000,0x00000000,0x00000000,0x00000000,
    0x00000000,0x00000000,0x00000000,0x00000000,0x00000000,0x00000000,0x00000000,0x00000000,
    0x00000000,0x00000000,0x00000000,0x00000000,0x00000000,0x00000000,0x00000000,0x00000000,
    0x00000000,0x00000000,0x00000000,0x00000000,0x00000000,0x00000000,0x00000000,0x00000000,
    0x00000000,0x00000000,0x00000000,0x00000000,0x00000000,0x00000000,0x00000000,0x00000000,
    0x00000000,0x00000000,0x00000000,0x00000000,0x00000000,0x00000000,0x00000000,0x00000000,
    0x00000000,0x00000000,0x00000000,0x00000000,0x00000000,0x00000000,0x00000000,0x00000000,
};
#define PROF_ICON_MINES_SIZE 48

static const uint32_t prof_icon_tetris_rgba[] = {
    0x00000000,0x00000000,0x00000000,0x00000000,0x00000000,0x00000000,0x00000000,0x00000000,
    0x00000000,0x00000000,0x00000000,0x00000000,0x00000000,0x00000000,0x00000000,0x00000000,
    0x00000000,0x00000000,0x00000000,0x00000000,0x00000000,0x00000000,0x00000000,0x00000000,
    0x00000000,0x00000000,0x00000000,0x00000000,0x00000000,0x00000000,0x00000000,0x00000000,
    0x00000000,0x00000000,0x00000000,0x00000000,0x00000000,0x00000000,0x00000000,0x00000000,
    0x00000000,0x00000000,0x00000000,0x00000000,0x00000000,0x00000000,0x00000000,0x00000000,
    0x00000000,0x00000000,0x00000000,0x00000000,0x00000000,0x00000000,0x00000000,0x00000000,
    0x00000000,0x00000000,0x00000000,0x00000000,0x00000000,0x00000000,0x00000000,0x00000000,
    0x00000000,0x00000000,0x00000000,0x00000000,0x00000000,0x00000000,0x00000000,0x00000000,
    0x00000000,0x00000000,0x00000000,0x00000000,0x00000000,0x00000000,0x00000000,0x00000000,
    0x00000000,0x00000000,0x00000000,0x00000000,0x00000000,0x00000000,0x00000000,0x00000000,
    0x00000000,0x00000000,0x00000000,0x00000000,0x00000000,0x00000000,0x00000000,0x00000000,
    0x00000000,0x00000000,0x00000000,0x00000000,0x00000000,0x00000000,0x00000000,0x00000000,
    0x00000000,0x00000000,0x00000000,0x00000000,0x00000000,0x00000000,0x00000000,0x00000000,
    0x00000000,0x00000000,0x00000000,0x00000000,0x00000000,0x00000000,0x00000000,0x00000000,
    0x00000000,0x00000000,0x00000000,0x00000000,0x00000000,0x00000000,0x00000000,0x00000000,
    0x00000000,0x00000000,0x00000000,0x00000000,0x00000000,0x00000000,0x00000000,0x00000000,
    0x00000000,0x00000000,0x00000000,0x00000000,0x00000000,0x00000000,0x00000000,0x00000000,
    0x00000000,0x00000000,0x00000000,0x3BF43BFE,0x3BFF3BFF,0x3BFF3BFF,0x3BFF3BFF,0x3BFE3BF4,
    0x00000000,0x3BF43BFE,0x3BFF3BFF,0x3BFF3BFF,0x3BFF3BFF,0x3BFE3BF4,0x00000000,0x3BF43BFE,
    0x3BFF3BFF,0x3BFF3BFF,0x3BFF3BFF,0x3BFE3BF4,0x00000000,0x00000000,0x00000000,0x00000000,
    0x00000000,0x00000000,0x00000000,0x3BFE3BFF,0x3BFF3BFF,0x3BFF3BFF,0x3BFF3BFF,0x3BFF3BFE,
    0x00000000,0x3BFE3BFF,0x3BFF3BFF,0x3BFF3BFF,0x3BFF3BFF,0x3BFF3BFE,0x00000000,0x3BFE3BFF,
    0x3BFF3BFF,0x3BFF3BFF,0x3BFF3BFF,0x3BFF3BFE,0x00000000,0x00000000,0x00000000,0x00000000,
    0x00000000,0x00000000,0x00000000,0x3BFF3BFF,0x3BFF3BFF,0x3BFF3BFF,0x3BFF3BFF,0x3BFF3BFF,
    0x00000000,0x3BFF3BFF,0x3BFF3BFF,0x3BFF3BFF,0x3BFF3BFF,0x3BFF3BFF,0x00000000,0x3BFF3BFF,
    0x3BFF3BFF,0x3BFF3BFF,0x3BFF3BFF,0x3BFF3BFF,0x00000000,0x00000000,0x00000000,0x00000000,
    0x00000000,0x00000000,0x00000000,0x3BFF3BFF,0x3BFF3BFF,0x3BFF3BFF,0x3BFF3BFF,0x3BFF3BFF,
    0x00000000,0x3BFF3BFF,0x3BFF3BFF,0x3BFF3BFF,0x3BFF3BFF,0x3BFF3BFF,0x00000000,0x3BFF3BFF,
    0x3BFF3BFF,0x3BFF3BFF,0x3BFF3BFF,0x3BFF3BFF,0x00000000,0x00000000,0x00000000,0x00000000,
    0x00000000,0x00000000,0x00000000,0x3BFF3BFF,0x3BFF3BFF,0x3BFF3BFF,0x3BFF3BFF,0x3BFF3BFF,
    0x00000000,0x3BFF3BFF,0x3BFF3BFF,0x3BFF3BFF,0x3BFF3BFF,0x3BFF3BFF,0x00000000,0x3BFF3BFF,
    0x3BFF3BFF,0x3BFF3BFF,0x3BFF3BFF,0x3BFF3BFF,0x00000000,0x00000000,0x00000000,0x00000000,
    0x00000000,0x00000000,0x00000000,0x3BFF3BFF,0x3BFF3BFF,0x3BFF3BFF,0x3BFF3BFF,0x3BFF3BFF,
    0x00000000,0x3BFF3BFF,0x3BFF3BFF,0x3BFF3BFF,0x3BFF3BFF,0x3BFF3BFF,0x00000000,0x3BFF3BFF,
    0x3BFF3BFF,0x3BFF3BFF,0x3BFF3BFF,0x3BFF3BFF,0x00000000,0x00000000,0x00000000,0x00000000,
    0x00000000,0x00000000,0x00000000,0x3BFF3BFF,0x3BFF3BFF,0x3BFF3BFF,0x3BFF3BFF,0x3BFF3BFF,
    0x00000000,0x3BFF3BFF,0x3BFF3BFF,0x3BFF3BFF,0x3BFF3BFF,0x3BFF3BFF,0x00000000,0x3BFF3BFF,
    0x3BFF3BFF,0x3BFF3BFF,0x3BFF3BFF,0x3BFF3BFF,0x00000000,0x00000000,0x00000000,0x00000000,
    0x00000000,0x00000000,0x00000000,0x3BFF3BFF,0x3BFF3BFF,0x3BFF3BFF,0x3BFF3BFF,0x3BFF3BFF,
    0x00000000,0x3BFF3BFF,0x3BFF3BFF,0x3BFF3BFF,0x3BFF3BFF,0x3BFF3BFF,0x00000000,0x3BFF3BFF,
    0x3BFF3BFF,0x3BFF3BFF,0x3BFF3BFF,0x3BFF3BFF,0x00000000,0x00000000,0x00000000,0x00000000,
    0x00000000,0x00000000,0x00000000,0x3BFE3BFF,0x3BFF3BFF,0x3BFF3BFF,0x3BFF3BFF,0x3BFF3BFE,
    0x00000000,0x3BFE3BFF,0x3BFF3BFF,0x3BFF3BFF,0x3BFF3BFF,0x3BFF3BFE,0x00000000,0x3BFE3BFF,
    0x3BFF3BFF,0x3BFF3BFF,0x3BFF3BFF,0x3BFF3BFE,0x00000000,0x00000000,0x00000000,0x00000000,
    0x00000000,0x00000000,0x00000000,0x3BF43BFE,0x3BFF3BFF,0x3BFF3BFF,0x3BFF3BFF,0x3BFE3BF4,
    0x00000000,0x3BF43BFE,0x3BFF3BFF,0x3BFF3BFF,0x3BFF3BFF,0x3BFE3BF4,0x00000000,0x3BF43BFE,
    0x3BFF3BFF,0x3BFF3BFF,0x3BFF3BFF,0x3BFE3BF4,0x00000000,0x00000000,0x00000000,0x00000000,
    0x00000000,0x00000000,0x00000000,0x00000000,0x00000000,0x00000000,0x00000000,0x00000000,
    0x00000000,0x00000000,0x00000000,0x00000000,0x00000000,0x00000000,0x00000000,0x00000000,
    0x00000000,0x00000000,0x00000000,0x00000000,0x00000000,0x00000000,0x00000000,0x00000000,
    0x00000000,0x00000000,0x00000000,0x00000000,0x00000000,0x00000000,0x00000000,0x00000000,
    0x00000000,0x00000000,0x00000000,0x00000000,0x00000000,0x00000000,0x00000000,0x00000000,
    0x00000000,0x00000000,0x00000000,0x00000000,0x00000000,0x00000000,0x00000000,0x00000000,
    0x00000000,0x00000000,0x00000000,0x00000000,0x00000000,0x00000000,0x00000000,0x00000000,
    0x00000000,0xA8F4A8FE,0xA8FFA8FF,0xA8FFA8FF,0xA8FFA8FF,0xA8FEA8F4,0x00000000,0x00000000,
    0x00000000,0x00000000,0x00000000,0x00000000,0x00000000,0x00000000,0x00000000,0x00000000,
    0x00000000,0x00000000,0x00000000,0x00000000,0x00000000,0x00000000,0x00000000,0x00000000,
    0x00000000,0xA8FEA8FF,0xA8FFA8FF,0xA8FFA8FF,0xA8FFA8FF,0xA8FFA8FE,0x00000000,0x00000000,
    0x00000000,0x00000000,0x00000000,0x00000000,0x00000000,0x00000000,0x00000000,0x00000000,
    0x00000000,0x00000000,0x00000000,0x00000000,0x00000000,0x00000000,0x00000000,0x00000000,
    0x00000000,0xA8FFA8FF,0xA8FFA8FF,0xA8FFA8FF,0xA8FFA8FF,0xA8FFA8FF,0x00000000,0x00000000,
    0x00000000,0x00000000,0x00000000,0x00000000,0x00000000,0x00000000,0x00000000,0x00000000,
    0x00000000,0x00000000,0x00000000,0x00000000,0x00000000,0x00000000,0x00000000,0x00000000,
    0x00000000,0xA8FFA8FF,0xA8FFA8FF,0xA8FFA8FF,0xA8FFA8FF,0xA8FFA8FF,0x00000000,0x00000000,
    0x00000000,0x00000000,0x00000000,0x00000000,0x00000000,0x00000000,0x00000000,0x00000000,
    0x00000000,0x00000000,0x00000000,0x00000000,0x00000000,0x00000000,0x00000000,0x00000000,
    0x00000000,0xA8FFA8FF,0xA8FFA8FF,0xA8FFA8FF,0xA8FFA8FF,0xA8FFA8FF,0x00000000,0x00000000,
    0x00000000,0x00000000,0x00000000,0x00000000,0x00000000,0x00000000,0x00000000,0x00000000,
    0x00000000,0x00000000,0x00000000,0x00000000,0x00000000,0x00000000,0x00000000,0x00000000,
    0x00000000,0xA8FFA8FF,0xA8FFA8FF,0xA8FFA8FF,0xA8FFA8FF,0xA8FFA8FF,0x00000000,0x00000000,
    0x00000000,0x00000000,0x00000000,0x00000000,0x00000000,0x00000000,0x00000000,0x00000000,
    0x00000000,0x00000000,0x00000000,0x00000000,0x00000000,0x00000000,0x00000000,0x00000000,
    0x00000000,0xA8FFA8FF,0xA8FFA8FF,0xA8FFA8FF,0xA8FFA8FF,0xA8FFA8FF,0x00000000,0x00000000,
    0x00000000,0x00000000,0x00000000,0x00000000,0x00000000,0x00000000,0x00000000,0x00000000,
    0x00000000,0x00000000,0x00000000,0x00000000,0x00000000,0x00000000,0x00000000,0x00000000,
    0x00000000,0xA8FFA8FF,0xA8FFA8FF,0xA8FFA8FF,0xA8FFA8FF,0xA8FFA8FF,0x00000000,0x00000000,
    0x00000000,0x00000000,0x00000000,0x00000000,0x00000000,0x00000000,0x00000000,0x00000000,
    0x00000000,0x00000000,0x00000000,0x00000000,0x00000000,0x00000000,0x00000000,0x00000000,
    0x00000000,0xA8FEA8FF,0xA8FFA8FF,0xA8FFA8FF,0xA8FFA8FF,0xA8FFA8FE,0x00000000,0x00000000,
    0x00000000,0x00000000,0x00000000,0x00000000,0x00000000,0x00000000,0x00000000,0x00000000,
    0x00000000,0x00000000,0x00000000,0x00000000,0x00000000,0x00000000,0x00000000,0x00000000,
    0x00000000,0xA8F4A8FE,0xA8FFA8FF,0xA8FFA8FF,0xA8FFA8FF,0xA8FEA8F4,0x00000000,0x00000000,
    0x00000000,0x00000000,0x00000000,0x00000000,0x00000000,0x00000000,0x00000000,0x00000000,
    0x00000000,0x00000000,0x00000000,0x00000000,0x00000000,0x00000000,0x00000000,0x00000000,
    0x00000000,0x00000000,0x00000000,0x00000000,0x00000000,0x00000000,0x00000000,0x00000000,
    0x00000000,0x00000000,0x00000000,0x00000000,0x00000000,0x00000000,0x00000000,0x00000000,
    0x00000000,0x00000000,0x00000000,0x00000000,0x00000000,0x00000000,0x00000000,0x00000000,
    0x00000000,0x00000000,0x00000000,0x00000000,0x00000000,0x00000000,0x00000000,0x00000000,
    0x00000000,0x00000000,0x00000000,0x00000000,0x00000000,0x00000000,0x00000000,0x00000000,
    0x00000000,0x00000000,0x00000000,0x00000000,0x00000000,0x00000000,0x00000000,0x00000000,
    0x00000000,0xF7B4F7BE,0xF7BFF7BF,0xF7BFF7BF,0xF7BFF7BF,0xF7BEF7B4,0x00000000,0xF7B4F7BE,
    0xF7BFF7BF,0xF7BFF7BF,0xF7BFF7BF,0xF7BEF7B4,0x00000000,0x00000000,0x00000000,0x00000000,
    0x00000000,0x00000000,0x00000000,0x00000000,0x00000000,0x00000000,0x00000000,0x00000000,
    0x00000000,0xF7BEF7BF,0xF7BFF7BF,0xF7BFF7BF,0xF7BFF7BF,0xF7BFF7BE,0x00000000,0xF7BEF7BF,
    0xF7BFF7BF,0xF7BFF7BF,0xF7BFF7BF,0xF7BFF7BE,0x00000000,0x00000000,0x00000000,0x00000000,
    0x00000000,0x00000000,0x00000000,0x00000000,0x00000000,0x00000000,0x00000000,0x00000000,
    0x00000000,0xF7BFF7BF,0xF7BFF7BF,0xF7BFF7BF,0xF7BFF7BF,0xF7BFF7BF,0x00000000,0xF7BFF7BF,
    0xF7BFF7BF,0xF7BFF7BF,0xF7BFF7BF,0xF7BFF7BF,0x00000000,0x00000000,0x00000000,0x00000000,
    0x00000000,0x00000000,0x00000000,0x00000000,0x00000000,0x00000000,0x00000000,0x00000000,
    0x00000000,0xF7BFF7BF,0xF7BFF7BF,0xF7BFF7BF,0xF7BFF7BF,0xF7BFF7BF,0x00000000,0xF7BFF7BF,
    0xF7BFF7BF,0xF7BFF7BF,0xF7BFF7BF,0xF7BFF7BF,0x00000000,0x00000000,0x00000000,0x00000000,
    0x00000000,0x00000000,0x00000000,0x00000000,0x00000000,0x00000000,0x00000000,0x00000000,
    0x00000000,0xF7BFF7BF,0xF7BFF7BF,0xF7BFF7BF,0xF7BFF7BF,0xF7BFF7BF,0x00000000,0xF7BFF7BF,
    0xF7BFF7BF,0xF7BFF7BF,0xF7BFF7BF,0xF7BFF7BF,0x00000000,0x00000000,0x00000000,0x00000000,
    0x00000000,0x00000000,0x00000000,0x00000000,0x00000000,0x00000000,0x00000000,0x00000000,
    0x00000000,0xF7BFF7BF,0xF7BFF7BF,0xF7BFF7BF,0xF7BFF7BF,0xF7BFF7BF,0x00000000,0xF7BFF7BF,
    0xF7BFF7BF,0xF7BFF7BF,0xF7BFF7BF,0xF7BFF7BF,0x00000000,0x00000000,0x00000000,0x00000000,
    0x00000000,0x00000000,0x00000000,0x00000000,0x00000000,0x00000000,0x00000000,0x00000000,
    0x00000000,0xF7BFF7BF,0xF7BFF7BF,0xF7BFF7BF,0xF7BFF7BF,0xF7BFF7BF,0x00000000,0xF7BFF7BF,
    0xF7BFF7BF,0xF7BFF7BF,0xF7BFF7BF,0xF7BFF7BF,0x00000000,0x00000000,0x00000000,0x00000000,
    0x00000000,0x00000000,0x00000000,0x00000000,0x00000000,0x00000000,0x00000000,0x00000000,
    0x00000000,0xF7BFF7BF,0xF7BFF7BF,0xF7BFF7BF,0xF7BFF7BF,0xF7BFF7BF,0x00000000,0xF7BFF7BF,
    0xF7BFF7BF,0xF7BFF7BF,0xF7BFF7BF,0xF7BFF7BF,0x00000000,0x00000000,0x00000000,0x00000000,
    0x00000000,0x00000000,0x00000000,0x00000000,0x00000000,0x00000000,0x00000000,0x00000000,
    0x00000000,0xF7BEF7BF,0xF7BFF7BF,0xF7BFF7BF,0xF7BFF7BF,0xF7BFF7BE,0x00000000,0xF7BEF7BF,
    0xF7BFF7BF,0xF7BFF7BF,0xF7BFF7BF,0xF7BFF7BE,0x00000000,0x00000000,0x00000000,0x00000000,
    0x00000000,0x00000000,0x00000000,0x00000000,0x00000000,0x00000000,0x00000000,0x00000000,
    0x00000000,0xF7B4F7BE,0xF7BFF7BF,0xF7BFF7BF,0xF7BFF7BF,0xF7BEF7B4,0x00000000,0xF7B4F7BE,
    0xF7BFF7BF,0xF7BFF7BF,0xF7BFF7BF,0xF7BEF7B4,0x00000000,0x00000000,0x00000000,0x00000000,
    0x00000000,0x00000000,0x00000000,0x00000000,0x00000000,0x00000000,0x00000000,0x00000000,
    0x00000000,0x00000000,0x00000000,0x00000000,0x00000000,0x00000000,0x00000000,0x00000000,
    0x00000000,0x00000000,0x00000000,0x00000000,0x00000000,0x00000000,0x00000000,0x00000000,
    0x00000000,0x00000000,0x00000000,0x00000000,0x00000000,0x00000000,0x00000000,0x00000000,
    0x00000000,0x00000000,0x00000000,0x00000000,0x00000000,0x00000000,0x00000000,0x00000000,
    0x00000000,0x00000000,0x00000000,0x00000000,0x00000000,0x00000000,0x00000000,0x00000000,
    0x00000000,0x00000000,0x00000000,0x00000000,0x00000000,0x00000000,0x00000000,0x00000000,
    0x00000000,0x00000000,0x00000000,0x00000000,0x00000000,0x00000000,0x00000000,0x00000000,
    0x00000000,0x00000000,0x00000000,0x00000000,0x00000000,0x00000000,0x00000000,0x00000000,
    0x00000000,0x00000000,0x00000000,0x00000000,0x00000000,0x00000000,0x00000000,0x00000000,
    0x00000000,0x00000000,0x00000000,0x00000000,0x00000000,0x00000000,0x00000000,0x00000000,
    0x00000000,0x00000000,0x00000000,0x00000000,0x00000000,0x00000000,0x00000000,0x00000000,
    0x00000000,0x00000000,0x00000000,0x00000000,0x00000000,0x00000000,0x00000000,0x00000000,
    0x00000000,0x00000000,0x00000000,0x00000000,0x00000000,0x00000000,0x00000000,0x00000000,
    0x00000000,0x00000000,0x00000000,0x00000000,0x00000000,0x00000000,0x00000000,0x00000000,
    0x00000000,0x00000000,0x00000000,0x00000000,0x00000000,0x00000000,0x00000000,0x00000000,
    0x00000000,0x00000000,0x00000000,0x00000000,0x00000000,0x00000000,0x00000000,0x00000000,
    0x00000000,0x00000000,0x00000000,0x00000000,0x00000000,0x00000000,0x00000000,0x00000000,
    0x00000000,0x00000000,0x00000000,0x00000000,0x00000000,0x00000000,0x00000000,0x00000000,
    0x00000000,0x00000000,0x00000000,0x00000000,0x00000000,0x00000000,0x00000000,0x00000000,
    0x00000000,0x00000000,0x00000000,0x00000000,0x00000000,0x00000000,0x00000000,0x00000000,
    0x00000000,0x00000000,0x00000000,0x00000000,0x00000000,0x00000000,0x00000000,0x00000000,
    0x00000000,0x00000000,0x00000000,0x00000000,0x00000000,0x00000000,0x00000000,0x00000000,
    0x00000000,0x00000000,0x00000000,0x00000000,0x00000000,0x00000000,0x00000000,0x00000000,
};
#define PROF_ICON_TETRIS_SIZE 48

static const uint32_t prof_icon_pairs_rgba[] = {
    0x00000000,0x00000000,0x00000000,0x00000000,0x00000000,0x00000000,0x00000000,0x00000000,
    0x00000000,0x00000000,0x00000000,0x00000000,0x00000000,0x00000000,0x00000000,0x00000000,
    0x00000000,0x00000000,0x00000000,0x00000000,0x00000000,0x00000000,0x00000000,0x00000000,
    0x00000000,0x00000000,0x00000000,0x00000000,0x00000000,0x00000000,0x00000000,0x00000000,
    0x00000000,0x00000000,0x00000000,0x00000000,0x00000000,0x00000000,0x00000000,0x00000000,
    0x00000000,0x00000000,0x00000000,0x00000000,0x00000000,0x00000000,0x00000000,0x00000000,
    0x00000000,0x00000000,0x00000000,0x00000000,0x00000000,0x00000000,0x00000000,0x00000000,
    0x00000000,0x00000000,0x00000000,0x00000000,0x00000000,0x00000000,0x00000000,0x00000000,
    0x00000000,0x00000000,0x00000000,0x00000000,0x00000000,0x00000000,0x00000000,0x00000000,
    0x00000000,0x00000000,0x00000000,0x00000000,0x00000000,0x00000000,0x00000000,0x00000000,
    0x00000000,0x00000000,0x00000000,0x00000000,0x00000000,0x00000000,0x00000000,0x00000000,
    0x00000000,0x00000000,0x00000000,0x00000000,0x00000000,0x00000000,0x00000000,0x00000000,
    0x00000000,0x00000000,0x00000000,0x00000000,0x00000000,0x00000000,0x00000000,0x00000000,
    0x00000000,0x00000000,0x00000000,0x00000000,0x00000000,0x00000000,0x00000000,0x00000000,
    0x00000000,0x00000000,0x00000000,0x00000000,0x00000000,0x00000000,0x00000000,0x00000000,
    0x00000000,0x00000000,0x00000000,0x00000000,0x00000000,0x00000000,0x00000000,0x00000000,
    0x00000000,0x00000000,0x00000000,0x00000000,0x00000000,0x00000000,0x00000000,0x00000000,
    0x00000000,0x00000000,0x00000000,0x00000000,0x00000000,0x00000000,0x00000000,0x00000000,
    0x00000000,0x00000000,0x00000000,0x00000000,0x00000000,0x00000000,0x00000000,0x00000000,
    0x00000000,0x00000000,0x00000000,0x00000000,0x00000000,0x00000000,0x00000000,0x00000000,
    0x00000000,0x00000000,0x00000000,0x00000000,0x00000000,0x00000000,0x00000000,0x00000000,
    0x00000000,0x00000000,0x00000000,0x00000000,0x00000000,0x00000000,0x00000000,0x00000000,
    0x00000000,0x00000000,0x00000000,0x00000000,0x00000000,0x00000000,0x00000000,0x00000000,
    0x00000000,0x00000000,0x00000000,0x00000000,0x00000000,0x00000000,0x00000000,0x00000000,
    0x00000000,0x00000000,0x00000000,0xF5A0E498,0xE49EE49F,0xE49FE49F,0xE49FE49F,0xE49FE49F,
    0xE49FE49F,0xE49EE498,0xF5A00000,0x00000000,0x00000000,0x000085F0,0x85F885FE,0x85FF85FF,
    0x85FF85FF,0x85FF85FF,0x85FF85FF,0x85FF85FE,0x85F885F0,0x00000000,0x00000000,0x00000000,
    0x00000000,0x00000000,0x00000000,0xE498E49F,0xE49FE49F,0xE49FE49F,0xE49FE49F,0xE49FE49F,
    0xE49FE49F,0xE49FE49F,0xE4980000,0x00000000,0x00000000,0x000085F8,0x85FF85FF,0x85FF85FF,
    0x85FF85FF,0x85FF85FF,0x85FF85FF,0x85FF85FF,0x85FF85F8,0x00000000,0x00000000,0x00000000,
    0x00000000,0x00000000,0x00000000,0xE49EE49F,0xE49FE49F,0xE49FE49F,0xE49FE49F,0xE49FE49F,
    0xE49FE49F,0xE49FE49F,0xE49E0000,0x00000000,0x00000000,0x000085FE,0x85FF85FF,0x85FF85FF,
    0x85FF85FF,0x85FF85FF,0x85FF85FF,0x85FF85FF,0x85FF85FE,0x00000000,0x00000000,0x00000000,
    0x00000000,0x00000000,0x00000000,0xE49FE49F,0xE49FE49F,0xE49FE49F,0xE49FE49F,0xE49FE49F,
    0xE49FE49F,0xE49FE49F,0xE49F0000,0x00000000,0x00000000,0x000085FF,0x85FF85FF,0x85FF85FF,
    0x85FF85FF,0x85FF85FF,0x85FF85FF,0x85FF85FF,0x85FF85FF,0x00000000,0x00000000,0x00000000,
    0x00000000,0x00000000,0x00000000,0xE49FE49F,0xE49FE49F,0xE49FE49F,0xE49FE49F,0xE49FE49F,
    0xE49FE49F,0xE49FE49F,0xE49F0000,0x00000000,0x00000000,0x000085FF,0x85FF85FF,0x85FF85FF,
    0x85FF85FF,0x85FF85FF,0x85FF85FF,0x85FF85FF,0x85FF85FF,0x00000000,0x00000000,0x00000000,
    0x00000000,0x00000000,0x00000000,0xE49FE49F,0xE49FE49F,0xE49FE49F,0xE49FE49F,0xE49FE49F,
    0xE49FE49F,0xE49FE49F,0xE49F0000,0x00000000,0x00000000,0x000085FF,0x85FF85FF,0x85FF85FF,
    0x85FF85FF,0x85FF85FF,0x85FF85FF,0x85FF85FF,0x85FF85FF,0x00000000,0x00000000,0x00000000,
    0x00000000,0x00000000,0x00000000,0xE49FE49F,0xE49FE49F,0xE49FE49F,0xE49FE49F,0xE49FE49F,
    0xE49FE49F,0xE49FE49F,0xE49F0000,0x00000000,0x00000000,0x000085FF,0x85FF85FF,0x85FF85FF,
    0x85FF85FF,0x85FF85FF,0x85FF85FF,0x85FF85FF,0x85FF85FF,0x00000000,0x00000000,0x00000000,
    0x00000000,0x00000000,0x00000000,0xE49FE49F,0xE49FE49F,0xE49FE49F,0xE49FE49F,0xE49FE49F,
    0xE49FE49F,0xE49FE49F,0xE49F0000,0x00000000,0x00000000,0x000085FF,0x85FF85FF,0x85FF85FF,
    0x85FF85FF,0x85FF85FF,0x85FF85FF,0x85FF85FF,0x85FF85FF,0x00000000,0x00000000,0x00000000,
    0x00000000,0x00000000,0x00000000,0xE49FE49F,0xE49FE49F,0xE49FE49F,0xE49FE49F,0xE49FE49F,
    0xE49FE49F,0xE49FE49F,0xE49F0000,0x00000000,0x00000000,0x000085FF,0x85FF85FF,0x85FF85FF,
    0x85FF85FF,0x85FF85FF,0x85FF85FF,0x85FF85FF,0x85FF85FF,0x00000000,0x00000000,0x00000000,
    0x00000000,0x00000000,0x00000000,0xE49FE49F,0xE49FE49F,0xE49FE49F,0xE49FE49F,0xE49FE49F,
    0xE49FE49F,0xE49FE49F,0xE49F0000,0x00000000,0x00000000,0x000085FF,0x85FF85FF,0x85FF85FF,
    0x85FF85FF,0x85FF85FF,0x85FF85FF,0x85FF85FF,0x85FF85FF,0x00000000,0x00000000,0x00000000,
    0x00000000,0x00000000,0x00000000,0xE49FE49F,0xE49FE49F,0xE49FF7BF,0xF9CFFACF,0xF9CFE5AF,
    0xE49FE49F,0xE49FE49F,0xE49F0000,0x00000000,0x00000000,0x000085FF,0x85FF85FF,0x85FF85FF,
    0x85FF85FF,0x96FF85FF,0x85FF85FF,0x85FF85FF,0x85FF85FF,0x00000000,0x00000000,0x00000000,
    0x00000000,0x00000000,0x00000000,0xE49FE49F,0xE49FE5AF,0xFEFFFFFF,0xFFFFFFFF,0xFFFFFFFF,
    0xF7BFE49F,0xE49FE49F,0xE49F0000,0x00000000,0x00000000,0x000085FF,0x85FF85FF,0x85FF85FF,
    0x85FF85FF,0xDCFF85FF,0x85FF85FF,0x85FF85FF,0x85FF85FF,0x00000000,0x00000000,0x00000000,
    0x00000000,0x00000000,0x00000000,0xE49FE49F,0xE49FE49F,0xFCDFFDEF,0xFACFF9CF,0xFDEFFFFF,
    0xFDEFE49F,0xE49FE49F,0xE49F0000,0x00000000,0x00000000,0x000085FF,0x85FF85FF,0x85FF85FF,
    0x85FF97FF,0xFFFF97FF,0x85FF85FF,0x85FF85FF,0x85FF85FF,0x00000000,0x00000000,0x00000000,
    0x00000000,0x00000000,0x00000000,0xE49FE49F,0xE49FE49F,0xE49FE49F,0xE49FE49F,0xF8BFFFFF,
    0xFEFFE49F,0xE49FE49F,0xE49F0000,0x00000000,0x00000000,0x000085FF,0x85FF85FF,0x85FF85FF,
    0x85FFCAFF,0xFFFFCAFF,0x85FF85FF,0x85FF85FF,0x85FF85FF,0x00000000,0x00000000,0x00000000,
    0x00000000,0x00000000,0x00000000,0xE49FE49F,0xE49FE49F,0xE49FE49F,0xE49FE59F,0xFDEFFFFF,
    0xFCDFE49F,0xE49FE49F,0xE49F0000,0x00000000,0x00000000,0x000085FF,0x96FF97FF,0x97FF97FF,
    0x97FFEEFF,0xFFFFEEFF,0x97FF97FF,0x97FF97FF,0x96FF85FF,0x00000000,0x00000000,0x00000000,
    0x00000000,0x00000000,0x00000000,0xE49FE49F,0xE49FE49F,0xE49FE49F,0xE5AFFDEF,0xFFFFFDEF,
    0xE5AFE49F,0xE49FE49F,0xE49F0000,0x00000000,0x00000000,0x000085FF,0x96FFDCFF,0xFFFFFFFF,
    0xFFFFFFFF,0xFFFFFFFF,0xFFFFFFFF,0xFFFFDCFF,0x96FF85FF,0x00000000,0x00000000,0x00000000,
    0x00000000,0x00000000,0x00000000,0xE49FE49F,0xE49FE49F,0xE49FE49F,0xFDEFFFFF,0xFCEFE59F,
    0xE49FE49F,0xE49FE49F,0xE49F0000,0x00000000,0x00000000,0x000085FF,0x85FF85FF,0xB9FFFFFF,
    0xFFFFFFFF,0xFFFFFFFF,0xFFFFFFFF,0xBAFF85FF,0x85FF85FF,0x00000000,0x00000000,0x00000000,
    0x00000000,0x00000000,0x00000000,0xE49FE49F,0xE49FE49F,0xE49FE49F,0xFFFFFEFF,0xE49FE49F,
    0xE49FE49F,0xE49FE49F,0xE49F0000,0x00000000,0x00000000,0x000085FF,0x85FF85FF,0x85FF97FF,
    0xFFFFFFFF,0xFFFFFFFF,0xFFFFA7FF,0x85FF85FF,0x85FF85FF,0x00000000,0x00000000,0x00000000,
    0x00000000,0x00000000,0x00000000,0xE49FE49F,0xE49FE49F,0xE49FE49F,0xE7BFE7AF,0xE49FE49F,
    0xE49FE49F,0xE49FE49F,0xE49F0000,0x00000000,0x00000000,0x000085FF,0x85FF85FF,0x85FF97FF,
    0xFFFFFFFF,0xFFFFFFFF,0xFFFF97FF,0x85FF85FF,0x85FF85FF,0x00000000,0x00000000,0x00000000,
    0x00000000,0x00000000,0x00000000,0xE49FE49F,0xE49FE49F,0xE49FE49F,0xF8BFF8BF,0xE49FE49F,
    0xE49FE49F,0xE49FE49F,0xE49F0000,0x00000000,0x00000000,0x000085FF,0x85FF85FF,0x85FFBAFF,
    0xFFFFFEFF,0xCAFFFEFF,0xFFFFBAFF,0x85FF85FF,0x85FF85FF,0x00000000,0x00000000,0x00000000,
    0x00000000,0x00000000,0x00000000,0xE49FE49F,0xE49FE49F,0xE49FF7BF,0xFFFFFFFF,0xE7BFE49F,
    0xE49FE49F,0xE49FE49F,0xE49F0000,0x00000000,0x00000000,0x000085FF,0x85FF85FF,0x85FFEDFF,
    0xEDFF97FF,0x85FF96FF,0xDCFFEDFF,0x85FF85FF,0x85FF85FF,0x00000000,0x00000000,0x00000000,
    0x00000000,0x00000000,0x00000000,0xE49FE49F,0xE49FE49F,0xE49FE6AF,0xFFFFFFFF,0xE6AFE49F,
    0xE49FE49F,0xE49FE49F,0xE49F0000,0x00000000,0x00000000,0x000085FF,0x85FF85FF,0x96FFCAFF,
    0x85FF85FF,0x85FF85FF,0x85FFBAFF,0x96FF85FF,0x85FF85FF,0x00000000,0x00000000,0x00000000,
    0x00000000,0x00000000,0x00000000,0xE49FE49F,0xE49FE49F,0xE49FE49F,0xE5AFE5AF,0xE49FE49F,
    0xE49FE49F,0xE49FE49F,0xE49F0000,0x00000000,0x00000000,0x000085FF,0x85FF85FF,0x85FF85FF,
    0x85FF85FF,0x85FF85FF,0x85FF85FF,0x85FF85FF,0x85FF85FF,0x00000000,0x00000000,0x00000000,
    0x00000000,0x00000000,0x00000000,0xE49FE49F,0xE49FE49F,0xE49FE49F,0xE49FE49F,0xE49FE49F,
    0xE49FE49F,0xE49FE49F,0xE49F0000,0x00000000,0x00000000,0x000085FF,0x85FF85FF,0x85FF85FF,
    0x85FF85FF,0x85FF85FF,0x85FF85FF,0x85FF85FF,0x85FF85FF,0x00000000,0x00000000,0x00000000,
    0x00000000,0x00000000,0x00000000,0xE49FE49F,0xE49FE49F,0xE49FE49F,0xE49FE49F,0xE49FE49F,
    0xE49FE49F,0xE49FE49F,0xE49F0000,0x00000000,0x00000000,0x000085FF,0x85FF85FF,0x85FF85FF,
    0x85FF85FF,0x85FF85FF,0x85FF85FF,0x85FF85FF,0x85FF85FF,0x00000000,0x00000000,0x00000000,
    0x00000000,0x00000000,0x00000000,0xE49FE49F,0xE49FE49F,0xE49FE49F,0xE49FE49F,0xE49FE49F,
    0xE49FE49F,0xE49FE49F,0xE49F0000,0x00000000,0x00000000,0x000085FF,0x85FF85FF,0x85FF85FF,
    0x85FF85FF,0x85FF85FF,0x85FF85FF,0x85FF85FF,0x85FF85FF,0x00000000,0x00000000,0x00000000,
    0x00000000,0x00000000,0x00000000,0xE49FE49F,0xE49FE49F,0xE49FE49F,0xE49FE49F,0xE49FE49F,
    0xE49FE49F,0xE49FE49F,0xE49F0000,0x00000000,0x00000000,0x000085FF,0x85FF85FF,0x85FF85FF,
    0x85FF85FF,0x85FF85FF,0x85FF85FF,0x85FF85FF,0x85FF85FF,0x00000000,0x00000000,0x00000000,
    0x00000000,0x00000000,0x00000000,0xE49FE49F,0xE49FE49F,0xE49FE49F,0xE49FE49F,0xE49FE49F,
    0xE49FE49F,0xE49FE49F,0xE49F0000,0x00000000,0x00000000,0x000085FF,0x85FF85FF,0x85FF85FF,
    0x85FF85FF,0x85FF85FF,0x85FF85FF,0x85FF85FF,0x85FF85FF,0x00000000,0x00000000,0x00000000,
    0x00000000,0x00000000,0x00000000,0xE49FE49F,0xE49FE49F,0xE49FE49F,0xE49FE49F,0xE49FE49F,
    0xE49FE49F,0xE49FE49F,0xE49F0000,0x00000000,0x00000000,0x000085FF,0x85FF85FF,0x85FF85FF,
    0x85FF85FF,0x85FF85FF,0x85FF85FF,0x85FF85FF,0x85FF85FF,0x00000000,0x00000000,0x00000000,
    0x00000000,0x00000000,0x00000000,0xE49EE49F,0xE49FE49F,0xE49FE49F,0xE49FE49F,0xE49FE49F,
    0xE49FE49F,0xE49FE49F,0xE49E0000,0x00000000,0x00000000,0x000085FE,0x85FF85FF,0x85FF85FF,
    0x85FF85FF,0x85FF85FF,0x85FF85FF,0x85FF85FF,0x85FF85FE,0x00000000,0x00000000,0x00000000,
    0x00000000,0x00000000,0x00000000,0xE498E49F,0xE49FE49F,0xE49FE49F,0xE49FE49F,0xE49FE49F,
    0xE49FE49F,0xE49FE49F,0xE4980000,0x00000000,0x00000000,0x000085F8,0x85FF85FF,0x85FF85FF,
    0x85FF85FF,0x85FF85FF,0x85FF85FF,0x85FF85FF,0x85FF85F8,0x00000000,0x00000000,0x00000000,
    0x00000000,0x00000000,0x00000000,0xF5A0E498,0xE49EE49F,0xE49FE49F,0xE49FE49F,0xE49FE49F,
    0xE49FE49F,0xE49EE498,0xF5A00000,0x00000000,0x00000000,0x000085F0,0x85F885FE,0x85FF85FF,
    0x85FF85FF,0x85FF85FF,0x85FF85FF,0x85FF85FE,0x85F885F0,0x00000000,0x00000000,0x00000000,
    0x00000000,0x00000000,0x00000000,0x00000000,0x00000000,0x00000000,0x00000000,0x00000000,
    0x00000000,0x00000000,0x00000000,0x00000000,0x00000000,0x00000000,0x00000000,0x00000000,
    0x00000000,0x00000000,0x00000000,0x00000000,0x00000000,0x00000000,0x00000000,0x00000000,
    0x00000000,0x00000000,0x00000000,0x00000000,0x00000000,0x00000000,0x00000000,0x00000000,
    0x00000000,0x00000000,0x00000000,0x00000000,0x00000000,0x00000000,0x00000000,0x00000000,
    0x00000000,0x00000000,0x00000000,0x00000000,0x00000000,0x00000000,0x00000000,0x00000000,
    0x00000000,0x00000000,0x00000000,0x00000000,0x00000000,0x00000000,0x00000000,0x00000000,
    0x00000000,0x00000000,0x00000000,0x00000000,0x00000000,0x00000000,0x00000000,0x00000000,
    0x00000000,0x00000000,0x00000000,0x00000000,0x00000000,0x00000000,0x00000000,0x00000000,
    0x00000000,0x00000000,0x00000000,0x00000000,0x00000000,0x00000000,0x00000000,0x00000000,
    0x00000000,0x00000000,0x00000000,0x00000000,0x00000000,0x00000000,0x00000000,0x00000000,
    0x00000000,0x00000000,0x00000000,0x00000000,0x00000000,0x00000000,0x00000000,0x00000000,
    0x00000000,0x00000000,0x00000000,0x00000000,0x00000000,0x00000000,0x00000000,0x00000000,
    0x00000000,0x00000000,0x00000000,0x00000000,0x00000000,0x00000000,0x00000000,0x00000000,
    0x00000000,0x00000000,0x00000000,0x00000000,0x00000000,0x00000000,0x00000000,0x00000000,
    0x00000000,0x00000000,0x00000000,0x00000000,0x00000000,0x00000000,0x00000000,0x00000000,
    0x00000000,0x00000000,0x00000000,0x00000000,0x00000000,0x00000000,0x00000000,0x00000000,
    0x00000000,0x00000000,0x00000000,0x00000000,0x00000000,0x00000000,0x00000000,0x00000000,
    0x00000000,0x00000000,0x00000000,0x00000000,0x00000000,0x00000000,0x00000000,0x00000000,
    0x00000000,0x00000000,0x00000000,0x00000000,0x00000000,0x00000000,0x00000000,0x00000000,
    0x00000000,0x00000000,0x00000000,0x00000000,0x00000000,0x00000000,0x00000000,0x00000000,
    0x00000000,0x00000000,0x00000000,0x00000000,0x00000000,0x00000000,0x00000000,0x00000000,
    0x00000000,0x00000000,0x00000000,0x00000000,0x00000000,0x00000000,0x00000000,0x00000000,
    0x00000000,0x00000000,0x00000000,0x00000000,0x00000000,0x00000000,0x00000000,0x00000000,
};
#define PROF_ICON_PAIRS_SIZE 48

static const uint32_t prof_icon_onscreen_keyboard_rgba[] = {
    0x00000000,0x00000000,0x00000000,0x00000000,0x00000000,0x00000000,0x00000000,0x00000000,
    0x00000000,0x00000000,0x00000000,0x00000000,0x00000000,0x00000000,0x00000000,0x00000000,
    0x00000000,0x00000000,0x00000000,0x00000000,0x00000000,0x00000000,0x00000000,0x00000000,
    0x00000000,0x00000000,0x00000000,0x00000000,0x00000000,0x00000000,0x00000000,0x00000000,
    0x00000000,0x00000000,0x00000000,0x00000000,0x00000000,0x00000000,0x00000000,0x00000000,
    0x00000000,0x00000000,0x00000000,0x00000000,0x00000000,0x00000000,0x00000000,0x00000000,
    0x00000000,0x00000000,0x00000000,0x00000000,0x00000000,0x00000000,0x00000000,0x00000000,
    0x00000000,0x00000000,0x00000000,0x00000000,0x00000000,0x00000000,0x00000000,0x00000000,
    0x00000000,0x00000000,0x00000000,0x00000000,0x00000000,0x00000000,0x00000000,0x00000000,
    0x00000000,0x00000000,0x00000000,0x00000000,0x00000000,0x00000000,0x00000000,0x00000000,
    0x00000000,0x00000000,0x00000000,0x00000000,0x00000000,0x00000000,0x00000000,0x00000000,
    0x00000000,0x00000000,0x00000000,0x00000000,0x00000000,0x00000000,0x00000000,0x00000000,
    0x00000000,0x00000000,0x00000000,0x00000000,0x00000000,0x00000000,0x00000000,0x00000000,
    0x00000000,0x00000000,0x00000000,0x00000000,0x00000000,0x00000000,0x00000000,0x00000000,
    0x00000000,0x00000000,0x00000000,0x00000000,0x00000000,0x00000000,0x00000000,0x00000000,
    0x00000000,0x00000000,0x00000000,0x00000000,0x00000000,0x00000000,0x00000000,0x00000000,
    0x00000000,0x00000000,0x00000000,0x00000000,0x00000000,0x00000000,0x00000000,0x00000000,
    0x00000000,0x00000000,0x00000000,0x00000000,0x00000000,0x00000000,0x00000000,0x00000000,
    0x00000000,0x00000000,0x00000000,0x00000000,0x00000000,0x00000000,0x00000000,0x00000000,
    0x00000000,0x00000000,0x00000000,0x00000000,0x00000000,0x00000000,0x00000000,0x00000000,
    0x00000000,0x00000000,0x00000000,0x00000000,0x00000000,0x00000000,0x00000000,0x00000000,
    0x00000000,0x00000000,0x00000000,0x00000000,0x00000000,0x00000000,0x00000000,0x00000000,
    0x00000000,0x00000000,0x00000000,0x00000000,0x00000000,0x00000000,0x00000000,0x00000000,
    0x00000000,0x00000000,0x00000000,0x00000000,0x00000000,0x00000000,0x00000000,0x00000000,
    0x00000000,0x00000000,0x00000000,0x00000000,0x00000000,0x00000000,0x00000000,0x00000000,
    0x00000000,0x00000000,0x00000000,0x00000000,0x00000000,0x00000000,0x00000000,0x00000000,
    0x00000000,0x00000000,0x00000000,0x00000000,0x00000000,0x00000000,0x00000000,0x00000000,
    0x00000000,0x00000000,0x00000000,0x00000000,0x00000000,0x00000000,0x00000000,0x00000000,
    0x00000000,0x00000000,0x00000000,0x00000000,0x00000000,0x00000000,0x00000000,0x00000000,
    0x00000000,0x00000000,0x00000000,0x00000000,0x00000000,0x00000000,0x00000000,0x00000000,
    0x00000000,0x00000000,0x00000000,0x00000000,0x00000000,0x00000000,0x00000000,0x00000000,
    0x00000000,0x00000000,0x00000000,0x00000000,0x00000000,0x00000000,0x00000000,0x00000000,
    0x00000000,0x00000000,0x00000000,0x00000000,0x00000000,0x00000000,0x00000000,0x00000000,
    0x00000000,0x00000000,0x00000000,0x00000000,0x00000000,0x00000000,0x00000000,0x00000000,
    0x00000000,0x00000000,0x00000000,0x00000000,0x00000000,0x00000000,0x00000000,0x00000000,
    0x00000000,0x00000000,0x00000000,0x00000000,0x00000000,0x00000000,0x00000000,0x00000000,
    0x00000000,0x00000000,0x00000000,0x1234123C,0x123F123F,0x123F123F,0x123F123F,0x123F123F,
    0x123F123F,0x123F123F,0x123F123F,0x123F123F,0x123F123F,0x123F123F,0x123F123F,0x123F123F,
    0x123F123F,0x123F123F,0x123F123F,0x123F123F,0x123B1234,0x00000000,0x00000000,0x00000000,
    0x00000000,0x00000000,0x00001238,0x123F123F,0x123F123F,0x123F123F,0x123F123F,0x123F123F,
    0x123F123F,0x123F123F,0x123F123F,0x123F123F,0x123F123F,0x123F123F,0x123F123F,0x123F123F,
    0x123F123F,0x123F123F,0x123F123F,0x123F123F,0x123F123F,0x12380000,0x00000000,0x00000000,
    0x00000000,0x00000000,0x1234123F,0x123F123F,0x123F123F,0x123F123F,0x123F123F,0x123F123F,
    0x123F123F,0x123F123F,0x123F123F,0x123F123F,0x123F123F,0x123F123F,0x123F123F,0x123F123F,
    0x123F123F,0x123F123F,0x123F123F,0x123F123F,0x123F123F,0x123F1234,0x00000000,0x00000000,
    0x00000000,0x00000000,0x123C123F,0x123F345F,0x456F456F,0x456F456F,0x345F123F,0x123F345F,
    0x456F456F,0x456F456F,0x345F123F,0x123F345F,0x456F456F,0x456F456F,0x345F123F,0x123F39CF,
    0x3BFF3BFF,0x3BFF3BFF,0x3BFF3BFF,0x3BFF3BFF,0x39CF123F,0x123F123B,0x00000000,0x00000000,
    0x00000000,0x00000000,0x123F123F,0x123F456F,0x456F456F,0x456F456F,0x456F123F,0x123F456F,
    0x456F456F,0x456F456F,0x456F123F,0x123F456F,0x456F456F,0x456F456F,0x456F123F,0x123F3BFF,
    0x3BFF3BFF,0x3BFF3BFF,0x3BFF3BFF,0x3BFF3BFF,0x3BFF123F,0x123F123F,0x00000000,0x00000000,
    0x00000000,0x00000000,0x123F123F,0x123F456F,0x456F456F,0x456F456F,0x456F123F,0x123F456F,
    0x456F456F,0x456F456F,0x456F123F,0x123F456F,0x456F456F,0x456F456F,0x456F123F,0x123F3BFF,
    0x3BFF3BFF,0x3BFF3BFF,0x3BFF3BFF,0x3BFF3BFF,0x3BFF123F,0x123F123F,0x00000000,0x00000000,
    0x00000000,0x00000000,0x123F123F,0x123F456F,0x456F456F,0x456F456F,0x456F123F,0x123F456F,
    0x456F456F,0x456F456F,0x456F123F,0x123F456F,0x456F456F,0x456F456F,0x456F123F,0x123F3BFF,
    0x3BFF3BFF,0x3BFF3BFF,0x3BFF3BFF,0x3BFF3BFF,0x3BFF123F,0x123F123F,0x00000000,0x00000000,
    0x00000000,0x00000000,0x123F123F,0x123F345F,0x456F456F,0x456F456F,0x345F123F,0x123F345F,
    0x456F456F,0x456F456F,0x345F123F,0x123F345F,0x456F456F,0x456F456F,0x345F123F,0x123F39CF,
    0x3BFF3BFF,0x3BFF3BFF,0x3BFF3BFF,0x3BFF3BFF,0x39CF123F,0x123F123F,0x00000000,0x00000000,
    0x00000000,0x00000000,0x123F123F,0x123F123F,0x123F123F,0x123F123F,0x123F123F,0x123F123F,
    0x123F123F,0x123F123F,0x123F123F,0x123F123F,0x123F123F,0x123F123F,0x123F123F,0x123F123F,
    0x123F123F,0x123F123F,0x123F123F,0x123F123F,0x123F123F,0x123F123F,0x00000000,0x00000000,
    0x00000000,0x00000000,0x123F123F,0x123F123F,0x123F123F,0x123F123F,0x123F123F,0x123F123F,
    0x123F123F,0x123F123F,0x123F123F,0x123F123F,0x123F123F,0x123F123F,0x123F123F,0x123F123F,
    0x123F123F,0x123F123F,0x123F123F,0x123F123F,0x123F123F,0x123F123F,0x00000000,0x00000000,
    0x00000000,0x00000000,0x123F123F,0x123F345F,0x456F456F,0x456F456F,0x345F123F,0x123F345F,
    0x456F456F,0x456F456F,0x345F123F,0x123F345F,0x456F456F,0x456F456F,0x345F123F,0x123F345F,
    0x456F456F,0x456F456F,0x456F456F,0x456F456F,0x345F123F,0x123F123F,0x00000000,0x00000000,
    0x00000000,0x00000000,0x123F123F,0x123F456F,0x456F456F,0x456F456F,0x456F123F,0x123F456F,
    0x456F456F,0x456F456F,0x456F123F,0x123F456F,0x456F456F,0x456F456F,0x456F123F,0x123F456F,
    0x456F456F,0x456F456F,0x456F456F,0x456F456F,0x456F123F,0x123F123F,0x00000000,0x00000000,
    0x00000000,0x00000000,0x123F123F,0x123F456F,0x456F456F,0x456F456F,0x456F123F,0x123F456F,
    0x456F456F,0x456F456F,0x456F123F,0x123F456F,0x456F456F,0x456F456F,0x456F123F,0x123F456F,
    0x456F456F,0x456F456F,0x456F456F,0x456F456F,0x456F123F,0x123F123F,0x00000000,0x00000000,
    0x00000000,0x00000000,0x123F123F,0x123F456F,0x456F456F,0x456F456F,0x456F123F,0x123F456F,
    0x456F456F,0x456F456F,0x456F123F,0x123F456F,0x456F456F,0x456F456F,0x456F123F,0x123F456F,
    0x456F456F,0x456F456F,0x456F456F,0x456F456F,0x456F123F,0x123F123F,0x00000000,0x00000000,
    0x00000000,0x00000000,0x123F123F,0x123F345F,0x456F456F,0x456F456F,0x345F123F,0x123F345F,
    0x456F456F,0x456F456F,0x345F123F,0x123F345F,0x456F456F,0x456F456F,0x345F123F,0x123F345F,
    0x456F456F,0x456F456F,0x456F456F,0x456F456F,0x345F123F,0x123F123F,0x00000000,0x00000000,
    0x00000000,0x00000000,0x123F123F,0x123F123F,0x123F123F,0x123F123F,0x123F123F,0x123F123F,
    0x123F123F,0x123F123F,0x123F123F,0x123F123F,0x123F123F,0x123F123F,0x123F123F,0x123F123F,
    0x123F123F,0x123F123F,0x123F123F,0x123F123F,0x123F123F,0x123F123F,0x00000000,0x00000000,
    0x00000000,0x00000000,0x123F123F,0x123F123F,0x123F123F,0x123F123F,0x123F123F,0x123F123F,
    0x123F123F,0x123F123F,0x123F123F,0x123F123F,0x123F123F,0x123F123F,0x123F123F,0x123F123F,
    0x123F123F,0x123F123F,0x123F123F,0x123F123F,0x123F123F,0x123F123F,0x00000000,0x00000000,
    0x00000000,0x00000000,0x123F123F,0x123F123F,0x123F123F,0x123F99AF,0xFFFFFFFF,0xFFFFFFFF,
    0xFFFFFFFF,0xFFFFFFFF,0xFFFFFFFF,0xFFFFFFFF,0xFFFFFFFF,0xFFFFFFFF,0xFFFFFFFF,0xFFFFFFFF,
    0xFFFFFFFF,0xFFFFFFFF,0x899F123F,0x123F123F,0x123F123F,0x123F123F,0x00000000,0x00000000,
    0x00000000,0x00000000,0x123F123F,0x123F123F,0x123F123F,0x123FFFFF,0xFFFFFFFF,0xFFFFFFFF,
    0xFFFFFFFF,0xFFFFFFFF,0xFFFFFFFF,0xFFFFFFFF,0xFFFFFFFF,0xFFFFFFFF,0xFFFFFFFF,0xFFFFFFFF,
    0xFFFFFFFF,0xFFFFFFFF,0xFFFF123F,0x123F123F,0x123F123F,0x123F123F,0x00000000,0x00000000,
    0x00000000,0x00000000,0x123F123F,0x123F123F,0x123F123F,0x123FFFFF,0xFFFFFFFF,0xFFFFFFFF,
    0xFFFFFFFF,0xFFFFFFFF,0xFFFFFFFF,0xFFFFFFFF,0xFFFFFFFF,0xFFFFFFFF,0xFFFFFFFF,0xFFFFFFFF,
    0xFFFFFFFF,0xFFFFFFFF,0xFFFF123F,0x123F123F,0x123F123F,0x123F123F,0x00000000,0x00000000,
    0x00000000,0x00000000,0x123B123F,0x123F123F,0x123F123F,0x123F899F,0xFFFFFFFF,0xFFFFFFFF,
    0xFFFFFFFF,0xFFFFFFFF,0xFFFFFFFF,0xFFFFFFFF,0xFFFFFFFF,0xFFFFFFFF,0xFFFFFFFF,0xFFFFFFFF,
    0xFFFFFFFF,0xFFFFFFFF,0x899F123F,0x123F123F,0x123F123F,0x123F123B,0x00000000,0x00000000,
    0x00000000,0x00000000,0x1234123F,0x123F123F,0x123F123F,0x123F123F,0x123F123F,0x123F123F,
    0x123F123F,0x123F123F,0x123F123F,0x123F123F,0x123F123F,0x123F123F,0x123F123F,0x123F123F,
    0x123F123F,0x123F123F,0x123F123F,0x123F123F,0x123F123F,0x123F1234,0x00000000,0x00000000,
    0x00000000,0x00000000,0x00001238,0x123F123F,0x123F123F,0x123F123F,0x123F123F,0x123F123F,
    0x123F123F,0x123F123F,0x123F123F,0x123F123F,0x123F123F,0x123F123F,0x123F123F,0x123F123F,
    0x123F123F,0x123F123F,0x123F123F,0x123F123F,0x123F123F,0x12380000,0x00000000,0x00000000,
    0x00000000,0x00000000,0x00000000,0x1234123B,0x123F123F,0x123F123F,0x123F123F,0x123F123F,
    0x123F123F,0x123F123F,0x123F123F,0x123F123F,0x123F123F,0x123F123F,0x123F123F,0x123F123F,
    0x123F123F,0x123F123F,0x123F123F,0x123F123F,0x123B1234,0x00000000,0x00000000,0x00000000,
    0x00000000,0x00000000,0x00000000,0x00000000,0x00000000,0x00000000,0x00000000,0x00000000,
    0x00000000,0x00000000,0x00000000,0x00000000,0x00000000,0x00000000,0x00000000,0x00000000,
    0x00000000,0x00000000,0x00000000,0x00000000,0x00000000,0x00000000,0x00000000,0x00000000,
    0x00000000,0x00000000,0x00000000,0x00000000,0x00000000,0x00000000,0x00000000,0x00000000,
    0x00000000,0x00000000,0x00000000,0x00000000,0x00000000,0x00000000,0x00000000,0x00000000,
    0x00000000,0x00000000,0x00000000,0x00000000,0x00000000,0x00000000,0x00000000,0x00000000,
    0x00000000,0x00000000,0x00000000,0x00000000,0x00000000,0x00000000,0x00000000,0x00000000,
    0x00000000,0x00000000,0x00000000,0x00000000,0x00000000,0x00000000,0x00000000,0x00000000,
    0x00000000,0x00000000,0x00000000,0x00000000,0x00000000,0x00000000,0x00000000,0x00000000,
    0x00000000,0x00000000,0x00000000,0x00000000,0x00000000,0x00000000,0x00000000,0x00000000,
    0x00000000,0x00000000,0x00000000,0x00000000,0x00000000,0x00000000,0x00000000,0x00000000,
    0x00000000,0x00000000,0x00000000,0x00000000,0x00000000,0x00000000,0x00000000,0x00000000,
    0x00000000,0x00000000,0x00000000,0x00000000,0x00000000,0x00000000,0x00000000,0x00000000,
    0x00000000,0x00000000,0x00000000,0x00000000,0x00000000,0x00000000,0x00000000,0x00000000,
    0x00000000,0x00000000,0x00000000,0x00000000,0x00000000,0x00000000,0x00000000,0x00000000,
    0x00000000,0x00000000,0x00000000,0x00000000,0x00000000,0x00000000,0x00000000,0x00000000,
    0x00000000,0x00000000,0x00000000,0x00000000,0x00000000,0x00000000,0x00000000,0x00000000,
    0x00000000,0x00000000,0x00000000,0x00000000,0x00000000,0x00000000,0x00000000,0x00000000,
    0x00000000,0x00000000,0x00000000,0x00000000,0x00000000,0x00000000,0x00000000,0x00000000,
    0x00000000,0x00000000,0x00000000,0x00000000,0x00000000,0x00000000,0x00000000,0x00000000,
    0x00000000,0x00000000,0x00000000,0x00000000,0x00000000,0x00000000,0x00000000,0x00000000,
    0x00000000,0x00000000,0x00000000,0x00000000,0x00000000,0x00000000,0x00000000,0x00000000,
    0x00000000,0x00000000,0x00000000,0x00000000,0x00000000,0x00000000,0x00000000,0x00000000,
    0x00000000,0x00000000,0x00000000,0x00000000,0x00000000,0x00000000,0x00000000,0x00000000,
    0x00000000,0x00000000,0x00000000,0x00000000,0x00000000,0x00000000,0x00000000,0x00000000,
    0x00000000,0x00000000,0x00000000,0x00000000,0x00000000,0x00000000,0x00000000,0x00000000,
    0x00000000,0x00000000,0x00000000,0x00000000,0x00000000,0x00000000,0x00000000,0x00000000,
    0x00000000,0x00000000,0x00000000,0x00000000,0x00000000,0x00000000,0x00000000,0x00000000,
    0x00000000,0x00000000,0x00000000,0x00000000,0x00000000,0x00000000,0x00000000,0x00000000,
    0x00000000,0x00000000,0x00000000,0x00000000,0x00000000,0x00000000,0x00000000,0x00000000,
    0x00000000,0x00000000,0x00000000,0x00000000,0x00000000,0x00000000,0x00000000,0x00000000,
    0x00000000,0x00000000,0x00000000,0x00000000,0x00000000,0x00000000,0x00000000,0x00000000,
    0x00000000,0x00000000,0x00000000,0x00000000,0x00000000,0x00000000,0x00000000,0x00000000,
    0x00000000,0x00000000,0x00000000,0x00000000,0x00000000,0x00000000,0x00000000,0x00000000,
    0x00000000,0x00000000,0x00000000,0x00000000,0x00000000,0x00000000,0x00000000,0x00000000,
    0x00000000,0x00000000,0x00000000,0x00000000,0x00000000,0x00000000,0x00000000,0x00000000,
};
#define PROF_ICON_ONSCREEN_KEYBOARD_SIZE 48

static const uint32_t prof_icon_image_viewer_rgba[] = {
    0x00000000,0x00000000,0x00000000,0x00000000,0x00000000,0x00000000,0x00000000,0x00000000,
    0x00000000,0x00000000,0x00000000,0x00000000,0x00000000,0x00000000,0x00000000,0x00000000,
    0x00000000,0x00000000,0x00000000,0x00000000,0x00000000,0x00000000,0x00000000,0x00000000,
    0x00000000,0x00000000,0x00000000,0x00000000,0x00000000,0x00000000,0x00000000,0x00000000,
    0x00000000,0x00000000,0x00000000,0x00000000,0x00000000,0x00000000,0x00000000,0x00000000,
    0x00000000,0x00000000,0x00000000,0x00000000,0x00000000,0x00000000,0x00000000,0x00000000,
    0x00000000,0x00000000,0x00000000,0x00000000,0x00000000,0x00000000,0x00000000,0x00000000,
    0x00000000,0x00000000,0x00000000,0x00000000,0x00000000,0x00000000,0x00000000,0x00000000,
    0x00000000,0x00000000,0x00000000,0x00000000,0x00000000,0x00000000,0x00000000,0x00000000,
    0x00000000,0x00000000,0x00000000,0x00000000,0x00000000,0x00000000,0x00000000,0x00000000,
    0x00000000,0x00000000,0x00000000,0x00000000,0x00000000,0x00000000,0x00000000,0x00000000,
    0x00000000,0x00000000,0x00000000,0x00000000,0x00000000,0x00000000,0x00000000,0x00000000,
    0x00000000,0x00000000,0x00000000,0x00000000,0x00000000,0x00000000,0x00000000,0x00000000,
    0x00000000,0x00000000,0x00000000,0x00000000,0x00000000,0x00000000,0x00000000,0x00000000,
    0x00000000,0x00000000,0x00000000,0x00000000,0x00000000,0x00000000,0x00000000,0x00000000,
    0x00000000,0x00000000,0x00000000,0x00000000,0x00000000,0x00000000,0x00000000,0x00000000,
    0x00000000,0x00000000,0x00000000,0x00000000,0x00000000,0x00000000,0x00000000,0x00000000,
    0x00000000,0x00000000,0x00000000,0x00000000,0x00000000,0x00000000,0x00000000,0x00000000,
    0x00000000,0x00000000,0x00000000,0x92408146,0x814C814F,0x814F814F,0x814F814F,0x814F814F,
    0x814F814F,0x814F814F,0x814F814F,0x814F814F,0x814F814F,0x814F814F,0x814F814F,0x814F814F,
    0x814F814F,0x814F814F,0x814F814F,0x814F814C,0x81469240,0x00000000,0x00000000,0x00000000,
    0x00000000,0x00000000,0x00008141,0x814D814F,0x814F814F,0x814F814F,0x814F814F,0x814F814F,
    0x814F814F,0x814F814F,0x814F814F,0x814F814F,0x814F814F,0x814F814F,0x814F814F,0x814F814F,
    0x814F814F,0x814F814F,0x814F814F,0x814F814F,0x814F814C,0x81410000,0x00000000,0x00000000,
    0x00000000,0x00000000,0x9240814D,0x814F814F,0x814F814F,0x814F814F,0x814F814F,0x814F814F,
    0x814F814F,0x814F814F,0x814F814F,0x814F814F,0x814F814F,0x814F814F,0x814F814F,0x814F814F,
    0x814F814F,0x814F814F,0x814F814F,0x814F814F,0x814F814F,0x814C9240,0x00000000,0x00000000,
    0x00000000,0x00000000,0x8146814F,0x814F814F,0x814F814F,0x814F814F,0x814F814F,0x814F814F,
    0x814F814F,0x814F814F,0x814F814F,0x814F814F,0x814F814F,0x814F814F,0x814F814F,0x814F814F,
    0x814F814F,0x814F814F,0x814F814F,0x814F814F,0x814F814F,0x814F8146,0x00000000,0x00000000,
    0x00000000,0x00000000,0x814C814F,0x814F814F,0x814F814F,0x814F814F,0x814F814F,0x814F814F,
    0x814F814F,0x814F814F,0x814F814F,0x814F814F,0x814F814F,0x814F814F,0x814F814F,0x814F814F,
    0x814F814F,0x814F814F,0x814F814F,0x814F814F,0x814F814F,0x814F814C,0x00000000,0x00000000,
    0x00000000,0x00000000,0x814F814F,0x814F814F,0x814F814F,0x814F814F,0x814F814F,0x814F814F,
    0x814F814F,0x814F814F,0x814F814F,0x814F814F,0x814F814F,0x814F814F,0x814F814F,0x814F814F,
    0x814F814F,0x814F814F,0x814F814F,0x814F814F,0x814F814F,0x814F814F,0x00000000,0x00000000,
    0x00000000,0x00000000,0x814F814F,0x814F814F,0x814F814F,0x814F814F,0x814F814F,0x814F814F,
    0x814F814F,0x814F814F,0x814F814F,0x814F814F,0x814F814F,0x814F814F,0x814F814F,0x814F814F,
    0x814F814F,0x814F814F,0x814F814F,0x814F814F,0x814F814F,0x814F814F,0x00000000,0x00000000,
    0x00000000,0x00000000,0x814F814F,0x814F814F,0x814F814F,0x814F814F,0x814F814F,0x944FB74F,
    0xB74F944F,0x814F814F,0x814F814F,0x814F814F,0x814F814F,0x814F814F,0x814F814F,0x814F814F,
    0x814F814F,0x814F814F,0x814F814F,0x814F814F,0x814F814F,0x814F814F,0x00000000,0x00000000,
    0x00000000,0x00000000,0x814F814F,0x814F814F,0x814F814F,0x814F814F,0x824FDA4F,0xFE4FFE4F,
    0xFE4FFE4F,0xDA4F824F,0x814F814F,0x814F814F,0x814F814F,0x814F814F,0x814F814F,0x814F814F,
    0x814F814F,0x814F814F,0x814F814F,0x814F814F,0x814F814F,0x814F814F,0x00000000,0x00000000,
    0x00000000,0x00000000,0x814F814F,0x814F814F,0x814F814F,0x814F814F,0xDA4FFE4F,0xFE4FFE4F,
    0xFE4FFE4F,0xFE4FDA4F,0x814F814F,0x814F814F,0x814F814F,0x814F814F,0x814F814F,0x814F814F,
    0x814F814F,0x814F814F,0x814F814F,0x814F814F,0x814F814F,0x814F814F,0x00000000,0x00000000,
    0x00000000,0x00000000,0x814F814F,0x814F814F,0x814F814F,0x814F944F,0xFE4FFE4F,0xFE4FFE4F,
    0xFE4FFE4F,0xFE4FFE4F,0x944F814F,0x814F814F,0x814F814F,0x814F814F,0x814F814F,0x814F814F,
    0x814F814F,0x814F814F,0x814F814F,0x814F814F,0x814F814F,0x814F814F,0x00000000,0x00000000,
    0x00000000,0x00000000,0x814F814F,0x814F814F,0x814F814F,0x814FB74F,0xFE4FFE4F,0xFE4FFE4F,
    0xFE4FFE4F,0xFE4FFE4F,0xB74F814F,0x814F814F,0x814F814F,0x814F814F,0x814F814F,0x814F814F,
    0x814F814F,0x814F814F,0x814F814F,0x814F814F,0x814F814F,0x814F814F,0x00000000,0x00000000,
    0x00000000,0x00000000,0x814F814F,0x814F814F,0x814F814F,0x814FB74F,0xFE4FFE4F,0xFE4FFE4F,
    0xFE4FFE4F,0xFE4FFE4F,0xB74F814F,0x814F814F,0x814F814F,0x814F814F,0x814F814F,0x814F814F,
    0x814FA48F,0xA37F814F,0x814F814F,0x814F814F,0x814F814F,0x814F814F,0x00000000,0x00000000,
    0x00000000,0x00000000,0x814F814F,0x814F814F,0x814F814F,0x814F944F,0xFE4FFE4F,0xFE4FFE4F,
    0xFE4FFE4F,0xFE4FFE4F,0x944F814F,0x814F814F,0x814F814F,0x814F814F,0x814F814F,0x814F814F,
    0x937FE7FF,0xD6DF814F,0x814F814F,0x814F814F,0x814F814F,0x814F814F,0x00000000,0x00000000,
    0x00000000,0x00000000,0x814F814F,0x814F814F,0x814F814F,0x814F814F,0xDA4FFE4F,0xFE4FFE4F,
    0xFE4FFE4F,0xFE4FDA4F,0x814F814F,0x814F814F,0x814F814F,0x814F814F,0x814F814F,0x814F925F,
    0xE7EFE7FF,0xE7FFA38F,0x814F814F,0x814F814F,0x814F814F,0x814F814F,0x00000000,0x00000000,
    0x00000000,0x00000000,0x814F814F,0x814F814F,0x814F814F,0x814F814F,0x824FDA4F,0xFE4FFE4F,
    0xFE4FFE4F,0xDA4F824F,0x814F814F,0x814F814F,0x814F814F,0x814F814F,0x814F814F,0x815FD6DF,
    0xE7FFE7FF,0xE7FFD7EF,0x814F814F,0x814F814F,0x814F814F,0x814F814F,0x00000000,0x00000000,
    0x00000000,0x00000000,0x814F814F,0x814F814F,0x814F814F,0x814F814F,0x814F814F,0x944FC79F,
    0xD7AF944F,0x814F814F,0x814F814F,0x814F814F,0x814F814F,0x814F814F,0x814F814F,0xC5CFE7FF,
    0xE7FFE7FF,0xE7FFE7FF,0xB49F814F,0x814F814F,0x814F814F,0x814F814F,0x00000000,0x00000000,
    0x00000000,0x00000000,0x814F814F,0x814F814F,0x814F814F,0x814F814F,0x814F814F,0x937FE7FF,
    0xE7FFB4AF,0x814F814F,0x814F814F,0x814F814F,0x814F814F,0x814F814F,0x814FB5AF,0xE7FFE7FF,
    0xE7FFE7FF,0xE7FFE7FF,0xE7FF825F,0x814F814F,0x814F814F,0x814F814F,0x00000000,0x00000000,
    0x00000000,0x00000000,0x814F814F,0x814F814F,0x814F814F,0x814F814F,0x814F926F,0xE7FFE7FF,
    0xE7FFE7FF,0xB4AF814F,0x814F814F,0x814F814F,0x814F814F,0x814F814F,0xA48FE7FF,0xE7FFE7FF,
    0xE7FFE7FF,0xE7FFE7FF,0xE7FFC5BF,0x814F814F,0x814F814F,0x814F814F,0x00000000,0x00000000,
    0x00000000,0x00000000,0x814F814F,0x814F814F,0x814F814F,0x814F814F,0x825FD6EF,0xE7FFE7FF,
    0xE7FFE7FF,0xE7FFB4AF,0x814F814F,0x814F814F,0x814F814F,0x814F937F,0xE7FFE7FF,0xE7FFE7FF,
    0xE7FFE7FF,0xE7FFE7FF,0xE7FFE7FF,0x926F814F,0x814F814F,0x814F814F,0x00000000,0x00000000,
    0x00000000,0x00000000,0x814F814F,0x814F814F,0x814F814F,0x814F814F,0xD6DFE7FF,0xE7FFE7FF,
    0xE7FFE7FF,0xE7FFE7FF,0xB4AF814F,0x814F814F,0x814F814F,0x925FE7EF,0xE7FFE7FF,0xE7FFE7FF,
    0xE7FFE7FF,0xE7FFE7FF,0xE7FFE7FF,0xC6CF814F,0x814F814F,0x814F814F,0x00000000,0x00000000,
    0x00000000,0x00000000,0x814F814F,0x814F814F,0x814F814F,0x814FC5CF,0xE7FFE7FF,0xE7FFE7FF,
    0xE7FFE7FF,0xE7FFE7FF,0xE7FFB4AF,0x814F814F,0x814F815F,0xD6DFE7FF,0xE7FFE7FF,0xE7FFE7FF,
    0xE7FFE7FF,0xE7FFE7FF,0xE7FFE7FF,0xE7FFA37F,0x814F814F,0x814F814F,0x00000000,0x00000000,
    0x00000000,0x00000000,0x814F814F,0x814F814F,0x814F814F,0xB4AFE7FF,0xE7FFE7FF,0xE7FFE7FF,
    0xE7FFE7FF,0xE7FFE7FF,0xE7FFE7FF,0xB4AF814F,0x814FC5CF,0xE7FFE7FF,0xE7FFE7FF,0xE7FFE7FF,
    0xE7FFE7FF,0xE7FFE7FF,0xE7FFE7FF,0xE7FFD6DF,0x814F814F,0x814F814F,0x00000000,0x00000000,
    0x00000000,0x00000000,0x814F814F,0x814F814F,0x814FA49F,0xE7FFE7FF,0xE7FFE7FF,0xE7FFE7FF,
    0xE7FFE7FF,0xE7FFE7FF,0xE7FFE7FF,0xE7FFB49F,0xB5AFE7FF,0xE7FFE7FF,0xE7FFE7FF,0xE7FFE7FF,
    0xE7FFE7FF,0xE7FFE7FF,0xE7FFE7FF,0xE7FFE7FF,0xA38F814F,0x814F814F,0x00000000,0x00000000,
    0x00000000,0x00000000,0x814F814F,0x814F814F,0x937FE7FF,0xE7FFE7FF,0xE7FFE7FF,0xE7FFE7FF,
    0xE7FFE7FF,0xE7FFE7FF,0xE7FFE7FF,0xE7FFE7FF,0xE7FFE7FF,0xE7FFE7FF,0xE7FFE7FF,0xE7FFE7FF,
    0xE7FFE7FF,0xE7FFE7FF,0xE7FFE7FF,0xE7FFE7FF,0xD7EF814F,0x814F814F,0x00000000,0x00000000,
    0x00000000,0x00000000,0x814F814F,0x814F926F,0xE7FFE7FF,0xE7FFE7FF,0xE7FFE7FF,0xE7FFE7FF,
    0xE7FFE7FF,0xE7FFE7FF,0xE7FFE7FF,0xE7FFE7FF,0xE7FFE7FF,0xE7FFE7FF,0xE7FFE7FF,0xE7FFE7FF,
    0xE7FFE7FF,0xE7FFE7FF,0xE7FFE7FF,0xE7FFE7FF,0xE7FFB49F,0x814F814F,0x00000000,0x00000000,
    0x00000000,0x00000000,0x814F814F,0x825FD6EF,0xE7FFE7FF,0xE7FFE7FF,0xE7FFE7FF,0xE7FFE7FF,
    0xE7FFE7FF,0xE7FFE7FF,0xE7FFE7FF,0xE7FFE7FF,0xE7FFE7FF,0xE7FFE7FF,0xE7FFE7FF,0xE7FFE7FF,
    0xE7FFE7FF,0xE7FFE7FF,0xE7FFE7FF,0xE7FFE7FF,0xE7FFE7FF,0x825F814F,0x00000000,0x00000000,
    0x00000000,0x00000000,0x814F814F,0xD6DFE7FF,0xE7FFE7FF,0xE7FFE7FF,0xE7FFE7FF,0xE7FFE7FF,
    0xE7FFE7FF,0xE7FFE7FF,0xE7FFE7FF,0xE7FFE7FF,0xE7FFE7FF,0xE7FFE7FF,0xE7FFE7FF,0xE7FFE7FF,
    0xE7FFE7FF,0xE7FFE7FF,0xE7FFE7FF,0xE7FFE7FF,0xE7FFE7FF,0xC5BF814F,0x00000000,0x00000000,
    0x00000000,0x00000000,0x814FC5CF,0xE7FFE7FF,0xE7FFE7FF,0xE7FFE7FF,0xE7FFE7FF,0xE7FFE7FF,
    0xE7FFE7FF,0xE7FFE7FF,0xE7FFE7FF,0xE7FFE7FF,0xE7FFE7FF,0xE7FFE7FF,0xE7FFE7FF,0xE7FFE7FF,
    0xE7FFE7FF,0xE7FFE7FF,0xE7FFE7FF,0xE7FFE7FF,0xE7FFE7FF,0xE7FF926F,0x00000000,0x00000000,
    0x00000000,0x00000000,0xB4AFE7FF,0xE7FFE7FF,0xE7FFE7FF,0xE7FFE7FF,0xE7FFE7FF,0xE7FFE7FF,
    0xE7FFE7FF,0xE7FFE7FF,0xE7FFE7FF,0xE7FFE7FF,0xE7FFE7FF,0xE7FFE7FF,0xE7FFE7FF,0xE7FFE7FF,
    0xE7FFE7FF,0xE7FFE7FF,0xE7FFE7FF,0xE7FFE7FF,0xE7FFE7FF,0xE7FFC6CF,0x00000000,0x00000000,
    0x00000000,0x00000000,0x814F814F,0x814F814F,0x814F814F,0x814F814F,0x814F814F,0x814F814F,
    0x814F814F,0x814F814F,0x814F814F,0x814F814F,0x814F814F,0x814F814F,0x814F814F,0x814F814F,
    0x814F814F,0x814F814F,0x814F814F,0x814F814F,0x814F814F,0x814F814F,0x00000000,0x00000000,
    0x00000000,0x00000000,0x814C814F,0x814F814F,0x814F814F,0x814F814F,0x814F814F,0x814F814F,
    0x814F814F,0x814F814F,0x814F814F,0x814F814F,0x814F814F,0x814F814F,0x814F814F,0x814F814F,
    0x814F814F,0x814F814F,0x814F814F,0x814F814F,0x814F814F,0x814F814C,0x00000000,0x00000000,
    0x00000000,0x00000000,0x8146814F,0x814F814F,0x814F814F,0x814F814F,0x814F814F,0x814F814F,
    0x814F814F,0x814F814F,0x814F814F,0x814F814F,0x814F814F,0x814F814F,0x814F814F,0x814F814F,
    0x814F814F,0x814F814F,0x814F814F,0x814F814F,0x814F814F,0x814F8146,0x00000000,0x00000000,
    0x00000000,0x00000000,0x9240814C,0x814F814F,0x814F814F,0x814F814F,0x814F814F,0x814F814F,
    0x814F814F,0x814F814F,0x814F814F,0x814F814F,0x814F814F,0x814F814F,0x814F814F,0x814F814F,
    0x814F814F,0x814F814F,0x814F814F,0x814F814F,0x814F814F,0x814C8250,0x00000000,0x00000000,
    0x00000000,0x00000000,0x00008141,0x814C814F,0x814F814F,0x814F814F,0x814F814F,0x814F814F,
    0x814F814F,0x814F814F,0x814F814F,0x814F814F,0x814F814F,0x814F814F,0x814F814F,0x814F814F,
    0x814F814F,0x814F814F,0x814F814F,0x814F814F,0x814F814C,0x81410000,0x00000000,0x00000000,
    0x00000000,0x00000000,0x00000000,0x82508146,0x814C814F,0x814F814F,0x814F814F,0x814F814F,
    0x814F814F,0x814F814F,0x814F814F,0x814F814F,0x814F814F,0x814F814F,0x814F814F,0x814F814F,
    0x814F814F,0x814F814F,0x814F814F,0x814F814C,0x81468250,0x00000000,0x00000000,0x00000000,
    0x00000000,0x00000000,0x00000000,0x00000000,0x00000000,0x00000000,0x00000000,0x00000000,
    0x00000000,0x00000000,0x00000000,0x00000000,0x00000000,0x00000000,0x00000000,0x00000000,
    0x00000000,0x00000000,0x00000000,0x00000000,0x00000000,0x00000000,0x00000000,0x00000000,
    0x00000000,0x00000000,0x00000000,0x00000000,0x00000000,0x00000000,0x00000000,0x00000000,
    0x00000000,0x00000000,0x00000000,0x00000000,0x00000000,0x00000000,0x00000000,0x00000000,
    0x00000000,0x00000000,0x00000000,0x00000000,0x00000000,0x00000000,0x00000000,0x00000000,
    0x00000000,0x00000000,0x00000000,0x00000000,0x00000000,0x00000000,0x00000000,0x00000000,
    0x00000000,0x00000000,0x00000000,0x00000000,0x00000000,0x00000000,0x00000000,0x00000000,
    0x00000000,0x00000000,0x00000000,0x00000000,0x00000000,0x00000000,0x00000000,0x00000000,
    0x00000000,0x00000000,0x00000000,0x00000000,0x00000000,0x00000000,0x00000000,0x00000000,
    0x00000000,0x00000000,0x00000000,0x00000000,0x00000000,0x00000000,0x00000000,0x00000000,
    0x00000000,0x00000000,0x00000000,0x00000000,0x00000000,0x00000000,0x00000000,0x00000000,
    0x00000000,0x00000000,0x00000000,0x00000000,0x00000000,0x00000000,0x00000000,0x00000000,
    0x00000000,0x00000000,0x00000000,0x00000000,0x00000000,0x00000000,0x00000000,0x00000000,
    0x00000000,0x00000000,0x00000000,0x00000000,0x00000000,0x00000000,0x00000000,0x00000000,
    0x00000000,0x00000000,0x00000000,0x00000000,0x00000000,0x00000000,0x00000000,0x00000000,
    0x00000000,0x00000000,0x00000000,0x00000000,0x00000000,0x00000000,0x00000000,0x00000000,
    0x00000000,0x00000000,0x00000000,0x00000000,0x00000000,0x00000000,0x00000000,0x00000000,
};
#define PROF_ICON_IMAGE_VIEWER_SIZE 48

static const uint32_t prof_icon_bitmap_maker_rgba[] = {
    0x00000000,0x00000000,0x00000000,0x00000000,0x00000000,0x00000000,0x00000000,0x00000000,
    0x00000000,0x00000000,0x00000000,0x00000000,0x00000000,0x00000000,0x00000000,0x00000000,
    0x00000000,0x00000000,0x00000000,0x00000000,0x00000000,0x00000000,0x00000000,0x00000000,
    0x00000000,0x00000000,0x00000000,0x00000000,0x00000000,0x00000000,0x00000000,0x00000000,
    0x00000000,0x00000000,0x00000000,0x00000000,0x00000000,0x00000000,0x00000000,0x00000000,
    0x00000000,0x00000000,0x00000000,0x00000000,0x00000000,0x00000000,0x00000000,0x00000000,
    0x00000000,0x00000000,0x00000000,0x00000000,0x00000000,0x00000000,0x00000000,0x00000000,
    0x00000000,0x00000000,0x00000000,0x00000000,0x00000000,0x00000000,0x00000000,0x00000000,
    0x00000000,0x00000000,0x00000000,0x00000000,0x00000000,0x00000000,0x00000000,0x00000000,
    0x00000000,0x00000000,0x00000000,0x00000000,0x00000000,0x00000000,0x00000000,0x00000000,
    0x00000000,0x00000000,0x00000000,0x00000000,0x00000000,0x00000000,0x00000000,0x00000000,
    0x00000000,0x00000000,0x00000000,0x00000000,0x00000000,0x00000000,0x00000000,0x00000000,
    0x00000000,0x00000000,0x00000000,0x00000000,0x00000000,0x00000000,0x00000000,0x00000000,
    0x00000000,0x00000000,0x00000000,0x00000000,0x00000000,0x00000000,0x00000000,0x00000000,
    0x00000000,0x00000000,0x00000000,0x00000000,0x00000000,0x00000000,0x00000000,0x00000000,
    0x00000000,0x00000000,0x00000000,0x00000000,0x00000000,0x00000000,0x00000000,0x00000000,
    0x00000000,0x00000000,0x00000000,0x00000000,0x00000000,0x00000000,0x00000000,0x00000000,
    0x00000000,0x00000000,0x00000000,0x00000000,0x00000000,0x00000000,0x00000000,0x00000000,
    0x00000000,0x00000000,0x00000000,0xE444E44E,0xE44FE44F,0xE44FE44F,0xE44FE44F,0xE44FE44E,
    0xE4440000,0x0000F904,0xF90EF90F,0xF90FF90F,0xF90FF90F,0xF90FF90F,0xF90EF904,0x00000000,
    0x1B841B8E,0x1B8F1B8F,0x1B8F1B8F,0x1B8F1B8F,0x1B8E1B84,0x00000000,0x00000000,0x00000000,
    0x00000000,0x00000000,0x00000000,0xE44EE44F,0xE44FE44F,0xE44FE44F,0xE44FE44F,0xE44FE44F,
    0xE44E0000,0x0000F90E,0xF90FF90F,0xF90FF90F,0xF90FF90F,0xF90FF90F,0xF90FF90E,0x00000000,
    0x1B8E1B8F,0x1B8F1B8F,0x1B8F1B8F,0x1B8F1B8F,0x1B8F1B8E,0x00000000,0x00000000,0x00000000,
    0x00000000,0x00000000,0x00000000,0xE44FE44F,0xE44FE44F,0xE44FE44F,0xE44FE44F,0xE44FE44F,
    0xE44F0000,0x0000F90F,0xF90FF90F,0xF90FF90F,0xF90FF90F,0xF90FF90F,0xF90FF90F,0x00000000,
    0x1B8F1B8F,0x1B8F1B8F,0x1B8F1B8F,0x1B8F1B8F,0x1B8F1B8F,0x00000000,0x00000000,0x00000000,
    0x00000000,0x00000000,0x00000000,0xE44FE44F,0xE44FE44F,0xE44FE44F,0xE44FE44F,0xE44FE44F,
    0xE44F0000,0x0000F90F,0xF90FF90F,0xF90FF90F,0xF90FF90F,0xF90FF90F,0xF90FF90F,0x00000000,
    0x1B8F1B8F,0x1B8F1B8F,0x1B8F1B8F,0x1B8F1B8F,0x1B8F1B8F,0x00000000,0x00000000,0x00000000,
    0x00000000,0x00000000,0x00000000,0xE44FE44F,0xE44FE44F,0xE44FE44F,0xE44FE44F,0xE44FE44F,
    0xE44F0000,0x0000F90F,0xF90FF90F,0xF90FF90F,0xF90FF90F,0xF90FF90F,0xF90FF90F,0x00000000,
    0x1B8F1B8F,0x1B8F1B8F,0x1B8F1B8F,0x1B8F1B8F,0x1B8F1B8F,0x00000000,0x00000000,0x00000000,
    0x00000000,0x00000000,0x00000000,0xE44FE44F,0xE44FE44F,0xE44FE44F,0xE44FE44F,0xE44FE44F,
    0xE44F0000,0x0000F90F,0xF90FF90F,0xF90FF90F,0xF90FF90F,0xF90FF90F,0xF90FF90F,0x00000000,
    0x1B8F1B8F,0x1B8F1B8F,0x1B8F1B8F,0x1B8F1B8F,0x1B8F1B8F,0x00000000,0x00000000,0x00000000,
    0x00000000,0x00000000,0x00000000,0xE44FE44F,0xE44FE44F,0xE44FE44F,0xE44FE44F,0xE44FE44F,
    0xE44F0000,0x0000F90F,0xF90FF90F,0xF90FF90F,0xF90FF90F,0xF90FF90F,0xF90FF90F,0x00000000,
    0x1B8F1B8F,0x1B8F1B8F,0x1B8F1B8F,0x1B8F1B8F,0x1B8F1B8F,0x00000000,0x00000000,0x00000000,
    0x00000000,0x00000000,0x00000000,0xE44FE44F,0xE44FE44F,0xE44FE44F,0xE44FE44F,0xE44FE44F,
    0xE44F0000,0x0000F90F,0xF90FF90F,0xF90FF90F,0xF90FF90F,0xF90FF90F,0xF90FF90F,0x00000000,
    0x1B8F1B8F,0x1B8F1B8F,0x1B8F1B8F,0x1B8F1B8F,0x1B8F1B8F,0x00000000,0x00000000,0x00000000,
    0x00000000,0x00000000,0x00000000,0xE44FE44F,0xE44FE44F,0xE44FE44F,0xE44FE44F,0xE44FE44F,
    0xE44F0000,0x0000F90F,0xF90FF90F,0xF90FF90F,0xF90FF90F,0xF90FF90F,0xF90FF90F,0x00000000,
    0x1B8F1B8F,0x1B8F1B8F,0x1B8F1B8F,0x1B8F1B8F,0x1B8F1B8F,0x00000000,0x00000000,0x00000000,
    0x00000000,0x00000000,0x00000000,0xE44EE44F,0xE44FE44F,0xE44FE44F,0xE44FE44F,0xE44FE44F,
    0xE44E0000,0x0000F90E,0xF90FF90F,0xF90FF90F,0xF90FF90F,0xF90FF90F,0xF90FF90E,0x00000000,
    0x1B8E1B8F,0x1B8F1B8F,0x1B8F1B8F,0x1B8F1B8F,0x1B8F1B8E,0x00000000,0x00000000,0x00000000,
    0x00000000,0x00000000,0x00000000,0xE444E44E,0xE44FE44F,0xE44FE44F,0xE44FE44F,0xE44FE44E,
    0xE4440000,0x0000F904,0xF90EF90F,0xF90FF90F,0xF90FF90F,0xF90FF90F,0xF90EF904,0x00000000,
    0x1B841B8E,0x1B8F1B8F,0x1B8F1B8F,0x1B8F1B8F,0x1B8E1B84,0x00000000,0x00000000,0x00000000,
    0x00000000,0x00000000,0x00000000,0x00000000,0x00000000,0x00000000,0x00000000,0x00000000,
    0x00000000,0x00000000,0x00000000,0x00000000,0x00000000,0x00000000,0x00000000,0x00000000,
    0x00000000,0x00000000,0x00000000,0x00000000,0x00000000,0x00000000,0x00000000,0x00000000,
    0x00000000,0x00000000,0x00000000,0x00000000,0x00000000,0x00000000,0x00000000,0x00000000,
    0x00000000,0x00000000,0x00000000,0x00000000,0x00000000,0x00000000,0x00000000,0x00000000,
    0x00000000,0x00000000,0x00000000,0x00000000,0x00000000,0x00000000,0x00000000,0x00000000,
    0x00000000,0x00000000,0x00000000,0x3BF43BFE,0x3BFF3BFF,0x3BFF3BFF,0x3BFF3BFF,0x3BFF3BFE,
    0x3BF40000,0x000085F4,0x85FE85FF,0x85FF85FF,0x85FF85FF,0x85FF85FF,0x85FE85F4,0x00000000,
    0xE494E49E,0xE49FE49F,0xE49FE49F,0xE49FE49F,0xE49EE494,0x00000000,0x00000000,0x00000000,
    0x00000000,0x00000000,0x00000000,0x3BFE3BFF,0x3BFF3BFF,0x3BFF3BFF,0x3BFF3BFF,0x3BFF3BFF,
    0x3BFE0000,0x000085FE,0x85FF85FF,0x85FF85FF,0x85FF85FF,0x85FF85FF,0x85FF85FE,0x00000000,
    0xE49EE49F,0xE49FE49F,0xE49FE49F,0xE49FE49F,0xE49FE49E,0x00000000,0x00000000,0x00000000,
    0x00000000,0x00000000,0x00000000,0x3BFF3BFF,0x3BFF3BFF,0x3BFF3BFF,0x3BFF3BFF,0x3BFF3BFF,
    0x3BFF0000,0x000085FF,0x85FF85FF,0x85FF85FF,0x85FF85FF,0x85FF85FF,0x85FF85FF,0x00000000,
    0xE49FE49F,0xE49FE49F,0xE49FE49F,0xE49FE49F,0xE49FE49F,0x00000000,0x00000000,0x00000000,
    0x00000000,0x00000000,0x00000000,0x3BFF3BFF,0x3BFF3BFF,0x3BFF3BFF,0x3BFF3BFF,0x3BFF3BFF,
    0x3BFF0000,0x000085FF,0x85FF85FF,0x85FF85FF,0x85FF85FF,0x85FF85FF,0x85FF85FF,0x00000000,
    0xE49FE49F,0xE49FE49F,0xE49FE49F,0xE49FE49F,0xE49FE49F,0x00000000,0x00000000,0x00000000,
    0x00000000,0x00000000,0x00000000,0x3BFF3BFF,0x3BFF3BFF,0x3BFF3BFF,0x3BFF3BFF,0x3BFF3BFF,
    0x3BFF0000,0x000085FF,0x85FF85FF,0x85FF85FF,0x85FF85FF,0x85FF85FF,0x85FF85FF,0x00000000,
    0xE49FE49F,0xE49FE49F,0xE49FE49F,0xE49FE49F,0xE49FE49F,0x00000000,0x00000000,0x00000000,
    0x00000000,0x00000000,0x00000000,0x3BFF3BFF,0x3BFF3BFF,0x3BFF3BFF,0x3BFF3BFF,0x3BFF3BFF,
    0x3BFF0000,0x000085FF,0x85FF85FF,0x85FF85FF,0x85FF85FF,0x85FF85FF,0x85FF85FF,0x00000000,
    0xE49FE49F,0xE49FE49F,0xE49FE49F,0xE49FE49F,0xE49FE49F,0x00000000,0x00000000,0x00000000,
    0x00000000,0x00000000,0x00000000,0x3BFF3BFF,0x3BFF3BFF,0x3BFF3BFF,0x3BFF3BFF,0x3BFF3BFF,
    0x3BFF0000,0x000085FF,0x85FF85FF,0x85FF85FF,0x85FF85FF,0x85FF85FF,0x85FF85FF,0x00000000,
    0xE49FE49F,0xE49FE49F,0xE49FE49F,0xE49FE49F,0xE49FE49F,0x00000000,0x00000000,0x00000000,
    0x00000000,0x00000000,0x00000000,0x3BFF3BFF,0x3BFF3BFF,0x3BFF3BFF,0x3BFF3BFF,0x3BFF3BFF,
    0x3BFF0000,0x000085FF,0x85FF85FF,0x85FF85FF,0x85FF85FF,0x85FF85FF,0x85FF85FF,0x00000000,
    0xE49FE49F,0xE49FE49F,0xE49FE49F,0xE49FE49F,0xE49FE49F,0x00000000,0x00000000,0x00000000,
    0x00000000,0x00000000,0x00000000,0x3BFF3BFF,0x3BFF3BFF,0x3BFF3BFF,0x3BFF3BFF,0x3BFF3BFF,
    0x3BFF0000,0x000085FF,0x85FF85FF,0x85FF85FF,0x85FF85FF,0x85FF85FF,0x85FF85FF,0x00000000,
    0xE49FE49F,0xE49FE49F,0xE49FE49F,0xE49FE49F,0xE49FE49F,0x00000000,0x00000000,0x00000000,
    0x00000000,0x00000000,0x00000000,0x3BFE3BFF,0x3BFF3BFF,0x3BFF3BFF,0x3BFF3BFF,0x3BFF3BFF,
    0x3BFE0000,0x000085FE,0x85FF85FF,0x85FF85FF,0x85FF85FF,0x85FF85FF,0x85FF85FE,0x00000000,
    0xE49EE49F,0xE49FE49F,0xE49FE49F,0xE49FE49F,0xE49FE49E,0x00000000,0x00000000,0x00000000,
    0x00000000,0x00000000,0x00000000,0x3BF43BFE,0x3BFF3BFF,0x3BFF3BFF,0x3BFF3BFF,0x3BFF3BFE,
    0x3BF40000,0x000085F4,0x85FE85FF,0x85FF85FF,0x85FF85FF,0x85FF85FF,0x85FE85F4,0x00000000,
    0xE494E49E,0xE49FE49F,0xE49FE49F,0xE49FE49F,0xE49EE494,0x00000000,0x00000000,0x00000000,
    0x00000000,0x00000000,0x00000000,0x00000000,0x00000000,0x00000000,0x00000000,0x00000000,
    0x00000000,0x00000000,0x00000000,0x00000000,0x00000000,0x00000000,0x00000000,0x00000000,
    0x00000000,0x00000000,0x00000000,0x00000000,0x00000000,0x00000000,0x00000000,0x00000000,
    0x00000000,0x00000000,0x00000000,0x00000000,0x00000000,0x00000000,0x00000000,0x00000000,
    0x00000000,0x00000000,0x00000000,0x00000000,0x00000000,0x00000000,0x00000000,0x00000000,
    0x00000000,0x00000000,0x00000000,0x00000000,0x00000000,0x00000000,0x00000000,0x00000000,
    0x00000000,0x00000000,0x00000000,0xF454F35E,0xF35FF35F,0xF35FF35F,0xF35FF35F,0xF35FF35E,
    0xF3540000,0x00000BD4,0x0BDE0BDF,0x0BDF0BDF,0x0BDF0BDF,0x0BDF0BDF,0x0BDE0BD4,0x00000000,
    0xFB24FB2E,0xFB2FFB2F,0xFB2FFB2F,0xFB2FFB2F,0xFB2EFC24,0x00000000,0x00000000,0x00000000,
    0x00000000,0x00000000,0x00000000,0xF35EF35F,0xF35FF35F,0xF35FF35F,0xF35FF35F,0xF35FF35F,
    0xF35E0000,0x00000BDE,0x0BDF0BDF,0x0BDF0BDF,0x0BDF0BDF,0x0BDF0BDF,0x0BDF0BDE,0x00000000,
    0xFB2EFB2F,0xFB2FFB2F,0xFB2FFB2F,0xFB2FFB2F,0xFB2FFB2E,0x00000000,0x00000000,0x00000000,
    0x00000000,0x00000000,0x00000000,0xF35FF35F,0xF35FF35F,0xF35FF35F,0xF35FF35F,0xF35FF35F,
    0xF35F0000,0x00000BDF,0x0BDF0BDF,0x0BDF0BDF,0x0BDF0BDF,0x0BDF0BDF,0x0BDF0BDF,0x00000000,
    0xFB2FFB2F,0xFB2FFB2F,0xFB2FFB2F,0xFB2FFB2F,0xFB2FFB2F,0x00000000,0x00000000,0x00000000,
    0x00000000,0x00000000,0x00000000,0xF35FF35F,0xF35FF35F,0xF35FF35F,0xF35FF35F,0xF35FF35F,
    0xF35F0000,0x00000BDF,0x0BDF0BDF,0x0BDF0BDF,0x0BDF0BDF,0x0BDF0BDF,0x0BDF0BDF,0x00000000,
    0xFB2FFB2F,0xFB2FFB2F,0xFB2FFB2F,0xFB2FFB2F,0xFB2FFB2F,0x00000000,0x00000000,0x00000000,
    0x00000000,0x00000000,0x00000000,0xF35FF35F,0xF35FF35F,0xF35FF35F,0xF35FF35F,0xF35FF35F,
    0xF35F0000,0x00000BDF,0x0BDF0BDF,0x0BDF0BDF,0x0BDF0BDF,0x0BDF0BDF,0x0BDF0BDF,0x00000000,
    0xFB2FFB2F,0xFB2FFB2F,0xFB2FFB2F,0xFB2FFB2F,0xFB2FFB2F,0x00000000,0x00000000,0x00000000,
    0x00000000,0x00000000,0x00000000,0xF35FF35F,0xF35FF35F,0xF35FF35F,0xF35FF35F,0xF35FF35F,
    0xF35F0000,0x00000BDF,0x0BDF0BDF,0x0BDF0BDF,0x0BDF0BDF,0x0BDF0BDF,0x0BDF0BDF,0x00000000,
    0xFB2FFB2F,0xFB2FFB2F,0xFB2FFB2F,0xFB2FFB2F,0xFB2FFB2F,0x00000000,0x00000000,0x00000000,
    0x00000000,0x00000000,0x00000000,0xF35FF35F,0xF35FF35F,0xF35FF35F,0xF35FF35F,0xF35FF35F,
    0xF35F0000,0x00000BDF,0x0BDF0BDF,0x0BDF0BDF,0x0BDF0BDF,0x0BDF0BDF,0x0BDF0BDF,0x00000000,
    0xFB2FFB2F,0xFB2FFB2F,0xFB2FFB2F,0xFB2FFB2F,0xFB2FFB2F,0x00000000,0x00000000,0x00000000,
    0x00000000,0x00000000,0x00000000,0xF35FF35F,0xF35FF35F,0xF35FF35F,0xF35FF35F,0xF35FF35F,
    0xF35F0000,0x00000BDF,0x0BDF0BDF,0x0BDF0BDF,0x0BDF0BDF,0x0BDF0BDF,0x0BDF0BDF,0x00000000,
    0xFB2FFB2F,0xFB2FFB2F,0xFB2FFB2F,0xFB2FFB2F,0xFB2FFB2F,0x00000000,0x00000000,0x00000000,
    0x00000000,0x00000000,0x00000000,0xF35EF35F,0xF35FF35F,0xF35FF35F,0xF35FF35F,0xF35FF35F,
    0xF35E0000,0x00000BDE,0x0BDF0BDF,0x0BDF0BDF,0x0BDF0BDF,0x0BDF0BDF,0x0BDF0BDE,0x00000000,
    0xFB2EFB2F,0xFB2FFB2F,0xFB2FFB2F,0xFB2FFB2F,0xFB2FFB2E,0x00000000,0x00000000,0x00000000,
    0x00000000,0x00000000,0x00000000,0xF354F35E,0xF35FF35F,0xF35FF35F,0xF35FF35F,0xF35FF35E,
    0xF4640000,0x00000BD4,0x0BDE0BDF,0x0BDF0BDF,0x0BDF0BDF,0x0BDF0BDF,0x0BDE0BD4,0x00000000,
    0xFC24FB2E,0xFB2FFB2F,0xFB2FFB2F,0xFB2FFB2F,0xFB2EFB24,0x00000000,0x00000000,0x00000000,
    0x00000000,0x00000000,0x00000000,0x00000000,0x00000000,0x00000000,0x00000000,0x00000000,
    0x00000000,0x00000000,0x00000000,0x00000000,0x00000000,0x00000000,0x00000000,0x00000000,
    0x00000000,0x00000000,0x00000000,0x00000000,0x00000000,0x00000000,0x00000000,0x00000000,
    0x00000000,0x00000000,0x00000000,0x00000000,0x00000000,0x00000000,0x00000000,0x00000000,
    0x00000000,0x00000000,0x00000000,0x00000000,0x00000000,0x00000000,0x00000000,0x00000000,
    0x00000000,0x00000000,0x00000000,0x00000000,0x00000000,0x00000000,0x00000000,0x00000000,
    0x00000000,0x00000000,0x00000000,0x00000000,0x00000000,0x00000000,0x00000000,0x00000000,
    0x00000000,0x00000000,0x00000000,0x00000000,0x00000000,0x00000000,0x00000000,0x00000000,
    0x00000000,0x00000000,0x00000000,0x00000000,0x00000000,0x00000000,0x00000000,0x00000000,
    0x00000000,0x00000000,0x00000000,0x00000000,0x00000000,0x00000000,0x00000000,0x00000000,
    0x00000000,0x00000000,0x00000000,0x00000000,0x00000000,0x00000000,0x00000000,0x00000000,
    0x00000000,0x00000000,0x00000000,0x00000000,0x00000000,0x00000000,0x00000000,0x00000000,
    0x00000000,0x00000000,0x00000000,0x00000000,0x00000000,0x00000000,0x00000000,0x00000000,
    0x00000000,0x00000000,0x00000000,0x00000000,0x00000000,0x00000000,0x00000000,0x00000000,
    0x00000000,0x00000000,0x00000000,0x00000000,0x00000000,0x00000000,0x00000000,0x00000000,
    0x00000000,0x00000000,0x00000000,0x00000000,0x00000000,0x00000000,0x00000000,0x00000000,
    0x00000000,0x00000000,0x00000000,0x00000000,0x00000000,0x00000000,0x00000000,0x00000000,
    0x00000000,0x00000000,0x00000000,0x00000000,0x00000000,0x00000000,0x00000000,0x00000000,
};
#define PROF_ICON_BITMAP_MAKER_SIZE 48

static const uint32_t prof_icon_pci_scanner_rgba[] = {
    0x00000000,0x00000000,0x00000000,0x00000000,0x00000000,0x00000000,0x00000000,0x00000000,
    0x00000000,0x00000000,0x00000000,0x00000000,0x00000000,0x00000000,0x00000000,0x00000000,
    0x00000000,0x00000000,0x00000000,0x00000000,0x00000000,0x00000000,0x00000000,0x00000000,
    0x00000000,0x00000000,0x00000000,0x00000000,0x00000000,0x00000000,0x00000000,0x00000000,
    0x00000000,0x00000000,0x00000000,0x00000000,0x00000000,0x00000000,0x00000000,0x00000000,
    0x00000000,0x00000000,0x00000000,0x00000000,0x00000000,0x00000000,0x00000000,0x00000000,
    0x00000000,0x00000000,0x00000000,0x00000000,0x00000000,0x00000000,0x00000000,0x00000000,
    0x00000000,0x00000000,0x00000000,0x00000000,0x00000000,0x00000000,0x00000000,0x00000000,
    0x00000000,0x00000000,0x00000000,0x00000000,0x00000000,0x00000000,0x00000000,0x00000000,
    0x00000000,0x00000000,0x00000000,0x00000000,0x00000000,0x00000000,0x00000000,0x00000000,
    0x00000000,0x00000000,0x00000000,0x00000000,0x00000000,0x00000000,0x00000000,0x00000000,
    0x00000000,0x00000000,0x00000000,0x00000000,0x00000000,0x00000000,0x00000000,0x00000000,
    0x00000000,0x00000000,0x00000000,0x00000000,0x00000000,0x00000000,0x00000000,0x00000000,
    0x00000000,0x00000000,0x00000000,0x00000000,0x00000000,0x00000000,0x00000000,0x00000000,
    0x00000000,0x00000000,0x00000000,0x00000000,0x00000000,0x00000000,0x00000000,0x00000000,
    0x00000000,0x00000000,0x00000000,0x00000000,0x00000000,0x00000000,0x00000000,0x00000000,
    0x00000000,0x00000000,0x00000000,0x00000000,0x00000000,0x00000000,0x00000000,0x00000000,
    0x00000000,0x00000000,0x00000000,0x00000000,0x00000000,0x00000000,0x00000000,0x00000000,
    0x00000000,0x00000000,0x00000000,0x00000000,0x00000000,0x00000000,0x00000000,0x00000000,
    0x00000000,0x00000000,0x00000000,0x00000000,0x00000000,0x00000000,0x00000000,0x00000000,
    0x00000000,0x00000000,0x00000000,0x00000000,0x00000000,0x00000000,0x00000000,0x00000000,
    0x00000000,0x00000000,0x00000000,0x00000000,0x00000000,0x00000000,0x00000000,0x00000000,
    0x00000000,0x00000000,0x00000000,0x00000000,0x00000000,0x00000000,0x00000000,0x00000000,
    0x00000000,0x00000000,0x00000000,0x00000000,0x00000000,0x00000000,0x00000000,0x00000000,
    0x00000000,0x00000000,0x00000000,0x00000000,0x00000000,0x00000000,0x00000000,0x00000000,
    0x00000000,0x00000000,0x00000000,0x00000000,0x00000000,0x00000000,0x00000000,0x00000000,
    0x00000000,0x00000000,0x00000000,0x00000000,0x00000000,0x00000000,0x00000000,0x00000000,
    0x00000000,0x00000000,0x00000000,0x00000000,0x00000000,0x00000000,0x00000000,0x00000000,
    0x00000000,0x00000000,0x00000000,0x00000000,0x00000000,0x00000000,0x00000000,0x00000000,
    0x00000000,0x00000000,0x00000000,0x00000000,0x00000000,0x00000000,0x00000000,0x00000000,
    0x00000000,0x00000000,0x00000000,0x00000751,0x075A075F,0x075F075F,0x075F075F,0x075F075F,
    0x075F075F,0x075F075F,0x075F075F,0x075F075F,0x075F075F,0x075F075F,0x075F075F,0x075F075F,
    0x075F075F,0x075F075F,0x075F075F,0x075F075A,0x07520000,0x00000000,0x00000000,0x00000000,
    0x00000000,0x00000000,0x00000000,0x0751075E,0x075F075F,0x075F075F,0x075F075F,0x075F075F,
    0x075F075F,0x075F075F,0x075F075F,0x075F075F,0x075F075F,0x075F075F,0x075F075F,0x075F075F,
    0x075F075F,0x075F075F,0x075F075F,0x075F075F,0x075E0751,0x00000000,0x00000000,0x00000000,
    0x00000000,0x00000000,0x00000000,0x075A075F,0x075F075F,0x075F075F,0x075F075F,0x075F075F,
    0x075F075F,0x075F075F,0x075F075F,0x075F075F,0x075F075F,0x075F075F,0x075F075F,0x075F075F,
    0x075F075F,0x075F075F,0x075F075F,0x075F075F,0x075F075A,0x00000000,0x00000000,0x00000000,
    0x00000000,0x00000000,0x00000000,0x075F075F,0x075F075F,0x075F075F,0x075F075F,0x075F075F,
    0x075F075F,0x075F075F,0x075F075F,0x075F075F,0x075F075F,0x075F075F,0x075F075F,0x075F075F,
    0x075F075F,0x075F075F,0x075F075F,0x075F075F,0x075F075F,0x00000000,0x00000000,0x00000000,
    0x00000000,0x00000000,0x00000000,0x075F075F,0x075F075F,0x8BAFFFFF,0xFFFFFFFF,0xFFFFFFFF,
    0xFFFFFFFF,0xFFFF8BAF,0x075F075F,0x075F075F,0x075F075F,0x075F075F,0x8BAFFFFF,0xFFFFFFFF,
    0xFFFFFFFF,0xFFFFFFFF,0xFFFF8BAF,0x075F075F,0x075F075F,0x00000000,0x00000000,0x00000000,
    0x00000000,0x00000000,0x00000000,0x075F075F,0x075F075F,0xFFFFFFFF,0xFFFFFFFF,0xFFFFFFFF,
    0xFFFFFFFF,0xFFFFFFFF,0x075F075F,0x075F075F,0x075F075F,0x075F075F,0xFFFFFFFF,0xFFFFFFFF,
    0xFFFFFFFF,0xFFFFFFFF,0xFFFFFFFF,0x075F075F,0x075F075F,0x00000000,0x00000000,0x00000000,
    0x00000000,0x00000000,0x00000000,0x075F075F,0x075F075F,0xFFFFFFFF,0xFFFFFFFF,0xFFFFFFFF,
    0xFFFFFFFF,0xFFFFFFFF,0x075F075F,0x075F075F,0x075F075F,0x075F075F,0xFFFFFFFF,0xFFFFFFFF,
    0xFFFFFFFF,0xFFFFFFFF,0xFFFFFFFF,0x075F075F,0x075F075F,0x00000000,0x00000000,0x00000000,
    0x00000000,0x00000000,0x00000000,0x075F075F,0x075F075F,0xFFFFFFFF,0xFFFFFFFF,0xFFFFFFFF,
    0xFFFFFFFF,0xFFFFFFFF,0x075F075F,0x075F075F,0x075F075F,0x075F075F,0xFFFFFFFF,0xFFFFFFFF,
    0xFFFFFFFF,0xFFFFFFFF,0xFFFFFFFF,0x075F075F,0x075F075F,0x00000000,0x00000000,0x00000000,
    0x00000000,0x00000000,0x00000000,0x075F075F,0x075F075F,0xFFFFFFFF,0xFFFFFFFF,0xFFFFFFFF,
    0xFFFFFFFF,0xFFFFFFFF,0x075F075F,0x075F075F,0x075F075F,0x075F075F,0xFFFFFFFF,0xFFFFFFFF,
    0xFFFFFFFF,0xFFFFFFFF,0xFFFFFFFF,0x075F075F,0x075F075F,0x00000000,0x00000000,0x00000000,
    0x00000000,0x00000000,0x00000000,0x075F075F,0x075F075F,0xFFFFFFFF,0xFFFFFFFF,0xFFFFFFFF,
    0xFFFFFFFF,0xFFFFFFFF,0x075F075F,0x075F075F,0x075F075F,0x075F075F,0xFFFFFFFF,0xFFFFFFFF,
    0xFFFFFFFF,0xFFFFFFFF,0xFFFFFFFF,0x075F075F,0x075F075F,0x00000000,0x00000000,0x00000000,
    0x00000000,0x00000000,0x00000000,0x075F075F,0x075F075F,0xFFFFFFFF,0xFFFFFFFF,0xFFFFFFFF,
    0xFFFFFFFF,0xFFFFFFFF,0x075F075F,0x075F075F,0x075F075F,0x075F075F,0xFFFFFFFF,0xFFFFFFFF,
    0xFFFFFFFF,0xFFFFFFFF,0xFFFFFFFF,0x075F075F,0x075F075F,0x00000000,0x00000000,0x00000000,
    0x00000000,0x00000000,0x00000000,0x075F075F,0x075F075F,0x8BAFFFFF,0xFFFFFFFF,0xFFFFFFFF,
    0xFFFFFFFF,0xFFFF8BAF,0x075F075F,0x075F075F,0x075F075F,0x075F075F,0x8BAFFFFF,0xFFFFFFFF,
    0xFFFFFFFF,0xFFFFFFFF,0xFFFF8BAF,0x075F075F,0x075F075F,0x00000000,0x00000000,0x00000000,
    0x00000000,0x00000000,0x00000000,0x075F075F,0x075F075F,0x075F075F,0x075F075F,0x075F075F,
    0x075F075F,0x075F075F,0x075F075F,0x075F075F,0x075F075F,0x075F075F,0x075F075F,0x075F075F,
    0x075F075F,0x075F075F,0x075F075F,0x075F075F,0x075F075F,0x00000000,0x00000000,0x00000000,
    0x00000000,0x00000000,0x00000000,0x075F075F,0x075F075F,0x075F075F,0x075F075F,0x075F075F,
    0x075F075F,0x075F075F,0x075F075F,0x075F075F,0x075F075F,0x075F075F,0x075F075F,0x075F075F,
    0x075F075F,0x075F075F,0x075F075F,0x075F075F,0x075F075F,0x00000000,0x00000000,0x00000000,
    0x00000000,0x00000000,0x00000000,0x075F075F,0x075F075F,0x2B8F3D9F,0x3D9F3D9F,0x3D9F3D9F,
    0x3D9F3D9F,0x3D9F3D9F,0x3D9F3D9F,0x3D9F3D9F,0x3D9F3D9F,0x3D9F3D9F,0x3D9F3D9F,0x3D9F3D9F,
    0x3D9F3D9F,0x3D9F3D9F,0x3D9F2B8F,0x075F075F,0x075F075F,0x00000000,0x00000000,0x00000000,
    0x00000000,0x00000000,0x00000000,0x075F075F,0x075F075F,0x3D9F3D9F,0x3D9F3D9F,0x3D9F3D9F,
    0x3D9F3D9F,0x3D9F3D9F,0x3D9F3D9F,0x3D9F3D9F,0x3D9F3D9F,0x3D9F3D9F,0x3D9F3D9F,0x3D9F3D9F,
    0x3D9F3D9F,0x3D9F3D9F,0x3D9F3D9F,0x075F075F,0x075F075F,0x00000000,0x00000000,0x00000000,
    0x00000000,0x00000000,0x00000000,0x075F075F,0x075F075F,0x3D9F3D9F,0x3D9F3D9F,0x3D9F3D9F,
    0x3D9F3D9F,0x3D9F3D9F,0x3D9F3D9F,0x3D9F3D9F,0x3D9F3D9F,0x3D9F3D9F,0x3D9F3D9F,0x3D9F3D9F,
    0x3D9F3D9F,0x3D9F3D9F,0x3D9F3D9F,0x075F075F,0x075F075F,0x00000000,0x00000000,0x00000000,
    0x00000000,0x00000000,0x00000000,0x075F075F,0x075F075F,0x2B8F3D9F,0x3D9F3D9F,0x3D9F3D9F,
    0x3D9F3D9F,0x3D9F3D9F,0x3D9F3D9F,0x3D9F3D9F,0x3D9F3D9F,0x3D9F3D9F,0x3D9F3D9F,0x3D9F3D9F,
    0x3D9F3D9F,0x3D9F3D9F,0x3D9F2B8F,0x075F075F,0x075F075F,0x00000000,0x00000000,0x00000000,
    0x00000000,0x00000000,0x00000000,0x075F075F,0x075F075F,0x075F075F,0x075F075F,0x075F075F,
    0x075F075F,0x075F075F,0x075F075F,0x075F075F,0x075F075F,0x075F075F,0x075F075F,0x075F075F,
    0x075F075F,0x075F075F,0x075F075F,0x075F075F,0x075F075F,0x00000000,0x00000000,0x00000000,
    0x00000000,0x00000000,0x00000000,0x075F075F,0x075F075F,0x075F075F,0x075F075F,0x075F075F,
    0x075F075F,0x075F075F,0x075F075F,0x075F075F,0x075F075F,0x075F075F,0x075F075F,0x075F075F,
    0x075F075F,0x075F075F,0x075F075F,0x075F075F,0x075F075F,0x00000000,0x00000000,0x00000000,
    0x00000000,0x00000000,0x00000000,0x075F075F,0x075F075F,0x075F075F,0x075F075F,0x075F075F,
    0x075F075F,0x075F075F,0x075F075F,0x075F075F,0x075F075F,0x075F075F,0x075F075F,0x075F075F,
    0x075F075F,0x075F075F,0x075F075F,0x075F075F,0x075F075F,0x00000000,0x00000000,0x00000000,
    0x00000000,0x00000000,0x00000000,0x075F075F,0x075F075F,0x075F075F,0x075F075F,0x075F075F,
    0x075F075F,0x075F075F,0x075F075F,0x075F075F,0x075F075F,0x075F075F,0x075F075F,0x075F075F,
    0x075F075F,0x075F075F,0x075F075F,0x075F075F,0x075F075F,0x00000000,0x00000000,0x00000000,
    0x00000000,0x00000000,0x00000000,0x075F075F,0x075F075F,0x075F075F,0x075F075F,0x075F075F,
    0x075F075F,0x075F075F,0x075F075F,0x075F075F,0x075F075F,0x075F075F,0x075F075F,0x075F075F,
    0x075F075F,0x075F075F,0x075F075F,0x075F075F,0x075F075F,0x00000000,0x00000000,0x00000000,
    0x00000000,0x00000000,0x00000000,0x075A075F,0x075F075F,0x075F075F,0x075F075F,0x075F075F,
    0x075F075F,0x075F075F,0x075F075F,0x075F075F,0x075F075F,0x075F075F,0x075F075F,0x075F075F,
    0x075F075F,0x075F075F,0x075F075F,0x075F075F,0x075F075A,0x00000000,0x00000000,0x00000000,
    0x00000000,0x00000000,0x00000000,0x0752075E,0x075F075F,0x075F075F,0x075F075F,0x075F075F,
    0x075F075F,0x075F075F,0x075F075F,0x075F075F,0x075F075F,0x075F075F,0x075F075F,0x075F075F,
    0x075F075F,0x075F075F,0x075F075F,0x075F075F,0x075E0751,0x00000000,0x00000000,0x00000000,
    0x00000000,0x00000000,0x00000000,0x00000751,0x075A075F,0x075F075F,0x075F075F,0x075F075F,
    0x075F075F,0x075F075F,0x075F075F,0x075F075F,0x075F075F,0x075F075F,0x075F075F,0x075F075F,
    0x075F075F,0x075F075F,0x075F075F,0x075F075A,0x07510000,0x00000000,0x00000000,0x00000000,
    0x00000000,0x00000000,0x00000000,0x00000000,0x00000000,0x00000000,0xFB2FFB2F,0xFB2FFB2F,
    0xFB2FFB2F,0x00000000,0x0000FB2F,0xFB2FFB2F,0xFB2FFB2F,0xFB2F0000,0x00000000,0xFB2FFB2F,
    0xFB2FFB2F,0xFB2FFB2F,0x00000000,0x00000000,0x00000000,0x00000000,0x00000000,0x00000000,
    0x00000000,0x00000000,0x00000000,0x00000000,0x00000000,0x00000000,0xFB2FFB2F,0xFB2FFB2F,
    0xFB2FFB2F,0x00000000,0x0000FB2F,0xFB2FFB2F,0xFB2FFB2F,0xFB2F0000,0x00000000,0xFB2FFB2F,
    0xFB2FFB2F,0xFB2FFB2F,0x00000000,0x00000000,0x00000000,0x00000000,0x00000000,0x00000000,
    0x00000000,0x00000000,0x00000000,0x00000000,0x00000000,0x00000000,0xFB2FFB2F,0xFB2FFB2F,
    0xFB2FFB2F,0x00000000,0x0000FB2F,0xFB2FFB2F,0xFB2FFB2F,0xFB2F0000,0x00000000,0xFB2FFB2F,
    0xFB2FFB2F,0xFB2FFB2F,0x00000000,0x00000000,0x00000000,0x00000000,0x00000000,0x00000000,
    0x00000000,0x00000000,0x00000000,0x00000000,0x00000000,0x00000000,0xFB2FFB2F,0xFB2FFB2F,
    0xFB2FFB2F,0x00000000,0x0000FB2F,0xFB2FFB2F,0xFB2FFB2F,0xFB2F0000,0x00000000,0xFB2FFB2F,
    0xFB2FFB2F,0xFB2FFB2F,0x00000000,0x00000000,0x00000000,0x00000000,0x00000000,0x00000000,
    0x00000000,0x00000000,0x00000000,0x00000000,0x00000000,0x00000000,0xFB2FFB2F,0xFB2FFB2F,
    0xFB2FFB2F,0x00000000,0x0000FB2F,0xFB2FFB2F,0xFB2FFB2F,0xFB2F0000,0x00000000,0xFB2FFB2F,
    0xFB2FFB2F,0xFB2FFB2F,0x00000000,0x00000000,0x00000000,0x00000000,0x00000000,0x00000000,
    0x00000000,0x00000000,0x00000000,0x00000000,0x00000000,0x00000000,0xFB2FFB2F,0xFB2FFB2F,
    0xFB2FFB2F,0x00000000,0x0000FB2F,0xFB2FFB2F,0xFB2FFB2F,0xFB2F0000,0x00000000,0xFB2FFB2F,
    0xFB2FFB2F,0xFB2FFB2F,0x00000000,0x00000000,0x00000000,0x00000000,0x00000000,0x00000000,
    0x00000000,0x00000000,0x00000000,0x00000000,0x00000000,0x00000000,0x00000000,0x00000000,
    0x00000000,0x00000000,0x00000000,0x00000000,0x00000000,0x00000000,0x00000000,0x00000000,
    0x00000000,0x00000000,0x00000000,0x00000000,0x00000000,0x00000000,0x00000000,0x00000000,
    0x00000000,0x00000000,0x00000000,0x00000000,0x00000000,0x00000000,0x00000000,0x00000000,
    0x00000000,0x00000000,0x00000000,0x00000000,0x00000000,0x00000000,0x00000000,0x00000000,
    0x00000000,0x00000000,0x00000000,0x00000000,0x00000000,0x00000000,0x00000000,0x00000000,
    0x00000000,0x00000000,0x00000000,0x00000000,0x00000000,0x00000000,0x00000000,0x00000000,
    0x00000000,0x00000000,0x00000000,0x00000000,0x00000000,0x00000000,0x00000000,0x00000000,
    0x00000000,0x00000000,0x00000000,0x00000000,0x00000000,0x00000000,0x00000000,0x00000000,
    0x00000000,0x00000000,0x00000000,0x00000000,0x00000000,0x00000000,0x00000000,0x00000000,
    0x00000000,0x00000000,0x00000000,0x00000000,0x00000000,0x00000000,0x00000000,0x00000000,
    0x00000000,0x00000000,0x00000000,0x00000000,0x00000000,0x00000000,0x00000000,0x00000000,
    0x00000000,0x00000000,0x00000000,0x00000000,0x00000000,0x00000000,0x00000000,0x00000000,
    0x00000000,0x00000000,0x00000000,0x00000000,0x00000000,0x00000000,0x00000000,0x00000000,
    0x00000000,0x00000000,0x00000000,0x00000000,0x00000000,0x00000000,0x00000000,0x00000000,
    0x00000000,0x00000000,0x00000000,0x00000000,0x00000000,0x00000000,0x00000000,0x00000000,
    0x00000000,0x00000000,0x00000000,0x00000000,0x00000000,0x00000000,0x00000000,0x00000000,
    0x00000000,0x00000000,0x00000000,0x00000000,0x00000000,0x00000000,0x00000000,0x00000000,
};
#define PROF_ICON_PCI_SCANNER_SIZE 48

static const uint32_t prof_icon_personalization_rgba[] = {
    0x00000000,0x00000000,0x00000000,0x00000000,0x00000000,0x00000000,0x00000000,0x00000000,
    0x00000000,0x00000000,0x00000000,0x00000000,0x00000000,0x00000000,0x00000000,0x00000000,
    0x00000000,0x00000000,0x00000000,0x00000000,0x00000000,0x00000000,0x00000000,0x00000000,
    0x00000000,0x00000000,0x00000000,0x00000000,0x00000000,0x00000000,0x00000000,0x00000000,
    0x00000000,0x00000000,0x00000000,0x00000000,0x00000000,0x00000000,0x00000000,0x00000000,
    0x00000000,0x00000000,0x00000000,0x00000000,0x00000000,0x00000000,0x00000000,0x00000000,
    0x00000000,0x00000000,0x00000000,0x00000000,0x00000000,0x00000000,0x00000000,0x00000000,
    0x00000000,0x00000000,0x00000000,0x00000000,0x00000000,0x00000000,0x00000000,0x00000000,
    0x00000000,0x00000000,0x00000000,0x00000000,0x00000000,0x00000000,0x00000000,0x00000000,
    0x00000000,0x00000000,0x00000000,0x00000000,0x00000000,0x00000000,0x00000000,0x00000000,
    0x00000000,0x00000000,0x00000000,0x00000000,0x00000000,0x00000000,0x00000000,0x00000000,
    0x00000000,0x00000000,0x00000000,0x00000000,0x00000000,0x00000000,0x00000000,0x00000000,
    0x00000000,0x00000000,0x00000000,0x00000000,0x00000000,0x00000000,0x00000000,0x00000000,
    0x0000AAF0,0xC8F3C8F7,0xC8FAC8FD,0xC8FEC8FF,0xC8FFC8FE,0xC8FDC8FA,0xC8F7C8F3,0xAAF00000,
    0x00000000,0x00000000,0x00000000,0x00000000,0x00000000,0x00000000,0x00000000,0x00000000,
    0x00000000,0x00000000,0x00000000,0x00000000,0x00000000,0x00000000,0x00000000,0x0000C8F1,
    0xC8F8C8FE,0xC8FFC8FF,0xC8FFC8FF,0xC8FFC8FF,0xC8FFC8FF,0xC8FFC8FF,0xC8FFC8FF,0xC8FEB8F8,
    0xB8F10000,0x00000000,0x00000000,0x00000000,0x00000000,0x00000000,0x00000000,0x00000000,
    0x00000000,0x00000000,0x00000000,0x00000000,0x00000000,0x00000000,0x0000C8F1,0xC8F9C8FF,
    0xC8FFC8FF,0xC8FFC8FF,0xC8FFC8FF,0xC8FFC8FF,0xC8FFC8FF,0xC8FFC8FF,0xC8FFC8FF,0xC8FFC8FF,
    0xC8FFC8F9,0xB8F10000,0x00000000,0x00000000,0x00000000,0x00000000,0x00000000,0x00000000,
    0x00000000,0x00000000,0x00000000,0x00000000,0x00000000,0x00000000,0xC8F5C8FE,0xC8FFC8FF,
    0xC8FFC8FF,0xC8FFC8FF,0xC8FFC8FF,0xC8FFC8FF,0xC8FFC8FF,0xC8FFC8FF,0xC8FFC8FF,0xC8FFC8FF,
    0xC8FFC8FF,0xC8FEB8F5,0x00000000,0x00000000,0x00000000,0x00000000,0x00000000,0x00000000,
    0x00000000,0x00000000,0x00000000,0x00000000,0x00000000,0xC9F0C8F9,0xC8FFC8FF,0xC8FFC8FF,
    0xC8FFC8FF,0xC8FFC8FA,0xB8F6C8F3,0xC8F1D8F0,0xC9F0C8F1,0xC8F3C8F6,0xC8FAC8FF,0xC8FFC8FF,
    0xC8FFC8FF,0xC8FFC8FF,0xB8F9C9F0,0x00000000,0x00000000,0x00000000,0x00000000,0x00000000,
    0x00000000,0x00000000,0x00000000,0x00000000,0x0000C8F0,0xC8FBC8FF,0xC8FFC8FF,0xC8FFC8FF,
    0xC8FDC8F6,0xC8F00000,0x00000000,0x00000000,0x00000000,0x00000000,0x0000C8F0,0xC8F6C8FD,
    0xC8FFC8FF,0xC8FFC8FF,0xC8FFC8FB,0xC8F00000,0x00000000,0x00000000,0x00000000,0x00000000,
    0x00000000,0x00000000,0x00000000,0x00000000,0xC9F0C8FB,0xC8FFC8FF,0xC8FFC8FF,0xC8FFC8F7,
    0xB8F00000,0x00000000,0x00000000,0x00000000,0x00000000,0x00000000,0x00000000,0x0000C9F0,
    0xB8F7C8FF,0xC8FFC8FF,0xC8FFC8FF,0xC8FBC9F0,0x00000000,0x00000000,0x00000000,0x00000000,
    0x00000000,0x00000000,0x00000000,0x00000000,0xC8F9C8FF,0xC8FFC8FF,0xC8FFC8FD,0xB8F20000,
    0x00000000,0x00000000,0x00000000,0x00000000,0x00000000,0x00000000,0x00000000,0x00000000,
    0x0000C8F2,0xC8FDC8FF,0xC8FFC8FF,0xC8FFC8F9,0x00000000,0x00000000,0x00000000,0x00000000,
    0x00000000,0x00000000,0x00000000,0x0000C8F5,0xC8FFC8FF,0xC8FFC8FF,0xC8FCC8F1,0xF7B2F7B6,
    0xF7B6F7B2,0x00000000,0x00000000,0x00000000,0x00000000,0x00000000,0x00000000,0x3BF23BF6,
    0x3BF63BF2,0xC8F1C8FC,0xC8FFC8FF,0xC8FFC8FF,0xC8F50000,0x00000000,0x00000000,0x00000000,
    0x00000000,0x00000000,0x00000000,0xC8F1C8FE,0xC8FFC8FF,0xC8FFC8FD,0xC8F1F7B6,0xF7BFF7BF,
    0xF7BFF7BF,0xF7B60000,0x00000000,0x00000000,0x00000000,0x00000000,0x00003BF6,0x3BFF3BFF,
    0x3BFF3BFF,0x3BF6C8F1,0xC8FDC8FF,0xC8FFC8FF,0xC8FEB8F1,0x00000000,0x00000000,0x00000000,
    0x00000000,0x00000000,0x00000000,0xC8F9C8FF,0xC8FFC8FF,0xC8FFB8F2,0xF7B2F7BF,0xF7BFF7BF,
    0xF7BFF7BF,0xF7BFF7B2,0x00000000,0x00000000,0x00000000,0x00000000,0x3BF23BFF,0x3BFF3BFF,
    0x3BFF3BFF,0x3BFF3BF2,0xC8F2C8FF,0xC8FFC8FF,0xC8FFC8F9,0x00000000,0x00000000,0x00000000,
    0x00000000,0x00000000,0x0000C8F1,0xC8FFC8FF,0xC8FFC8FF,0xC8F70000,0xF7B6F7BF,0xF7BFF7BF,
    0xF7BFF7BF,0xF7BFF7B6,0x00000000,0x00000000,0x00000000,0x00000000,0x3BF63BFF,0x3BFF3BFF,
    0x3BFF3BFF,0x3BFF3BF6,0x0000C8F7,0xC8FFC8FF,0xC8FFC8FF,0xB8F10000,0x00000000,0x00000000,
    0x00000000,0x00000000,0x0000C8F8,0xC8FFC8FF,0xC8FFC8FD,0xB8F00000,0xF7B6F7BF,0xF7BFF7BF,
    0xF7BFF7BF,0xF7BFF7B6,0x00000000,0x00000000,0x00000000,0x00000000,0x3BF63BFF,0x3BFF3BFF,
    0x3BFF3BFF,0x3BFF3BF6,0x0000C9F0,0xC8FDC8FF,0xC8FFC8FF,0xC8F80000,0x00000000,0x00000000,
    0x00000000,0x00000000,0xAAF0C8FE,0xC8FFC8FF,0xC8FFC8F6,0x00000000,0xF7B2F7BF,0xF7BFF7BF,
    0xF7BFF7BF,0xF7BFF7B2,0x00000000,0x00000000,0x00000000,0x00000000,0x3BF23BFF,0x3BFF3BFF,
    0x3BFF3BFF,0x3BFF3BF2,0x00000000,0xB8F6C8FF,0xC8FFC8FF,0xC8FEF8F0,0x00000000,0x00000000,
    0x00000000,0x00000000,0xC8F3C8FF,0xC8FFC8FF,0xC8FFC8F0,0x00000000,0x0000F7B6,0xF7BFF7BF,
    0xF7BFF7BF,0xF7B50000,0x00000000,0x00000000,0x00000000,0x00000000,0x00003BF6,0x3BFF3BFF,
    0x3BFF3BFF,0x3BF50000,0x00000000,0xB8F0C8FF,0xC8FFC8FF,0xC8FFC8F3,0x00000000,0x00000000,
    0x00000000,0x00000000,0xC8F7C8FF,0xC8FFC8FF,0xC8FA0000,0x00000000,0x00000000,0xF7B2F7B6,
    0xF7B6F7B2,0x00000000,0x00000000,0x00000000,0x00000000,0x00000000,0x00000000,0x3BF23BF6,
    0x3BF63BF2,0x00000000,0x00000000,0x0000C8FA,0xC8FFC8FF,0xC8FFC8F7,0x00000000,0x00000000,
    0x00000000,0x00000000,0xC8FAC8FF,0xC8FFC8FF,0xB8F60000,0x00000000,0x00000000,0x00000000,
    0x00000000,0x00000000,0x00000000,0x00000000,0x00000000,0x00000000,0x00000000,0x00000000,
    0x00000000,0x00000000,0x00000000,0x0000C8F6,0xC8FFC8FF,0xC8FFC8FA,0x00000000,0x00000000,
    0x00000000,0x00000000,0xC8FDC8FF,0xC8FFC8FF,0xC8F30000,0x00000000,0x00000000,0x00000000,
    0x00000000,0x00000000,0x00000000,0x00000000,0x00000000,0x00000000,0x00000000,0x00000000,
    0x00000000,0x00000000,0x00000000,0x0000B8F3,0xC8FFC8FF,0xC8FFC8FD,0x00000000,0x00000000,
    0x00000000,0x00000000,0xC8FEC8FF,0xC8FFC8FF,0xB8F10000,0x00000000,0x00000000,0x00000000,
    0x00000000,0x00000000,0x00000000,0x00000000,0x00000000,0x00000000,0x00000000,0x00000000,
    0x00000000,0x00000000,0x00000000,0x0000C8F1,0xC8FFC8FF,0xC8FFC8FE,0x00000000,0x00000000,
    0x00000000,0x00000000,0xC8FFC8FF,0xC8FFC8FF,0xD8F00000,0x00000000,0x00000000,0x00000000,
    0x00000000,0x00000000,0x00000000,0x00000000,0x00000000,0x00000000,0x00000000,0x00000000,
    0xB8F1C8F6,0xC8F6B8F0,0x00000000,0x0000B9F0,0xC8FFC8FF,0xC8FFC8FF,0x00000000,0x00000000,
    0x00000000,0x00000000,0xC8FFC8FF,0xC8FFC8FF,0xD8F00000,0x00000000,0xFB22FB26,0xFB26FC22,
    0x00000000,0x00000000,0x00000000,0x00000000,0x00000000,0x00000000,0x00000000,0x0000B8F1,
    0xC8FDC8FF,0xC8FFC8FD,0xB8F00000,0x0000B9F0,0xC8FFC8FF,0xC8FFC8FF,0x00000000,0x00000000,
    0x00000000,0x00000000,0xC8FEC8FF,0xC8FFC8FF,0xC8F10000,0x0000FC26,0xFB2FFB2F,0xFB2FFB2F,
    0xFB260000,0x00000000,0x00000000,0x00000000,0x00000000,0x00000000,0x00000000,0x0000B8F6,
    0xC8FFC8FF,0xC8FFC8FF,0xC8F60000,0x0000C8F1,0xC8FFC8FF,0xC8FFC8FE,0x00000000,0x00000000,
    0x00000000,0x00000000,0xC8FDC8FF,0xC8FFC8FF,0xC8F30000,0xFB22FB2F,0xFB2FFB2F,0xFB2FFB2F,
    0xFB2FFC22,0x00000000,0x00000000,0x00000000,0x00000000,0x00000000,0x00000000,0x0000C8F6,
    0xC8FFC8FF,0xC8FFC8FF,0xB8F60000,0x0000B8F3,0xC8FFC8FF,0xC8FFC8FD,0x00000000,0x00000000,
    0x00000000,0x00000000,0xC8FAC8FF,0xC8FFC8FF,0xC8F60000,0xFB26FB2F,0xFB2FFB2F,0xFB2FFB2F,
    0xFB2FFC26,0x00000000,0x00000000,0x00000000,0x00000000,0x00000000,0x00000000,0x0000B8F1,
    0xC8FDC8FF,0xC8FFC8FD,0xB8F00000,0x0000C8F6,0xC8FFC8FF,0xC8FFC8FA,0x00000000,0x00000000,
    0x00000000,0x00000000,0xC8F7C8FF,0xC8FFC8FF,0xC8FA0000,0xFB26FB2F,0xFB2FFB2F,0xFB2FFB2F,
    0xFB2FFB26,0x00000000,0x00000000,0x00000000,0x4E824D86,0x4D864E82,0x00000000,0x00000000,
    0xB8F0C8F6,0xC8F6B8F0,0x00000000,0x0000C8FA,0xC8FFC8FF,0xC8FFC8F7,0x00000000,0x00000000,
    0x00000000,0x00000000,0xC8F3C8FF,0xC8FFC8FF,0xC8FFC8F0,0xFB22FB2F,0xFB2FFB2F,0xFB2FFB2F,
    0xFB2FFC22,0x00000000,0x00000000,0x00004D86,0x4D8F4D8F,0x4D8F4D8F,0x4D860000,0x00000000,
    0x00000000,0x00000000,0x00000000,0xB8F0C8FF,0xC8FFC8FF,0xC8FFC8F3,0x00000000,0x00000000,
    0x00000000,0x00000000,0xAAF0C8FE,0xC8FFC8FF,0xC8FFC8F6,0x0000FB26,0xFB2FFB2F,0xFB2FFB2F,
    0xFB250000,0x00000000,0x00000000,0x4E824D8F,0x4D8F4D8F,0x4D8F4D8F,0x4D8F4E82,0x00000000,
    0x00000000,0x00000000,0x00000000,0xC8F6C8FF,0xC8FFC8FF,0xC8FEF8F0,0x00000000,0x00000000,
    0x00000000,0x00000000,0x0000B8F8,0xC8FFC8FF,0xC8FFC8FD,0xC9F00000,0xFC22FC26,0xFC26FB22,
    0x00000000,0x00000000,0x00000000,0x4D864D8F,0x4D8F4D8F,0x4D8F4D8F,0x4D8F4D86,0x00000000,
    0x00000000,0x00000000,0x0000D8F0,0xC8FDC8FF,0xC8FFC8FF,0xC8F80000,0x00000000,0x00000000,
    0x00000000,0x00000000,0x0000B8F1,0xC8FFC8FF,0xC8FFC8FF,0xB8F70000,0x00000000,0x00000000,
    0x00000000,0x00000000,0x00000000,0x4D864D8F,0x4D8F4D8F,0x4D8F4D8F,0x4D8F4D86,0x00000000,
    0x00000000,0x00000000,0x0000B8F7,0xC8FFC8FF,0xC8FFC8FF,0xB8F10000,0x00000000,0x00000000,
    0x00000000,0x00000000,0x00000000,0xC8F9C8FF,0xC8FFC8FF,0xC8FFC8F2,0x00000000,0x00000000,
    0x00000000,0x00000000,0x00000000,0x4E824D8F,0x4D8F4D8F,0x4D8F4D8F,0x4D8F4E82,0x00000000,
    0x00000000,0x00000000,0xC8F3C8FF,0xC8FFC8FF,0xC8FFC8F9,0x00000000,0x00000000,0x00000000,
    0x00000000,0x00000000,0x00000000,0xB8F1C8FE,0xC8FFC8FF,0xC8FFC8FD,0xC8F10000,0x00000000,
    0x00000000,0x00000000,0x00000000,0x00004D86,0x4D8F4D8F,0x4D8F4D8F,0x4D850000,0x00000000,
    0x00000000,0x0000B8F1,0xC8FDC8FF,0xC8FFC8FF,0xC8FEC8F1,0x00000000,0x00000000,0x00000000,
    0x00000000,0x00000000,0x00000000,0x0000B8F5,0xC8FFC8FF,0xC8FFC8FF,0xC8FCC8F1,0x00000000,
    0x00000000,0x00000000,0x00000000,0x00000000,0x4E824D86,0x4D864D82,0x00000000,0x00000000,
    0x00000000,0xB8F1C8FD,0xC8FFC8FF,0xC8FFC8FF,0xC8F50000,0x00000000,0x00000000,0x00000000,
    0x00000000,0x00000000,0x00000000,0x00000000,0xB8F9C8FF,0xC8FFC8FF,0xC8FFC8FD,0xC8F20000,
    0x00000000,0x00000000,0x00000000,0x00000000,0x00000000,0x00000000,0x00000000,0x00000000,
    0x0000B8F3,0xC8FDC8FF,0xC8FFC8FF,0xC8FFB8F9,0x00000000,0x00000000,0x00000000,0x00000000,
    0x00000000,0x00000000,0x00000000,0x00000000,0xC9F0C8FB,0xC8FFC8FF,0xC8FFC8FF,0xC8FFC8F7,
    0xC9F00000,0x00000000,0x00000000,0x00000000,0x00000000,0x00000000,0x00000000,0x0000D8F0,
    0xB8F7C8FF,0xC8FFC8FF,0xC8FFC8FF,0xC8FBB8F0,0x00000000,0x00000000,0x00000000,0x00000000,
    0x00000000,0x00000000,0x00000000,0x00000000,0x0000C8F0,0xC8FBC8FF,0xC8FFC8FF,0xC8FFC8FF,
    0xC8FDB8F6,0xB8F00000,0x00000000,0x00000000,0x00000000,0x00000000,0x0000B8F0,0xC8F6C8FD,
    0xC8FFC8FF,0xC8FFC8FF,0xC8FFC8FB,0xC8F00000,0x00000000,0x00000000,0x00000000,0x00000000,
    0x00000000,0x00000000,0x00000000,0x00000000,0x00000000,0xB8F0C8F9,0xC8FFC8FF,0xC8FFC8FF,
    0xC8FFC8FF,0xC8FFC8FA,0xC8F6B8F3,0xC8F1D8F0,0xD8F0C8F1,0xB8F3B8F6,0xC8FAC8FF,0xC8FFC8FF,
    0xC8FFC8FF,0xC8FFC8FF,0xB8F9B8F0,0x00000000,0x00000000,0x00000000,0x00000000,0x00000000,
    0x00000000,0x00000000,0x00000000,0x00000000,0x00000000,0x00000000,0xC8F5C8FE,0xC8FFC8FF,
    0xC8FFC8FF,0xC8FFC8FF,0xC8FFC8FF,0xC8FFC8FF,0xC8FFC8FF,0xC8FFC8FF,0xC8FFC8FF,0xC8FFC8FF,
    0xC8FFC8FF,0xC8FEB8F5,0x00000000,0x00000000,0x00000000,0x00000000,0x00000000,0x00000000,
    0x00000000,0x00000000,0x00000000,0x00000000,0x00000000,0x00000000,0x0000C8F1,0xC8F9C8FF,
    0xC8FFC8FF,0xC8FFC8FF,0xC8FFC8FF,0xC8FFC8FF,0xC8FFC8FF,0xC8FFC8FF,0xC8FFC8FF,0xC8FFC8FF,
    0xC8FFC8F9,0xC8F10000,0x00000000,0x00000000,0x00000000,0x00000000,0x00000000,0x00000000,
    0x00000000,0x00000000,0x00000000,0x00000000,0x00000000,0x00000000,0x00000000,0x0000B8F1,
    0xC8F8C8FE,0xC8FFC8FF,0xC8FFC8FF,0xC8FFC8FF,0xC8FFC8FF,0xC8FFC8FF,0xC8FFC8FF,0xC8FEC8F8,
    0xC8F10000,0x00000000,0x00000000,0x00000000,0x00000000,0x00000000,0x00000000,0x00000000,
    0x00000000,0x00000000,0x00000000,0x00000000,0x00000000,0x00000000,0x00000000,0x00000000,
    0x0000F8F0,0xC8F3C8F7,0xC8FAC8FD,0xC8FEC8FF,0xC8FFC8FE,0xC8FDC8FA,0xC8F7C8F3,0xF8F00000,
    0x00000000,0x00000000,0x00000000,0x00000000,0x00000000,0x00000000,0x00000000,0x00000000,
    0x00000000,0x00000000,0x00000000,0x00000000,0x00000000,0x00000000,0x00000000,0x00000000,
    0x00000000,0x00000000,0x00000000,0x00000000,0x00000000,0x00000000,0x00000000,0x00000000,
    0x00000000,0x00000000,0x00000000,0x00000000,0x00000000,0x00000000,0x00000000,0x00000000,
    0x00000000,0x00000000,0x00000000,0x00000000,0x00000000,0x00000000,0x00000000,0x00000000,
    0x00000000,0x00000000,0x00000000,0x00000000,0x00000000,0x00000000,0x00000000,0x00000000,
    0x00000000,0x00000000,0x00000000,0x00000000,0x00000000,0x00000000,0x00000000,0x00000000,
    0x00000000,0x00000000,0x00000000,0x00000000,0x00000000,0x00000000,0x00000000,0x00000000,
    0x00000000,0x00000000,0x00000000,0x00000000,0x00000000,0x00000000,0x00000000,0x00000000,
    0x00000000,0x00000000,0x00000000,0x00000000,0x00000000,0x00000000,0x00000000,0x00000000,
    0x00000000,0x00000000,0x00000000,0x00000000,0x00000000,0x00000000,0x00000000,0x00000000,
    0x00000000,0x00000000,0x00000000,0x00000000,0x00000000,0x00000000,0x00000000,0x00000000,
    0x00000000,0x00000000,0x00000000,0x00000000,0x00000000,0x00000000,0x00000000,0x00000000,
};
#define PROF_ICON_PERSONALIZATION_SIZE 48

static const uint32_t prof_icon_system_rgba[] = {
    0x00000000,0x00000000,0x00000000,0x00000000,0x00000000,0x00000000,0x00000000,0x00000000,
    0x00000000,0x00000000,0x00000000,0x00000000,0x00000000,0x00000000,0x00000000,0x00000000,
    0x00000000,0x00000000,0x00000000,0x00000000,0x00000000,0x00000000,0x00000000,0x00000000,
    0x00000000,0x00000000,0x00000000,0x00000000,0x00000000,0x00000000,0x00000000,0x00000000,
    0x00000000,0x00000000,0x00000000,0x00000000,0x00000000,0x00000000,0x00000000,0x00000000,
    0x00000000,0x00000000,0x00000000,0x00000000,0x00000000,0x00000000,0x00000000,0x00000000,
    0x00000000,0x00000000,0x00000000,0x00000000,0x00000000,0x00000000,0x00000000,0x00000000,
    0x00000000,0x00000000,0x00000000,0x88F488FF,0x88FF88F4,0x00000000,0x00000000,0x00000000,
    0x00000000,0x00000000,0x00000000,0x00000000,0x00000000,0x00000000,0x00000000,0x00000000,
    0x00000000,0x00000000,0x00000000,0x00000000,0x00000000,0x00000000,0x00000000,0x00000000,
    0x00000000,0x00000000,0x00000000,0x88F488FF,0x88FF88F4,0x00000000,0x00000000,0x00000000,
    0x00000000,0x00000000,0x00000000,0x00000000,0x00000000,0x00000000,0x00000000,0x00000000,
    0x00000000,0x00000000,0x00000000,0x00000000,0x00000000,0x00000000,0x00000000,0x00000000,
    0x00000000,0x00000000,0x00000000,0x88F488FF,0x88FF88F4,0x00000000,0x00000000,0x00000000,
    0x00000000,0x00000000,0x00000000,0x00000000,0x00000000,0x00000000,0x00000000,0x00000000,
    0x00000000,0x00000000,0x00000000,0x00000000,0x00000000,0x00000000,0x00000000,0x00000000,
    0x00000000,0x00000000,0x00000000,0x88F488FF,0x88FF88F4,0x00000000,0x00000000,0x00000000,
    0x00000000,0x00000000,0x00000000,0x00000000,0x00000000,0x00000000,0x00000000,0x00000000,
    0x00000000,0x00000000,0x00000000,0x00000000,0x00000000,0x00000000,0x00000000,0x00000000,
    0x00000000,0x00000000,0x00000000,0x88F488FF,0x88FF88F4,0x00000000,0x00000000,0x00000000,
    0x00000000,0x00000000,0x00000000,0x00000000,0x00000000,0x00000000,0x00000000,0x00000000,
    0x00000000,0x00000000,0x00000000,0x00000000,0x00000000,0x00000000,0x00000000,0x00000000,
    0x00000000,0x00000000,0x00000000,0x88F488FF,0x88FF88F4,0x00000000,0x00000000,0x00000000,
    0x00000000,0x00000000,0x00000000,0x00000000,0x00000000,0x00000000,0x00000000,0x00000000,
    0x00000000,0x00000000,0x00000000,0x00000000,0x00000000,0x44D043C6,0x43CC43CF,0x43CF43CF,
    0x43CF43CF,0x43CF43CF,0x43CF43CF,0x43CF43CF,0x43CF43CF,0x43CF43CF,0x43CF43CF,0x43CF43CF,
    0x43CF43CF,0x43CF43CC,0x43C644D0,0x00000000,0x00000000,0x00000000,0x00000000,0x00000000,
    0x00000000,0x00000000,0x00000000,0x00000000,0x000043C1,0x43CD43CF,0x43CF43CF,0x43CF43CF,
    0x43CF43CF,0x43CF43CF,0x43CF43CF,0x43CF43CF,0x43CF43CF,0x43CF43CF,0x43CF43CF,0x43CF43CF,
    0x43CF43CF,0x43CF43CF,0x43CF43CC,0x43C10000,0x00000000,0x00000000,0x00000000,0x00000000,
    0x00000000,0x00000000,0x00000000,0x00000000,0x44D043CD,0x43CF43CF,0x43CF43CF,0x43CF43CF,
    0x43CF43CF,0x43CF43CF,0x43CF43CF,0x43CF43CF,0x43CF43CF,0x43CF43CF,0x43CF43CF,0x43CF43CF,
    0x43CF43CF,0x43CF43CF,0x43CF43CF,0x43CC44D0,0x00000000,0x00000000,0x00000000,0x00000000,
    0x00000000,0x00000000,0x00000000,0x00000000,0x43C643CF,0x43CF43CF,0x43CF43CF,0x43CF43CF,
    0x43CF43CF,0x43CF43CF,0x43CF43CF,0x43CF43CF,0x43CF43CF,0x43CF43CF,0x43CF43CF,0x43CF43CF,
    0x43CF43CF,0x43CF43CF,0x43CF43CF,0x43CF43C6,0x00000000,0x00000000,0x00000000,0x00000000,
    0x00000000,0x00000000,0x00000000,0x00000000,0x43CC43CF,0x43CF43CF,0x43CF43CF,0x43CF43CF,
    0x43CF43CF,0x43CF43CF,0x43CF43CF,0x43CF43CF,0x43CF43CF,0x43CF43CF,0x43CF43CF,0x43CF43CF,
    0x43CF43CF,0x43CF43CF,0x43CF43CF,0x43CF43CC,0x00000000,0x00000000,0x00000000,0x00000000,
    0x00000000,0x00000000,0x00000000,0x00000000,0x43CF43CF,0x43CF43CF,0x43CF43CF,0x43CF43CF,
    0x43CF43CF,0x43CF43CF,0x43CF43CF,0x43CF43CF,0x43CF43CF,0x43CF43CF,0x43CF43CF,0x43CF43CF,
    0x43CF43CF,0x43CF43CF,0x43CF43CF,0x43CF43CF,0x00000000,0x00000000,0x00000000,0x00000000,
    0x00000000,0x00000000,0x00000000,0x00000000,0x43CF43CF,0x43CF43CF,0x43CF43CF,0x43CF66EF,
    0x78FF88FF,0x88FF88FF,0x88FF88FF,0x88FF88FF,0x88FF88FF,0x88FF88FF,0x88FF88FF,0x88FF78FF,
    0x66EF43CF,0x43CF43CF,0x43CF43CF,0x43CF43CF,0x00000000,0x00000000,0x00000000,0x00000000,
    0x00000000,0x00000000,0x00000000,0x00000000,0x43CF43CF,0x43CF43CF,0x43CF43CF,0x66EF88FF,
    0x88FF88FF,0x88FF88FF,0x88FF88FF,0x88FF88FF,0x88FF88FF,0x88FF88FF,0x88FF88FF,0x88FF88FF,
    0x88FF66EF,0x43CF43CF,0x43CF43CF,0x43CF43CF,0x00000000,0x00000000,0x00000000,0x00000000,
    0x00000000,0x00000000,0x00000000,0x00000000,0x43CF43CF,0x43CF43CF,0x43CF43CF,0x78FF88FF,
    0x88FF88FF,0x88FF88FF,0x88FF88FF,0x88FF88FF,0x88FF88FF,0x88FF88FF,0x88FF88FF,0x88FF88FF,
    0x88FF78FF,0x43CF43CF,0x43CF43CF,0x43CF43CF,0x00000000,0x00000000,0x00000000,0x00000000,
    0x00000000,0x00000000,0x00000000,0x00000000,0x43CF43CF,0x43CF43CF,0x43CF43CF,0x88FF88FF,
    0x88FF88FF,0x88FF88FF,0x88FF88FF,0x88FF88FF,0x88FF88FF,0x88FF88FF,0x88FF88FF,0x88FF88FF,
    0x88FF88FF,0x43CF43CF,0x43CF43CF,0x43CF43CF,0x00000000,0x00000000,0x00000000,0x00000000,
    0x00000000,0x00000000,0x00000000,0x00000000,0x43CF43CF,0x43CF43CF,0x43CF43CF,0x88FF88FF,
    0x88FF88FF,0x56BF124F,0x012F012F,0x012F012F,0x012F012F,0x012F012F,0x124F66BF,0x88FF88FF,
    0x88FF88FF,0x43CF43CF,0x43CF43CF,0x43CF43CF,0x00000000,0x00000000,0x00000000,0x00000000,
    0x00000000,0x00000000,0x00000000,0x00000000,0x43CF43CF,0x43CF43CF,0x43CF43CF,0x88FF88FF,
    0x88FF88FF,0x124F012F,0x012F012F,0x012F012F,0x012F012F,0x012F012F,0x012F124F,0x88FF88FF,
    0x88FF88FF,0x43CF43CF,0x43CF43CF,0x43CF43CF,0x00000000,0x00000000,0x00000000,0x00000000,
    0x00000000,0x00000000,0x00000000,0x00000000,0x43CF43CF,0x43CF43CF,0x43CF43CF,0x88FF88FF,
    0x88FF88FF,0x012F012F,0x012F012F,0x012F012F,0x012F012F,0x012F012F,0x012F012F,0x88FF88FF,
    0x88FF88FF,0x43CF43CF,0x43CF43CF,0x43CF43CF,0x00000000,0x00000000,0x00000000,0x00000000,
    0x00000000,0x00000000,0x00000000,0x00000000,0x43CF43CF,0x43CF43CF,0x43CF43CF,0x88FF88FF,
    0x88FF88FF,0x012F012F,0x012F012F,0x012F012F,0x012F012F,0x012F012F,0x012F012F,0x88FF88FF,
    0x88FF88FF,0x43CF43CF,0x43CF43CF,0x43CF43CF,0x00000000,0x00000000,0x00000000,0x00000000,
    0x00000000,0x88F488F4,0x88F488F4,0x88F488F4,0x43CF43CF,0x43CF43CF,0x43CF43CF,0x88FF88FF,
    0x88FF88FF,0x012F012F,0x012F012F,0x012F012F,0x012F012F,0x012F012F,0x012F012F,0x88FF88FF,
    0x88FF88FF,0x43CF43CF,0x43CF43CF,0x43CF43CF,0x88F488F4,0x88F488F4,0x88F488F4,0x00000000,
    0x00000000,0x88FF88FF,0x88FF88FF,0x88FF88FF,0x43CF43CF,0x43CF43CF,0x43CF43CF,0x88FF88FF,
    0x88FF88FF,0x012F012F,0x012F012F,0x012F012F,0x012F012F,0x012F012F,0x012F012F,0x88FF88FF,
    0x88FF88FF,0x43CF43CF,0x43CF43CF,0x43CF43CF,0x88FF88FF,0x88FF88FF,0x88FF88FF,0x00000000,
    0x00000000,0x88FF88FF,0x88FF88FF,0x88FF88FF,0x43CF43CF,0x43CF43CF,0x43CF43CF,0x88FF88FF,
    0x88FF88FF,0x012F012F,0x012F012F,0x012F012F,0x012F012F,0x012F012F,0x012F012F,0x88FF88FF,
    0x88FF88FF,0x43CF43CF,0x43CF43CF,0x43CF43CF,0x88FF88FF,0x88FF88FF,0x88FF88FF,0x00000000,
    0x00000000,0x88F488F4,0x88F488F4,0x88F488F4,0x43CF43CF,0x43CF43CF,0x43CF43CF,0x88FF88FF,
    0x88FF88FF,0x012F012F,0x012F012F,0x012F012F,0x012F012F,0x012F012F,0x012F012F,0x88FF88FF,
    0x88FF88FF,0x43CF43CF,0x43CF43CF,0x43CF43CF,0x88F488F4,0x88F488F4,0x88F488F4,0x00000000,
    0x00000000,0x00000000,0x00000000,0x00000000,0x43CF43CF,0x43CF43CF,0x43CF43CF,0x88FF88FF,
    0x88FF88FF,0x012F012F,0x012F012F,0x012F012F,0x012F012F,0x012F012F,0x012F012F,0x88FF88FF,
    0x88FF88FF,0x43CF43CF,0x43CF43CF,0x43CF43CF,0x00000000,0x00000000,0x00000000,0x00000000,
    0x00000000,0x00000000,0x00000000,0x00000000,0x43CF43CF,0x43CF43CF,0x43CF43CF,0x88FF88FF,
    0x88FF88FF,0x012F012F,0x012F012F,0x012F012F,0x012F012F,0x012F012F,0x012F012F,0x88FF88FF,
    0x88FF88FF,0x43CF43CF,0x43CF43CF,0x43CF43CF,0x00000000,0x00000000,0x00000000,0x00000000,
    0x00000000,0x00000000,0x00000000,0x00000000,0x43CF43CF,0x43CF43CF,0x43CF43CF,0x88FF88FF,
    0x88FF88FF,0x124F012F,0x012F012F,0x012F012F,0x012F012F,0x012F012F,0x012F124F,0x88FF88FF,
    0x88FF88FF,0x43CF43CF,0x43CF43CF,0x43CF43CF,0x00000000,0x00000000,0x00000000,0x00000000,
    0x00000000,0x00000000,0x00000000,0x00000000,0x43CF43CF,0x43CF43CF,0x43CF43CF,0x88FF88FF,
    0x88FF88FF,0x66BF124F,0x012F012F,0x012F012F,0x012F012F,0x012F012F,0x124F66BF,0x88FF88FF,
    0x88FF88FF,0x43CF43CF,0x43CF43CF,0x43CF43CF,0x00000000,0x00000000,0x00000000,0x00000000,
    0x00000000,0x00000000,0x00000000,0x00000000,0x43CF43CF,0x43CF43CF,0x43CF43CF,0x88FF88FF,
    0x88FF88FF,0x88FF88FF,0x88FF88FF,0x88FF88FF,0x88FF88FF,0x88FF88FF,0x88FF88FF,0x88FF88FF,
    0x88FF88FF,0x43CF43CF,0x43CF43CF,0x43CF43CF,0x00000000,0x00000000,0x00000000,0x00000000,
    0x00000000,0x00000000,0x00000000,0x00000000,0x43CF43CF,0x43CF43CF,0x43CF43CF,0x78FF88FF,
    0x88FF88FF,0x88FF88FF,0x88FF88FF,0x88FF88FF,0x88FF88FF,0x88FF88FF,0x88FF88FF,0x88FF88FF,
    0x88FF78FF,0x43CF43CF,0x43CF43CF,0x43CF43CF,0x00000000,0x00000000,0x00000000,0x00000000,
    0x00000000,0x00000000,0x00000000,0x00000000,0x43CF43CF,0x43CF43CF,0x43CF43CF,0x66EF88FF,
    0x88FF88FF,0x88FF88FF,0x88FF88FF,0x88FF88FF,0x88FF88FF,0x88FF88FF,0x88FF88FF,0x88FF88FF,
    0x88FF66EF,0x43CF43CF,0x43CF43CF,0x43CF43CF,0x00000000,0x00000000,0x00000000,0x00000000,
    0x00000000,0x00000000,0x00000000,0x00000000,0x43CF43CF,0x43CF43CF,0x43CF43CF,0x43CF66EF,
    0x78FF88FF,0x88FF88FF,0x88FF88FF,0x88FF88FF,0x88FF88FF,0x88FF88FF,0x88FF88FF,0x88FF78FF,
    0x66EF43CF,0x43CF43CF,0x43CF43CF,0x43CF43CF,0x00000000,0x00000000,0x00000000,0x00000000,
    0x00000000,0x00000000,0x00000000,0x00000000,0x43CF43CF,0x43CF43CF,0x43CF43CF,0x43CF43CF,
    0x43CF43CF,0x43CF43CF,0x43CF43CF,0x43CF43CF,0x43CF43CF,0x43CF43CF,0x43CF43CF,0x43CF43CF,
    0x43CF43CF,0x43CF43CF,0x43CF43CF,0x43CF43CF,0x00000000,0x00000000,0x00000000,0x00000000,
    0x00000000,0x00000000,0x00000000,0x00000000,0x43CC43CF,0x43CF43CF,0x43CF43CF,0x43CF43CF,
    0x43CF43CF,0x43CF43CF,0x43CF43CF,0x43CF43CF,0x43CF43CF,0x43CF43CF,0x43CF43CF,0x43CF43CF,
    0x43CF43CF,0x43CF43CF,0x43CF43CF,0x43CF43CC,0x00000000,0x00000000,0x00000000,0x00000000,
    0x00000000,0x00000000,0x00000000,0x00000000,0x43C643CF,0x43CF43CF,0x43CF43CF,0x43CF43CF,
    0x43CF43CF,0x43CF43CF,0x43CF43CF,0x43CF43CF,0x43CF43CF,0x43CF43CF,0x43CF43CF,0x43CF43CF,
    0x43CF43CF,0x43CF43CF,0x43CF43CF,0x43CF43C6,0x00000000,0x00000000,0x00000000,0x00000000,
    0x00000000,0x00000000,0x00000000,0x00000000,0x44D043CC,0x43CF43CF,0x43CF43CF,0x43CF43CF,
    0x43CF43CF,0x43CF43CF,0x43CF43CF,0x43CF43CF,0x43CF43CF,0x43CF43CF,0x43CF43CF,0x43CF43CF,
    0x43CF43CF,0x43CF43CF,0x43CF43CF,0x43CC52D0,0x00000000,0x00000000,0x00000000,0x00000000,
    0x00000000,0x00000000,0x00000000,0x00000000,0x000043C1,0x43CC43CF,0x43CF43CF,0x43CF43CF,
    0x43CF43CF,0x43CF43CF,0x43CF43CF,0x43CF43CF,0x43CF43CF,0x43CF43CF,0x43CF43CF,0x43CF43CF,
    0x43CF43CF,0x43CF43CF,0x43CF43CC,0x43C10000,0x00000000,0x00000000,0x00000000,0x00000000,
    0x00000000,0x00000000,0x00000000,0x00000000,0x00000000,0x52D043C6,0x43CC43CF,0x43CF43CF,
    0x43CF43CF,0x43CF43CF,0x43CF43CF,0x43CF43CF,0x43CF43CF,0x43CF43CF,0x43CF43CF,0x43CF43CF,
    0x43CF43CF,0x43CF43CC,0x43C652D0,0x00000000,0x00000000,0x00000000,0x00000000,0x00000000,
    0x00000000,0x00000000,0x00000000,0x00000000,0x00000000,0x00000000,0x00000000,0x00000000,
    0x00000000,0x00000000,0x00000000,0x88F488FF,0x88FF88F4,0x00000000,0x00000000,0x00000000,
    0x00000000,0x00000000,0x00000000,0x00000000,0x00000000,0x00000000,0x00000000,0x00000000,
    0x00000000,0x00000000,0x00000000,0x00000000,0x00000000,0x00000000,0x00000000,0x00000000,
    0x00000000,0x00000000,0x00000000,0x88F488FF,0x88FF88F4,0x00000000,0x00000000,0x00000000,
    0x00000000,0x00000000,0x00000000,0x00000000,0x00000000,0x00000000,0x00000000,0x00000000,
    0x00000000,0x00000000,0x00000000,0x00000000,0x00000000,0x00000000,0x00000000,0x00000000,
    0x00000000,0x00000000,0x00000000,0x88F488FF,0x88FF88F4,0x00000000,0x00000000,0x00000000,
    0x00000000,0x00000000,0x00000000,0x00000000,0x00000000,0x00000000,0x00000000,0x00000000,
    0x00000000,0x00000000,0x00000000,0x00000000,0x00000000,0x00000000,0x00000000,0x00000000,
    0x00000000,0x00000000,0x00000000,0x88F488FF,0x88FF88F4,0x00000000,0x00000000,0x00000000,
    0x00000000,0x00000000,0x00000000,0x00000000,0x00000000,0x00000000,0x00000000,0x00000000,
    0x00000000,0x00000000,0x00000000,0x00000000,0x00000000,0x00000000,0x00000000,0x00000000,
    0x00000000,0x00000000,0x00000000,0x88F488FF,0x88FF88F4,0x00000000,0x00000000,0x00000000,
    0x00000000,0x00000000,0x00000000,0x00000000,0x00000000,0x00000000,0x00000000,0x00000000,
    0x00000000,0x00000000,0x00000000,0x00000000,0x00000000,0x00000000,0x00000000,0x00000000,
    0x00000000,0x00000000,0x00000000,0x88F488FF,0x88FF88F4,0x00000000,0x00000000,0x00000000,
    0x00000000,0x00000000,0x00000000,0x00000000,0x00000000,0x00000000,0x00000000,0x00000000,
    0x00000000,0x00000000,0x00000000,0x00000000,0x00000000,0x00000000,0x00000000,0x00000000,
    0x00000000,0x00000000,0x00000000,0x00000000,0x00000000,0x00000000,0x00000000,0x00000000,
    0x00000000,0x00000000,0x00000000,0x00000000,0x00000000,0x00000000,0x00000000,0x00000000,
    0x00000000,0x00000000,0x00000000,0x00000000,0x00000000,0x00000000,0x00000000,0x00000000,
    0x00000000,0x00000000,0x00000000,0x00000000,0x00000000,0x00000000,0x00000000,0x00000000,
    0x00000000,0x00000000,0x00000000,0x00000000,0x00000000,0x00000000,0x00000000,0x00000000,
};
#define PROF_ICON_SYSTEM_SIZE 48

static const uint32_t prof_icon_terminal_rgba[] = {
    0x00000000,0x00000000,0x00000000,0x00000000,0x00000000,0x00000000,0x00000000,0x00000000,
    0x00000000,0x00000000,0x00000000,0x00000000,0x00000000,0x00000000,0x00000000,0x00000000,
    0x00000000,0x00000000,0x00000000,0x00000000,0x00000000,0x00000000,0x00000000,0x00000000,
    0x00000000,0x00000000,0x00000000,0x00000000,0x00000000,0x00000000,0x00000000,0x00000000,
    0x00000000,0x00000000,0x00000000,0x00000000,0x00000000,0x00000000,0x00000000,0x00000000,
    0x00000000,0x00000000,0x00000000,0x00000000,0x00000000,0x00000000,0x00000000,0x00000000,
    0x00000000,0x00000000,0x00000000,0x00000000,0x00000000,0x00000000,0x00000000,0x00000000,
    0x00000000,0x00000000,0x00000000,0x00000000,0x00000000,0x00000000,0x00000000,0x00000000,
    0x00000000,0x00000000,0x00000000,0x00000000,0x00000000,0x00000000,0x00000000,0x00000000,
    0x00000000,0x00000000,0x00000000,0x00000000,0x00000000,0x00000000,0x00000000,0x00000000,
    0x00000000,0x00000000,0x00000000,0x00000000,0x00000000,0x00000000,0x00000000,0x00000000,
    0x00000000,0x00000000,0x00000000,0x00000000,0x00000000,0x00000000,0x00000000,0x00000000,
    0x00000000,0x00000000,0x00000000,0x00000000,0x00000000,0x00000000,0x00000000,0x00000000,
    0x00000000,0x00000000,0x00000000,0x00000000,0x00000000,0x00000000,0x00000000,0x00000000,
    0x00000000,0x00000000,0x00000000,0x00000000,0x00000000,0x00000000,0x00000000,0x00000000,
    0x00000000,0x00000000,0x00000000,0x00000000,0x00000000,0x00000000,0x00000000,0x00000000,
    0x00000000,0x00000000,0x00000000,0x00000000,0x00000000,0x00000000,0x00000000,0x00000000,
    0x00000000,0x00000000,0x00000000,0x00000000,0x00000000,0x00000000,0x00000000,0x00000000,
    0x00000000,0x00000000,0x00000000,0x1232123B,0x123F123F,0x123F123F,0x123F123F,0x123F123F,
    0x123F123F,0x123F123F,0x123F123F,0x123F123F,0x123F123F,0x123F123F,0x123F123F,0x123F123F,
    0x123F123F,0x123F123F,0x123F123F,0x123F123F,0x123B1231,0x00000000,0x00000000,0x00000000,
    0x00000000,0x00000000,0x00001235,0x123F123F,0x123F123F,0x123F123F,0x123F123F,0x123F123F,
    0x123F123F,0x123F123F,0x123F123F,0x123F123F,0x123F123F,0x123F123F,0x123F123F,0x123F123F,
    0x123F123F,0x123F123F,0x123F123F,0x123F123F,0x123F123F,0x12350000,0x00000000,0x00000000,
    0x00000000,0x00000000,0x1233123F,0x123F123F,0x123F223F,0x745F745F,0x223F123F,0x123F123F,
    0x233F763F,0x763F233F,0x123F123F,0x123F233F,0x375F375F,0x234F123F,0x123F123F,0x123F123F,
    0x123F123F,0x123F123F,0x123F123F,0x123F123F,0x123F123F,0x123F1233,0x00000000,0x00000000,
    0x00000000,0x00000000,0x123D123F,0x123F123F,0x223FD66F,0xF77FF77F,0xD66F223F,0x123F233F,
    0xDA2FFB2F,0xFB2FDA2F,0x233F123F,0x233F4C7F,0x4D8F4D8F,0x4C7F234F,0x123F123F,0x123F123F,
    0x123F123F,0x123F123F,0x123F123F,0x123F123F,0x123F123F,0x123F123D,0x00000000,0x00000000,
    0x00000000,0x00000000,0x123F123F,0x123F123F,0x745FF77F,0xF77FF77F,0xF77F745F,0x123F763F,
    0xFB2FFB2F,0xFB2FFB2F,0x763F123F,0x375F4D8F,0x4D8F4D8F,0x4D8F375F,0x123F123F,0x123F123F,
    0x123F123F,0x123F123F,0x123F123F,0x123F123F,0x123F123F,0x123F123F,0x00000000,0x00000000,
    0x00000000,0x00000000,0x123F123F,0x123F123F,0x745FF77F,0xF77FF77F,0xF77F745F,0x123F763F,
    0xFB2FFB2F,0xFB2FFB2F,0x763F123F,0x375F4D8F,0x4D8F4D8F,0x4D8F275F,0x123F123F,0x123F123F,
    0x123F123F,0x123F123F,0x123F123F,0x123F123F,0x123F123F,0x123F123F,0x00000000,0x00000000,
    0x00000000,0x00000000,0x123F123F,0x123F123F,0x223FD66F,0xF77FF77F,0xD66F223F,0x123F233F,
    0xDA2FFB2F,0xFB2FDA2F,0x233F123F,0x233F4C7F,0x4D8F4D8F,0x4C7F234F,0x123F123F,0x123F123F,
    0x123F123F,0x123F123F,0x123F123F,0x123F123F,0x123F123F,0x123F123F,0x00000000,0x00000000,
    0x00000000,0x00000000,0x112F123F,0x123F123F,0x123F223F,0x745F745F,0x223F123F,0x123F123F,
    0x233F763F,0x763F233F,0x123F123F,0x123F234F,0x275F275F,0x234F123F,0x123F123F,0x123F123F,
    0x123F123F,0x123F123F,0x123F123F,0x123F123F,0x123F123F,0x123F112F,0x00000000,0x00000000,
    0x00000000,0x00000000,0x012F112F,0x123F123F,0x123F123F,0x123F123F,0x123F123F,0x123F123F,
    0x123F123F,0x123F123F,0x123F123F,0x123F123F,0x123F123F,0x123F123F,0x123F123F,0x123F123F,
    0x123F123F,0x123F123F,0x123F123F,0x123F123F,0x123F123F,0x112F012F,0x00000000,0x00000000,
    0x00000000,0x00000000,0x012F012F,0x112F123F,0x123F123F,0x123F123F,0x123F123F,0x123F123F,
    0x123F123F,0x123F123F,0x123F123F,0x123F123F,0x123F123F,0x123F123F,0x123F123F,0x123F123F,
    0x123F123F,0x123F123F,0x123F123F,0x123F123F,0x123F112F,0x012F012F,0x00000000,0x00000000,
    0x00000000,0x00000000,0x012F012F,0x012F012F,0x012F012F,0x012F012F,0x012F012F,0x012F012F,
    0x012F012F,0x012F012F,0x012F012F,0x012F012F,0x012F012F,0x012F012F,0x012F012F,0x012F012F,
    0x012F012F,0x012F012F,0x012F012F,0x012F012F,0x012F012F,0x012F012F,0x00000000,0x00000000,
    0x00000000,0x00000000,0x012F012F,0x012F012F,0x012F012F,0x012F012F,0x012F012F,0x012F012F,
    0x012F012F,0x012F012F,0x012F012F,0x012F012F,0x012F012F,0x012F012F,0x012F012F,0x012F012F,
    0x012F012F,0x012F012F,0x012F012F,0x012F012F,0x012F012F,0x012F012F,0x00000000,0x00000000,
    0x00000000,0x00000000,0x012F012F,0x012F012F,0x012F012F,0x012F012F,0x012F012F,0x012F012F,
    0x012F012F,0x012F012F,0x012F012F,0x012F012F,0x012F012F,0x012F012F,0x012F012F,0x012F012F,
    0x012F012F,0x012F012F,0x012F012F,0x012F012F,0x012F012F,0x012F012F,0x00000000,0x00000000,
    0x00000000,0x00000000,0x012F012F,0x012F012F,0x012F012F,0x012F012F,0x012F012F,0x012F012F,
    0x012F012F,0x012F012F,0x012F012F,0x012F012F,0x012F012F,0x012F012F,0x012F012F,0x012F012F,
    0x012F012F,0x012F012F,0x012F012F,0x012F012F,0x012F012F,0x012F012F,0x00000000,0x00000000,
    0x00000000,0x00000000,0x012F012F,0x012F012F,0x012F012F,0x012F254F,0x264F112F,0x012F012F,
    0x012F012F,0x012F012F,0x012F012F,0x012F012F,0x012F012F,0x012F012F,0x012F012F,0x012F012F,
    0x012F012F,0x012F012F,0x012F012F,0x012F012F,0x012F012F,0x012F012F,0x00000000,0x00000000,
    0x00000000,0x00000000,0x012F012F,0x012F012F,0x012F012F,0x264F4D8F,0x4D8F3A6F,0x122F012F,
    0x012F012F,0x012F012F,0x012F012F,0x012F012F,0x012F012F,0x012F012F,0x012F012F,0x012F012F,
    0x012F012F,0x012F012F,0x012F012F,0x012F012F,0x012F012F,0x012F012F,0x00000000,0x00000000,
    0x00000000,0x00000000,0x012F012F,0x012F012F,0x012F012F,0x264F4D8F,0x4D8F4D8F,0x4B7F123F,
    0x012F012F,0x012F012F,0x012F012F,0x012F012F,0x012F012F,0x012F012F,0x012F012F,0x012F012F,
    0x012F012F,0x012F012F,0x012F012F,0x012F012F,0x012F012F,0x012F012F,0x00000000,0x00000000,
    0x00000000,0x00000000,0x012F012F,0x012F012F,0x012F012F,0x012F285F,0x4D8F4D8F,0x4D8F4C7F,
    0x143F012F,0x012F012F,0x012F012F,0x012F012F,0x012F012F,0x012F012F,0x012F012F,0x012F012F,
    0x012F012F,0x012F012F,0x012F012F,0x012F012F,0x012F012F,0x012F012F,0x00000000,0x00000000,
    0x00000000,0x00000000,0x012F012F,0x012F012F,0x012F012F,0x012F012F,0x254F4D7F,0x4D8F4D8F,
    0x4D7F264F,0x012F012F,0x012F012F,0x012F012F,0x012F012F,0x012F012F,0x012F012F,0x012F012F,
    0x012F012F,0x012F012F,0x012F012F,0x012F012F,0x012F012F,0x012F012F,0x00000000,0x00000000,
    0x00000000,0x00000000,0x012F012F,0x012F012F,0x012F012F,0x012F012F,0x012F143F,0x4C7F4D8F,
    0x4D8F4D8F,0x285F112F,0x012F012F,0x012F012F,0x012F012F,0x012F012F,0x012F012F,0x012F012F,
    0x012F012F,0x012F012F,0x012F012F,0x012F012F,0x012F012F,0x012F012F,0x00000000,0x00000000,
    0x00000000,0x00000000,0x012F012F,0x012F012F,0x012F012F,0x012F012F,0x012F012F,0x123F4B7F,
    0x4D8F4D8F,0x4D8F264F,0x012F012F,0x012F012F,0x012F012F,0x012F012F,0x012F012F,0x012F012F,
    0x012F012F,0x012F012F,0x012F012F,0x012F012F,0x012F012F,0x012F012F,0x00000000,0x00000000,
    0x00000000,0x00000000,0x012F012F,0x012F012F,0x012F012F,0x012F012F,0x012F012F,0x123F4B7F,
    0x4D8F4D8F,0x4D8F264F,0x012F012F,0x012F012F,0x012F012F,0x012F012F,0x012F012F,0x012F012F,
    0x012F012F,0x012F012F,0x012F012F,0x012F012F,0x012F012F,0x012F012F,0x00000000,0x00000000,
    0x00000000,0x00000000,0x012F012F,0x012F012F,0x012F012F,0x012F012F,0x012F143F,0x4C7F4D8F,
    0x4D8F4D8F,0x285F112F,0x012F012F,0x012F012F,0x012F012F,0x012F012F,0x012F012F,0x012F012F,
    0x012F012F,0x012F012F,0x012F012F,0x012F012F,0x012F012F,0x012F012F,0x00000000,0x00000000,
    0x00000000,0x00000000,0x012F012F,0x012F012F,0x012F012F,0x012F012F,0x254F4D7F,0x4D8F4D8F,
    0x4D7F264F,0x012F012F,0x012F012F,0x012F012F,0x012F012F,0x012F012F,0x012F012F,0x012F012F,
    0x012F012F,0x012F012F,0x012F012F,0x012F012F,0x012F012F,0x012F012F,0x00000000,0x00000000,
    0x00000000,0x00000000,0x012F012F,0x012F012F,0x012F012F,0x012F285F,0x4D8F4D8F,0x4D8F4C7F,
    0x143F012F,0x012F012F,0x012F012F,0x269F3BFF,0x3BFF3BFF,0x3BFF3BFF,0x3BFF3BFF,0x3BFF3BFF,
    0x3BFF269F,0x012F012F,0x012F012F,0x012F012F,0x012F012F,0x012F012F,0x00000000,0x00000000,
    0x00000000,0x00000000,0x012F012F,0x012F012F,0x012F012F,0x264F4D8F,0x4D8F4D8F,0x4B7F123F,
    0x012F012F,0x012F012F,0x012F012F,0x3BEF3BFF,0x3BFF3BFF,0x3BFF3BFF,0x3BFF3BFF,0x3BFF3BFF,
    0x3BFF3BEF,0x012F012F,0x012F012F,0x012F012F,0x012F012F,0x012F012F,0x00000000,0x00000000,
    0x00000000,0x00000000,0x012F012F,0x012F012F,0x012F012F,0x264F4D8F,0x4D8F3A6F,0x122F012F,
    0x012F012F,0x012F012F,0x012F012F,0x269F3BFF,0x3BFF3BFF,0x3BFF3BFF,0x3BFF3BFF,0x3BFF3BFF,
    0x3BFF269F,0x012F012F,0x012F012F,0x012F012F,0x012F012F,0x012F012F,0x00000000,0x00000000,
    0x00000000,0x00000000,0x012F012F,0x012F012F,0x012F012F,0x012F254F,0x264F112F,0x012F012F,
    0x012F012F,0x012F012F,0x012F012F,0x012F012F,0x012F012F,0x012F012F,0x012F012F,0x012F012F,
    0x012F012F,0x012F012F,0x012F012F,0x012F012F,0x012F012F,0x012F012F,0x00000000,0x00000000,
    0x00000000,0x00000000,0x012F012F,0x012F012F,0x012F012F,0x012F012F,0x012F012F,0x012F012F,
    0x012F012F,0x012F012F,0x012F012F,0x012F012F,0x012F012F,0x012F012F,0x012F012F,0x012F012F,
    0x012F012F,0x012F012F,0x012F012F,0x012F012F,0x012F012F,0x012F012F,0x00000000,0x00000000,
    0x00000000,0x00000000,0x012F012F,0x012F012F,0x012F012F,0x012F012F,0x012F012F,0x012F012F,
    0x012F012F,0x012F012F,0x012F012F,0x012F012F,0x012F012F,0x012F012F,0x012F012F,0x012F012F,
    0x012F012F,0x012F012F,0x012F012F,0x012F012F,0x012F012F,0x012F012F,0x00000000,0x00000000,
    0x00000000,0x00000000,0x012F012F,0x012F012F,0x012F012F,0x012F012F,0x012F012F,0x012F012F,
    0x012F012F,0x012F012F,0x012F012F,0x012F012F,0x012F012F,0x012F012F,0x012F012F,0x012F012F,
    0x012F012F,0x012F012F,0x012F012F,0x012F012F,0x012F012F,0x012F012F,0x00000000,0x00000000,
    0x00000000,0x00000000,0x012C012F,0x012F012F,0x012F012F,0x012F012F,0x012F012F,0x012F012F,
    0x012F012F,0x012F012F,0x012F012F,0x012F012F,0x012F012F,0x012F012F,0x012F012F,0x012F012F,
    0x012F012F,0x012F012F,0x012F012F,0x012F012F,0x012F012F,0x012F012C,0x00000000,0x00000000,
    0x00000000,0x00000000,0x0126012F,0x012F012F,0x012F012F,0x012F012F,0x012F012F,0x012F012F,
    0x012F012F,0x012F012F,0x012F012F,0x012F012F,0x012F012F,0x012F012F,0x012F012F,0x012F012F,
    0x012F012F,0x012F012F,0x012F012F,0x012F012F,0x012F012F,0x012F0126,0x00000000,0x00000000,
    0x00000000,0x00000000,0x0220012C,0x012F012F,0x012F012F,0x012F012F,0x012F012F,0x012F012F,
    0x012F012F,0x012F012F,0x012F012F,0x012F012F,0x012F012F,0x012F012F,0x012F012F,0x012F012F,
    0x012F012F,0x012F012F,0x012F012F,0x012F012F,0x012F012F,0x012C0220,0x00000000,0x00000000,
    0x00000000,0x00000000,0x00001121,0x012C012F,0x012F012F,0x012F012F,0x012F012F,0x012F012F,
    0x012F012F,0x012F012F,0x012F012F,0x012F012F,0x012F012F,0x012F012F,0x012F012F,0x012F012F,
    0x012F012F,0x012F012F,0x012F012F,0x012F012F,0x012F012C,0x11210000,0x00000000,0x00000000,
    0x00000000,0x00000000,0x00000000,0x02200126,0x012C012F,0x012F012F,0x012F012F,0x012F012F,
    0x012F012F,0x012F012F,0x012F012F,0x012F012F,0x012F012F,0x012F012F,0x012F012F,0x012F012F,
    0x012F012F,0x012F012F,0x012F012F,0x012F012C,0x01260220,0x00000000,0x00000000,0x00000000,
    0x00000000,0x00000000,0x00000000,0x00000000,0x00000000,0x00000000,0x00000000,0x00000000,
    0x00000000,0x00000000,0x00000000,0x00000000,0x00000000,0x00000000,0x00000000,0x00000000,
    0x00000000,0x00000000,0x00000000,0x00000000,0x00000000,0x00000000,0x00000000,0x00000000,
    0x00000000,0x00000000,0x00000000,0x00000000,0x00000000,0x00000000,0x00000000,0x00000000,
    0x00000000,0x00000000,0x00000000,0x00000000,0x00000000,0x00000000,0x00000000,0x00000000,
    0x00000000,0x00000000,0x00000000,0x00000000,0x00000000,0x00000000,0x00000000,0x00000000,
    0x00000000,0x00000000,0x00000000,0x00000000,0x00000000,0x00000000,0x00000000,0x00000000,
    0x00000000,0x00000000,0x00000000,0x00000000,0x00000000,0x00000000,0x00000000,0x00000000,
    0x00000000,0x00000000,0x00000000,0x00000000,0x00000000,0x00000000,0x00000000,0x00000000,
    0x00000000,0x00000000,0x00000000,0x00000000,0x00000000,0x00000000,0x00000000,0x00000000,
    0x00000000,0x00000000,0x00000000,0x00000000,0x00000000,0x00000000,0x00000000,0x00000000,
    0x00000000,0x00000000,0x00000000,0x00000000,0x00000000,0x00000000,0x00000000,0x00000000,
    0x00000000,0x00000000,0x00000000,0x00000000,0x00000000,0x00000000,0x00000000,0x00000000,
    0x00000000,0x00000000,0x00000000,0x00000000,0x00000000,0x00000000,0x00000000,0x00000000,
    0x00000000,0x00000000,0x00000000,0x00000000,0x00000000,0x00000000,0x00000000,0x00000000,
    0x00000000,0x00000000,0x00000000,0x00000000,0x00000000,0x00000000,0x00000000,0x00000000,
    0x00000000,0x00000000,0x00000000,0x00000000,0x00000000,0x00000000,0x00000000,0x00000000,
    0x00000000,0x00000000,0x00000000,0x00000000,0x00000000,0x00000000,0x00000000,0x00000000,
};
#define PROF_ICON_TERMINAL_SIZE 48

static const uint32_t prof_icon_2048_rgba[] = {
    0x00000000,0x00000000,0x00000000,0x00000000,0x00000000,0x00000000,0x00000000,0x00000000,
    0x00000000,0x00000000,0x00000000,0x00000000,0x00000000,0x00000000,0x00000000,0x00000000,
    0x00000000,0x00000000,0x00000000,0x00000000,0x00000000,0x00000000,0x00000000,0x00000000,
    0x00000000,0x00000000,0x00000000,0x00000000,0x00000000,0x00000000,0x00000000,0x00000000,
    0x00000000,0x00000000,0x00000000,0x00000000,0x00000000,0x00000000,0x00000000,0x00000000,
    0x00000000,0x00000000,0x00000000,0x00000000,0x00000000,0x00000000,0x00000000,0x00000000,
    0x00000000,0x00000000,0x00000000,0x00000000,0x00000000,0x00000000,0x00000000,0x00000000,
    0x00000000,0x00000000,0x00000000,0x00000000,0x00000000,0x00000000,0x00000000,0x00000000,
    0x00000000,0x00000000,0x00000000,0x00000000,0x00000000,0x00000000,0x00000000,0x00000000,
    0x00000000,0x00000000,0x00000000,0x00000000,0x00000000,0x00000000,0x00000000,0x00000000,
    0x00000000,0x00000000,0x00000000,0x00000000,0x00000000,0x00000000,0x00000000,0x00000000,
    0x00000000,0x00000000,0x00000000,0x00000000,0x00000000,0x00000000,0x00000000,0x00000000,
    0x00000000,0x00000000,0x00000000,0xD600D706,0xD70CD70F,0xD70FD70F,0xD70FD70F,0xD70FD70F,
    0xD70FD70F,0xD70FD70F,0xD70FD70F,0xD70FD70F,0xD70FD70F,0xD70FD70F,0xD70FD70F,0xD70FD70F,
    0xD70FD70F,0xD70FD70F,0xD70FD70F,0xD70FD70C,0xD706D600,0x00000000,0x00000000,0x00000000,
    0x00000000,0x00000000,0x0000D701,0xD70DD70F,0xD70FD70F,0xD70FD70F,0xD70FD70F,0xD70FD70F,
    0xD70FD70F,0xD70FD70F,0xD70FD70F,0xD70FD70F,0xD70FD70F,0xD70FD70F,0xD70FD70F,0xD70FD70F,
    0xD70FD70F,0xD70FD70F,0xD70FD70F,0xD70FD70F,0xD70FD70C,0xD7010000,0x00000000,0x00000000,
    0x00000000,0x00000000,0xD600D70D,0xD70FD70F,0xD70FD70F,0xD70FD70F,0xD70FD70F,0xD70FD70F,
    0xD70FD70F,0xD70FD70F,0xD70FD70F,0xD70FD70F,0xD70FD70F,0xD70FD70F,0xD70FD70F,0xD70FD70F,
    0xD70FD70F,0xD70FD70F,0xD70FD70F,0xD70FD70F,0xD70FD70F,0xD70CD600,0x00000000,0x00000000,
    0x00000000,0x00000000,0xD706D70F,0xD70FD70F,0xD70FD70F,0xD70FD70F,0xD70FD70F,0xD70FD70F,
    0xD70FD70F,0xD70FD70F,0xD70FD70F,0xD70FD70F,0xD70FD70F,0xD70FD70F,0xD70FD70F,0xD70FD70F,
    0xD70FD70F,0xD70FD70F,0xD70FD70F,0xD70FD70F,0xD70FD70F,0xD70FD706,0x00000000,0x00000000,
    0x00000000,0x00000000,0xD70CD70F,0xD70FD70F,0xD70FEB4F,0xFD7FFE8F,0xFE8FFE8F,0xFE8FFE8F,
    0xFE8FFE8F,0xFE8FFD7F,0xEB4FD70F,0xD70FD70F,0xD70FD70F,0xD70FE91F,0xFB2FFB2F,0xFB2FFB2F,
    0xFB2FFB2F,0xFB2FFB2F,0xFB2FFB2F,0xE91FD70F,0xD70FD70F,0xD70FD70C,0x00000000,0x00000000,
    0x00000000,0x00000000,0xD70FD70F,0xD70FD70F,0xEB4FFE8F,0xFE8FFE8F,0xFE8FFE8F,0xFE8FFE8F,
    0xFE8FFE8F,0xFE8FFE8F,0xFE8FEB4F,0xD70FD70F,0xD70FD70F,0xE91FFB2F,0xFB2FFB2F,0xFB2FFB2F,
    0xFB2FFB2F,0xFB2FFB2F,0xFB2FFB2F,0xFB2FE91F,0xD70FD70F,0xD70FD70F,0x00000000,0x00000000,
    0x00000000,0x00000000,0xD70FD70F,0xD70FD70F,0xFD7FFE8F,0xFE8FFE8F,0xFE8FFE8F,0xFE8FFE8F,
    0xFE8FFE8F,0xFE8FFE8F,0xFE8FFD7F,0xD70FD70F,0xD70FD70F,0xFB2FFB2F,0xFB2FFB2F,0xFB2FFB2F,
    0xFB2FFB2F,0xFB2FFB2F,0xFB2FFB2F,0xFB2FFB2F,0xD70FD70F,0xD70FD70F,0x00000000,0x00000000,
    0x00000000,0x00000000,0xD70FD70F,0xD70FD70F,0xFE8FFE8F,0xFE8FFE8F,0xFE8FEC7F,0xC95FC95F,
    0xFD7FFE8F,0xFE8FFE8F,0xFE8FFE8F,0xD70FD70F,0xD70FD70F,0xFB2FFB2F,0xFB2FFB2F,0xFB2FFB2F,
    0xFB2FD91F,0xD91FFB2F,0xFB2FFB2F,0xFB2FFB2F,0xD70FD70F,0xD70FD70F,0x00000000,0x00000000,
    0x00000000,0x00000000,0xD70FD70F,0xD70FD70F,0xFE8FFE8F,0xFE8FFE8F,0xFD8F841F,0x962F852F,
    0x852FFE8F,0xFE8FFE8F,0xFE8FFE8F,0xD70FD70F,0xD70FD70F,0xFB2FFB2F,0xFB2FFB2F,0xFB2FFB2F,
    0xD91F730F,0xA61FFB2F,0xFB2FFB2F,0xFB2FFB2F,0xD70FD70F,0xD70FD70F,0x00000000,0x00000000,
    0x00000000,0x00000000,0xD70FD70F,0xD70FD70F,0xFE8FFE8F,0xFE8FFE8F,0xFE8FFD7F,0xFE8FDA6F,
    0x731FFE8F,0xFE8FFE8F,0xFE8FFE8F,0xD70FD70F,0xD70FD70F,0xFB2FFB2F,0xFB2FFB2F,0xFB2FFB2F,
    0x841F951F,0xA61FFB2F,0xFB2FFB2F,0xFB2FFB2F,0xD70FD70F,0xD70FD70F,0x00000000,0x00000000,
    0x00000000,0x00000000,0xD70FD70F,0xD70FD70F,0xFE8FFE8F,0xFE8FFE8F,0xFE8FFE8F,0xFE8F962F,
    0xA73FFE8F,0xFE8FFE8F,0xFE8FFE8F,0xD70FD70F,0xD70FD70F,0xFB2FFB2F,0xFB2FFB2F,0xFB2FA61F,
    0xB71FA61F,0xA61FFB2F,0xFB2FFB2F,0xFB2FFB2F,0xD70FD70F,0xD70FD70F,0x00000000,0x00000000,
    0x00000000,0x00000000,0xD70FD70F,0xD70FD70F,0xFE8FFE8F,0xFE8FFE8F,0xFE8FFE8F,0xA73F952F,
    0xFD8FFE8F,0xFE8FFE8F,0xFE8FFE8F,0xD70FD70F,0xD70FD70F,0xFB2FFB2F,0xFB2FFB2F,0xD91F730F,
    0xC81F941F,0x951FEA2F,0xFB2FFB2F,0xFB2FFB2F,0xD70FD70F,0xD70FD70F,0x00000000,0x00000000,
    0x00000000,0x00000000,0xD70FD70F,0xD70FD70F,0xFE8FFE8F,0xFE8FFE8F,0xFE8FA73F,0x852FEC7F,
    0xEC7FFE8F,0xFE8FFE8F,0xFE8FFE8F,0xD70FD70F,0xD70FD70F,0xFB2FFB2F,0xFB2FFB2F,0xD91FA61F,
    0xA61F841F,0x841FD91F,0xFB2FFB2F,0xFB2FFB2F,0xD70FD70F,0xD70FD70F,0x00000000,0x00000000,
    0x00000000,0x00000000,0xD70FD70F,0xD70FD70F,0xFE8FFE8F,0xFE8FFE8F,0xEC7F730F,0x730F730F,
    0x730FDB6F,0xFE8FFE8F,0xFE8FFE8F,0xD70FD70F,0xD70FD70F,0xFB2FFB2F,0xFB2FFB2F,0xFB2FFB2F,
    0xFB2FA61F,0xA61FFB2F,0xFB2FFB2F,0xFB2FFB2F,0xD70FD70F,0xD70FD70F,0x00000000,0x00000000,
    0x00000000,0x00000000,0xD70FD70F,0xD70FD70F,0xFE8FFE8F,0xFE8FFE8F,0xFE8FFE8F,0xFE8FFE8F,
    0xFE8FFE8F,0xFE8FFE8F,0xFE8FFE8F,0xD70FD70F,0xD70FD70F,0xFB2FFB2F,0xFB2FFB2F,0xFB2FFB2F,
    0xFB2FFB2F,0xFB2FFB2F,0xFB2FFB2F,0xFB2FFB2F,0xD70FD70F,0xD70FD70F,0x00000000,0x00000000,
    0x00000000,0x00000000,0xD70FD70F,0xD70FD70F,0xFD7FFE8F,0xFE8FFE8F,0xFE8FFE8F,0xFE8FFE8F,
    0xFE8FFE8F,0xFE8FFE8F,0xFE8FFD7F,0xD70FD70F,0xD70FD70F,0xFB2FFB2F,0xFB2FFB2F,0xFB2FFB2F,
    0xFB2FFB2F,0xFB2FFB2F,0xFB2FFB2F,0xFB2FFB2F,0xD70FD70F,0xD70FD70F,0x00000000,0x00000000,
    0x00000000,0x00000000,0xD70FD70F,0xD70FD70F,0xEB4FFE8F,0xFE8FFE8F,0xFE8FFE8F,0xFE8FFE8F,
    0xFE8FFE8F,0xFE8FFE8F,0xFE8FEB4F,0xD70FD70F,0xD70FD70F,0xE91FFB2F,0xFB2FFB2F,0xFB2FFB2F,
    0xFB2FFB2F,0xFB2FFB2F,0xFB2FFB2F,0xFB2FE91F,0xD70FD70F,0xD70FD70F,0x00000000,0x00000000,
    0x00000000,0x00000000,0xD70FD70F,0xD70FD70F,0xD70FEB4F,0xFD7FFE8F,0xFE8FFE8F,0xFE8FFE8F,
    0xFE8FFE8F,0xFE8FFD7F,0xEB4FD70F,0xD70FD70F,0xD70FD70F,0xD70FE91F,0xFB2FFB2F,0xFB2FFB2F,
    0xFB2FFB2F,0xFB2FFB2F,0xFB2FFB2F,0xE91FD70F,0xD70FD70F,0xD70FD70F,0x00000000,0x00000000,
    0x00000000,0x00000000,0xD70FD70F,0xD70FD70F,0xD70FD70F,0xD70FD70F,0xD70FD70F,0xD70FD70F,
    0xD70FD70F,0xD70FD70F,0xD70FD70F,0xD70FD70F,0xD70FD70F,0xD70FD70F,0xD70FD70F,0xD70FD70F,
    0xD70FD70F,0xD70FD70F,0xD70FD70F,0xD70FD70F,0xD70FD70F,0xD70FD70F,0x00000000,0x00000000,
    0x00000000,0x00000000,0xD70FD70F,0xD70FD70F,0xD70FD70F,0xD70FD70F,0xD70FD70F,0xD70FD70F,
    0xD70FD70F,0xD70FD70F,0xD70FD70F,0xD70FD70F,0xD70FD70F,0xD70FD70F,0xD70FD70F,0xD70FD70F,
    0xD70FD70F,0xD70FD70F,0xD70FD70F,0xD70FD70F,0xD70FD70F,0xD70FD70F,0x00000000,0x00000000,
    0x00000000,0x00000000,0xD70FD70F,0xD70FD70F,0xD70FD70F,0xD70FD70F,0xD70FD70F,0xD70FD70F,
    0xD70FD70F,0xD70FD70F,0xD70FD70F,0xD70FD70F,0xD70FD70F,0xD70FD70F,0xD70FD70F,0xD70FD70F,
    0xD70FD70F,0xD70FD70F,0xD70FD70F,0xD70FD70F,0xD70FD70F,0xD70FD70F,0x00000000,0x00000000,
    0x00000000,0x00000000,0xD70FD70F,0xD70FD70F,0xD70FD70F,0xD70FD70F,0xD70FD70F,0xD70FD70F,
    0xD70FD70F,0xD70FD70F,0xD70FD70F,0xD70FD70F,0xD70FD70F,0xD70FD70F,0xD70FD70F,0xD70FD70F,
    0xD70FD70F,0xD70FD70F,0xD70FD70F,0xD70FD70F,0xD70FD70F,0xD70FD70F,0x00000000,0x00000000,
    0x00000000,0x00000000,0xD70FD70F,0xD70FD70F,0xD70FE80F,0xF90FF90F,0xF90FF90F,0xF90FF90F,
    0xF90FF90F,0xF90FF90F,0xE80FD70F,0xD70FD70F,0xD70FD70F,0xD70FE52F,0xE43FE44F,0xE44FE44F,
    0xE44FE44F,0xE44FE44F,0xE44FE43F,0xE52FD70F,0xD70FD70F,0xD70FD70F,0x00000000,0x00000000,
    0x00000000,0x00000000,0xD70FD70F,0xD70FD70F,0xE80FF90F,0xF90FF90F,0xF90FF90F,0xF90FF90F,
    0xF90FF90F,0xF90FF90F,0xF90FE80F,0xD70FD70F,0xD70FD70F,0xE52FE44F,0xE44FE44F,0xE44FE44F,
    0xE44FE44F,0xE44FE44F,0xE44FE44F,0xE44FE52F,0xD70FD70F,0xD70FD70F,0x00000000,0x00000000,
    0x00000000,0x00000000,0xD70FD70F,0xD70FD70F,0xF90FF90F,0xF90FF90F,0xF90FF90F,0xF90FF90F,
    0xF90FF90F,0xF90FF90F,0xF90FF90F,0xD70FD70F,0xD70FD70F,0xE43FE44F,0xE44FE44F,0xE44FE44F,
    0xE44FE44F,0xE44FE44F,0xE44FE44F,0xE44FE43F,0xD70FD70F,0xD70FD70F,0x00000000,0x00000000,
    0x00000000,0x00000000,0xD70FD70F,0xD70FD70F,0xF90FF90F,0xF90FF90F,0xF90FE90F,0xC70FC70F,
    0xE90FF90F,0xF90FF90F,0xF90FF90F,0xD70FD70F,0xD70FD70F,0xE44FE44F,0xE44FE44F,0xE44FE44F,
    0xE44FE44F,0xE44FE44F,0xE44FE44F,0xE44FE44F,0xD70FD70F,0xD70FD70F,0x00000000,0x00000000,
    0x00000000,0x00000000,0xD70FD70F,0xD70FD70F,0xF90FF90F,0xF90FF90F,0xF90F840F,0x950F950F,
    0x840FF90F,0xF90FF90F,0xF90FF90F,0xD70FD70F,0xD70FD70F,0xE44FE44F,0xE44FE44F,0xFAAFFAAF,
    0xE44FE44F,0xF77FFCCF,0xFCCFE44F,0xE44FE44F,0xD70FD70F,0xD70FD70F,0x00000000,0x00000000,
    0x00000000,0x00000000,0xD70FD70F,0xD70FD70F,0xF90FF90F,0xF90FF90F,0xF90F730F,0xB70FB60F,
    0x830FF90F,0xF90FF90F,0xF90FF90F,0xD70FD70F,0xD70FD70F,0xE44FE44F,0xE44FFCCF,0xFEEFFCCF,
    0xE44FF77F,0xFEEFF77F,0xF66FE44F,0xE44FE44F,0xD70FD70F,0xD70FD70F,0x00000000,0x00000000,
    0x00000000,0x00000000,0xD70FD70F,0xD70FD70F,0xF90FF90F,0xF90FF90F,0xF90FC70F,0x730F730F,
    0xD80FF90F,0xF90FF90F,0xF90FF90F,0xD70FD70F,0xD70FD70F,0xE44FE44F,0xE44FF66F,0xF99FFCCF,
    0xE44FFBBF,0xFBBFFBBF,0xF99FE44F,0xE44FE44F,0xD70FD70F,0xD70FD70F,0x00000000,0x00000000,
    0x00000000,0x00000000,0xD70FD70F,0xD70FD70F,0xF90FF90F,0xF90FF90F,0xE90F830F,0xB60FA60F,
    0x840FE90F,0xF90FF90F,0xF90FF90F,0xD70FD70F,0xD70FD70F,0xE44FE44F,0xE44FE44F,0xF99FFCCF,
    0xE44FFCCF,0xFCDFF77F,0xFFFFF66F,0xE44FE44F,0xD70FD70F,0xD70FD70F,0x00000000,0x00000000,
    0x00000000,0x00000000,0xD70FD70F,0xD70FD70F,0xF90FF90F,0xF90FF90F,0xD80F730F,0xE80FE80F,
    0x730FD80F,0xF90FF90F,0xF90FF90F,0xD70FD70F,0xD70FD70F,0xE44FE44F,0xE44FE44F,0xF99FFCCF,
    0xE44FFABF,0xFBBFF44F,0xFFFFF77F,0xE44FE44F,0xD70FD70F,0xD70FD70F,0x00000000,0x00000000,
    0x00000000,0x00000000,0xD70FD70F,0xD70FD70F,0xF90FF90F,0xF90FF90F,0xF90FA50F,0x730F730F,
    0xA50FF90F,0xF90FF90F,0xF90FF90F,0xD70FD70F,0xD70FD70F,0xE44FE44F,0xE44FE44F,0xF99FFCCF,
    0xE44FF55F,0xFDDFFFFF,0xFCCFE44F,0xE44FE44F,0xD70FD70F,0xD70FD70F,0x00000000,0x00000000,
    0x00000000,0x00000000,0xD70FD70F,0xD70FD70F,0xF90FF90F,0xF90FF90F,0xF90FF90F,0xF90FF90F,
    0xF90FF90F,0xF90FF90F,0xF90FF90F,0xD70FD70F,0xD70FD70F,0xE44FE44F,0xE44FE44F,0xE44FE44F,
    0xE44FE44F,0xE44FE44F,0xE44FE44F,0xE44FE44F,0xD70FD70F,0xD70FD70F,0x00000000,0x00000000,
    0x00000000,0x00000000,0xD70FD70F,0xD70FD70F,0xF90FF90F,0xF90FF90F,0xF90FF90F,0xF90FF90F,
    0xF90FF90F,0xF90FF90F,0xF90FF90F,0xD70FD70F,0xD70FD70F,0xE43FE44F,0xE44FE44F,0xE44FE44F,
    0xE44FE44F,0xE44FE44F,0xE44FE44F,0xE44FE43F,0xD70FD70F,0xD70FD70F,0x00000000,0x00000000,
    0x00000000,0x00000000,0xD70FD70F,0xD70FD70F,0xE80FF90F,0xF90FF90F,0xF90FF90F,0xF90FF90F,
    0xF90FF90F,0xF90FF90F,0xF90FE80F,0xD70FD70F,0xD70FD70F,0xE52FE44F,0xE44FE44F,0xE44FE44F,
    0xE44FE44F,0xE44FE44F,0xE44FE44F,0xE44FE52F,0xD70FD70F,0xD70FD70F,0x00000000,0x00000000,
    0x00000000,0x00000000,0xD70CD70F,0xD70FD70F,0xD70FE80F,0xF90FF90F,0xF90FF90F,0xF90FF90F,
    0xF90FF90F,0xF90FF90F,0xE80FD70F,0xD70FD70F,0xD70FD70F,0xD70FE52F,0xE43FE44F,0xE44FE44F,
    0xE44FE44F,0xE44FE44F,0xE44FE43F,0xE52FD70F,0xD70FD70F,0xD70FD70C,0x00000000,0x00000000,
    0x00000000,0x00000000,0xD706D70F,0xD70FD70F,0xD70FD70F,0xD70FD70F,0xD70FD70F,0xD70FD70F,
    0xD70FD70F,0xD70FD70F,0xD70FD70F,0xD70FD70F,0xD70FD70F,0xD70FD70F,0xD70FD70F,0xD70FD70F,
    0xD70FD70F,0xD70FD70F,0xD70FD70F,0xD70FD70F,0xD70FD70F,0xD70FD706,0x00000000,0x00000000,
    0x00000000,0x00000000,0xD600D70C,0xD70FD70F,0xD70FD70F,0xD70FD70F,0xD70FD70F,0xD70FD70F,
    0xD70FD70F,0xD70FD70F,0xD70FD70F,0xD70FD70F,0xD70FD70F,0xD70FD70F,0xD70FD70F,0xD70FD70F,
    0xD70FD70F,0xD70FD70F,0xD70FD70F,0xD70FD70F,0xD70FD70F,0xD70CD800,0x00000000,0x00000000,
    0x00000000,0x00000000,0x0000D701,0xD70CD70F,0xD70FD70F,0xD70FD70F,0xD70FD70F,0xD70FD70F,
    0xD70FD70F,0xD70FD70F,0xD70FD70F,0xD70FD70F,0xD70FD70F,0xD70FD70F,0xD70FD70F,0xD70FD70F,
    0xD70FD70F,0xD70FD70F,0xD70FD70F,0xD70FD70F,0xD70FD70C,0xD7010000,0x00000000,0x00000000,
    0x00000000,0x00000000,0x00000000,0xD800D706,0xD70CD70F,0xD70FD70F,0xD70FD70F,0xD70FD70F,
    0xD70FD70F,0xD70FD70F,0xD70FD70F,0xD70FD70F,0xD70FD70F,0xD70FD70F,0xD70FD70F,0xD70FD70F,
    0xD70FD70F,0xD70FD70F,0xD70FD70F,0xD70FD70C,0xD706D800,0x00000000,0x00000000,0x00000000,
    0x00000000,0x00000000,0x00000000,0x00000000,0x00000000,0x00000000,0x00000000,0x00000000,
    0x00000000,0x00000000,0x00000000,0x00000000,0x00000000,0x00000000,0x00000000,0x00000000,
    0x00000000,0x00000000,0x00000000,0x00000000,0x00000000,0x00000000,0x00000000,0x00000000,
    0x00000000,0x00000000,0x00000000,0x00000000,0x00000000,0x00000000,0x00000000,0x00000000,
    0x00000000,0x00000000,0x00000000,0x00000000,0x00000000,0x00000000,0x00000000,0x00000000,
    0x00000000,0x00000000,0x00000000,0x00000000,0x00000000,0x00000000,0x00000000,0x00000000,
    0x00000000,0x00000000,0x00000000,0x00000000,0x00000000,0x00000000,0x00000000,0x00000000,
    0x00000000,0x00000000,0x00000000,0x00000000,0x00000000,0x00000000,0x00000000,0x00000000,
    0x00000000,0x00000000,0x00000000,0x00000000,0x00000000,0x00000000,0x00000000,0x00000000,
    0x00000000,0x00000000,0x00000000,0x00000000,0x00000000,0x00000000,0x00000000,0x00000000,
    0x00000000,0x00000000,0x00000000,0x00000000,0x00000000,0x00000000,0x00000000,0x00000000,
    0x00000000,0x00000000,0x00000000,0x00000000,0x00000000,0x00000000,0x00000000,0x00000000,
};
#define PROF_ICON_2048_SIZE 48

static const uint32_t prof_icon_flappy_bird_rgba[] = {
    0x00000000,0x00000000,0x00000000,0x00000000,0x00000000,0x00000000,0x00000000,0x00000000,
    0x00000000,0x00000000,0x00000000,0x00000000,0x00000000,0x00000000,0x00000000,0x00000000,
    0x00000000,0x00000000,0x00000000,0x00000000,0x00000000,0x00000000,0x00000000,0x00000000,
    0x00000000,0x00000000,0x00000000,0x00000000,0x00000000,0x00000000,0x00000000,0x00000000,
    0x00000000,0x00000000,0x00000000,0x00000000,0x00000000,0x00000000,0x00000000,0x00000000,
    0x00000000,0x00000000,0x00000000,0x00000000,0x00000000,0x00000000,0x00000000,0x00000000,
    0x00000000,0x00000000,0x00000000,0x00000000,0x00000000,0x00000000,0x00000000,0x00000000,
    0x00000000,0x00000000,0x00000000,0x00000000,0x00000000,0x00000000,0x00000000,0x00000000,
    0x00000000,0x00000000,0x00000000,0x00000000,0x00000000,0x00000000,0x00000000,0x00000000,
    0x00000000,0x00000000,0x00000000,0x00000000,0x00000000,0x00000000,0x00000000,0x00000000,
    0x00000000,0x00000000,0x00000000,0x00000000,0x00000000,0x00000000,0x00000000,0x00000000,
    0x00000000,0x00000000,0x00000000,0x00000000,0x00000000,0x00000000,0x00000000,0x00000000,
    0x00000000,0x00000000,0x00000000,0x00000000,0x00000000,0x00000000,0x00000000,0x00000000,
    0x00000000,0x00000000,0x00000000,0x00000000,0x00000000,0x00000000,0x00000000,0x00000000,
    0x00000000,0x00000000,0x00000000,0x00000000,0x00000000,0x00000000,0x00000000,0x00000000,
    0x00000000,0x00000000,0x00000000,0x00000000,0x00000000,0x00000000,0x00000000,0x00000000,
    0x00000000,0x00000000,0x00000000,0x00000000,0x00000000,0x00000000,0x00000000,0x00000000,
    0x00000000,0x00000000,0x00000000,0x00000000,0x00000000,0x00000000,0x00000000,0x00000000,
    0x00000000,0x00000000,0x00000000,0x00000000,0x00000000,0x00000000,0x00000000,0x00000000,
    0x00000000,0x00000000,0x00000000,0x00000000,0x00000000,0x00000000,0x00000000,0x00000000,
    0x00000000,0x00000000,0x00000000,0x00000000,0x00000000,0x00000000,0x00000000,0x00000000,
    0x00000000,0x00000000,0x00000000,0x00000000,0x00000000,0x00000000,0x00000000,0x00000000,
    0x00000000,0x00000000,0x00000000,0x00000000,0x00000000,0x00000000,0x00000000,0x00000000,
    0x00000000,0x00000000,0x00000000,0x00000000,0x00000000,0x00000000,0x00000000,0x00000000,
    0x00000000,0x00000000,0x00000000,0x00000000,0x00000000,0x00000000,0x00000000,0x00000000,
    0x00000000,0x00000000,0x00000000,0x00000000,0x00000000,0x00000000,0x00000000,0x00000000,
    0x00000000,0x00000000,0x00000000,0x00000000,0x00000000,0x00000000,0x00000000,0x00000000,
    0x00000000,0x00000000,0x00000000,0x00000000,0x00000000,0x00000000,0x00000000,0x00000000,
    0x00000000,0x00000000,0x00000000,0x00000000,0x00000000,0x00000000,0x00000000,0x00000000,
    0x00000000,0x00000000,0x00000000,0x00000000,0x00000000,0x00000000,0x00000000,0x00000000,
    0x00000000,0x00000000,0x00000000,0x00000000,0x00000000,0x00000000,0x00000000,0x00000000,
    0xFF00FC13,0xFC18FC1B,0xFC1DFC1F,0xFC1FFC1D,0xFC1BFC18,0xFC130000,0x00000000,0x00000000,
    0x00000000,0x00000000,0x00000000,0x00000000,0x00000000,0x00000000,0x00000000,0x00000000,
    0x00000000,0x00000000,0x00000000,0x00000000,0x00000000,0x00000000,0x00000000,0xFF00FC15,
    0xFC1DFC1F,0xFC1FFC1F,0xFC1FFC1F,0xFC1FFC1F,0xFC1FFC1F,0xFC1FFC1D,0xFC15FF00,0x00000000,
    0x00000000,0x00000000,0x00000000,0x00000000,0x00000000,0x00000000,0x00000000,0x00000000,
    0x00000000,0x00000000,0x00000000,0x00000000,0x00000000,0x00000000,0x0000FC12,0xFC1CFC1F,
    0xFC1FFC1F,0xFC1FFC1F,0xFC1FFC1F,0xFC1FFC1F,0xFC1FFC1F,0xFC1FFC1F,0xFC1FFC1C,0xFC120000,
    0x00000000,0x00000000,0x00000000,0x00000000,0x00000000,0x00000000,0x00000000,0x00000000,
    0x00000000,0x00000000,0x00000000,0x00000000,0x00000000,0x00000000,0xFC13FC1E,0xFC1FFC1F,
    0xFC1FFC1F,0xFC1FFC1F,0xFC1FFC1F,0xFC1FFC1F,0xFC1FFC1F,0xFD4FFE7F,0xFE7FFD4F,0xFC1EFC14,
    0x00000000,0x00000000,0x00000000,0x00000000,0x00000000,0x00000000,0x00000000,0x00000000,
    0x00000000,0x00000000,0x00000000,0x00000000,0x00000000,0x0000FC14,0xFC1FFC1F,0xFC1FFC1F,
    0xFC1FFC1F,0xFC1FFC1F,0xFC1FFC1F,0xFC1FFC1F,0xFC2FFEBF,0xFFFFFFFF,0xFFFFFFFF,0xFEBFFC2F,
    0xFC130000,0x00000000,0x00000000,0x00000000,0x00000000,0x00000000,0x00000000,0x00000000,
    0x00000000,0x00000000,0x00000000,0x00000000,0x00000000,0xFC12FC1E,0xFC1FFC1F,0xFC1FFC1F,
    0xFC1FFC1F,0xFC1FFC1F,0xFC1FFC1F,0xFC1FFC1F,0xFEBFFFFF,0xFFFFFFFF,0xFFFFFFFF,0xFFFFFEBF,
    0xFC1EFC12,0x00000000,0x00000000,0x00000000,0x00000000,0x00000000,0x00000000,0x00000000,
    0x00000000,0x00000000,0x00000000,0x00000000,0x0000FF00,0xFC1CFC1F,0xFC1FFC1F,0xFC1FFC1F,
    0xFC1FFC1F,0xFC1FFC1F,0xFC1FFC1F,0xFC1FFD4F,0xFFFFFFFF,0xFFFFBBBF,0x224F224F,0xBBCFFFFF,
    0xFD4FFC1C,0xFF000000,0x00000000,0x00000000,0x00000000,0x00000000,0x00000000,0x00000000,
    0x00000000,0x00000000,0x00000000,0x00000000,0x0000FC15,0xFC1FFC1F,0xFC1FFC1F,0xFC1FFC1F,
    0xFC1FFC1F,0xFC1FFC1F,0xFC1FFC1F,0xFC1FFE7F,0xFFFFFFFF,0xFFFF224F,0x012F012F,0x234FFFFF,
    0xFE7FFC1F,0xFC150000,0x00000000,0x00000000,0x00000000,0x00000000,0x00000000,0x00000000,
    0x00000000,0x00000000,0x00000000,0x00000000,0xFF00FC1D,0xFC1FFC1F,0xFC1FFC1F,0xFC1FFC1F,
    0xFC1FFC1F,0xFC1FFC1F,0xFC1FFC1F,0xFC1FFE7F,0xFFFFFFFF,0xFFFF224F,0x012F012F,0x234FFFFF,
    0xFE7FFC1F,0xFC1D0000,0x00000000,0x00000000,0x00000000,0x00000000,0x00000000,0x00000000,
    0x00000000,0x00000000,0x00000000,0x00000000,0xFC13FC1F,0xFC1FFC1F,0xFC1FFC1F,0xFC1FFC1F,
    0xFC1FFC1F,0xFC1FFC1F,0xFC1FFC1F,0xFC1FFD4F,0xFFFFFFFF,0xFFFFBBCF,0x224F234F,0xBBCFFFFF,
    0xFD4FFC1F,0xFC1FFC13,0x00000000,0x00000000,0x00000000,0x00000000,0x00000000,0x00000000,
    0x00000000,0x00000000,0x00000000,0x00000000,0xFC18FC1F,0xFC1FFC1F,0xFC1FFC1F,0xFC1FFC1F,
    0xFC1FFC1F,0xFC1FFC1F,0xFC1FFC1F,0xFC1FFC1F,0xFEBFFFFF,0xFFFFFFFF,0xFFFFFFFF,0xFFFFFEBF,
    0xFC1FFC1F,0xFC1FFC18,0x00000000,0x00000000,0x00000000,0x00000000,0x00000000,0x00000000,
    0x00000000,0x00000000,0x00000000,0x00000000,0xFC1BFC1F,0xFC1FFC1F,0xFC1FFC1F,0xFC1FFC1F,
    0xFC1FFC1F,0xFC1FFC1F,0xFC1FFC1F,0xFC1FFC1F,0xFC2FFEBF,0xFFFFFFFF,0xFFFFFFFF,0xFEBFFC2F,
    0xFC1FFC1F,0xFC1FFC1B,0x00000000,0x00000000,0x00000000,0x00000000,0x00000000,0x00000000,
    0x00000000,0x00000000,0x00000000,0x00000000,0xFC1DFC1F,0xFD4FFEAF,0xFFDFFFFF,0xFFFFFFDF,
    0xFEAFFD4F,0xFC1FFC1F,0xFC1FFC1F,0xFC1FFC1F,0xFC1FFC1F,0xFD4FFE7F,0xFE7FFD4F,0xFC1FFC1F,
    0xFC1FFC1F,0xFC1FFC1D,0x00000000,0xF701F713,0xF716F719,0xF71BF716,0x00000000,0x00000000,
    0x00000000,0x00000000,0x00000000,0x00000000,0xFC1FFEAF,0xFFFFFFFF,0xFFFFFFFF,0xFFFFFFFF,
    0xFFFFFFFF,0xFEAFFC1F,0xFC1FFC1F,0xFC1FFC1F,0xFC1FFC1F,0xFC1FFC1F,0xFC1FFC1F,0xFC1FFC1F,
    0xFC1FFB1F,0xFA1FF91F,0xF71BF71E,0xF71FF71F,0xF71FF71F,0xF7170000,0x00000000,0x00000000,
    0x00000000,0x00000000,0x00000000,0x00000000,0xFE9FFFFF,0xFFFFFFFF,0xFFFFFFFF,0xFFFFFFFF,
    0xFFFFFFFF,0xFFFFFE8F,0xFC1FFC1F,0xFC1FFC1F,0xFC1FFC1F,0xFC1FFC1F,0xFC1FFC1F,0xFC1FFC1F,
    0xF91FF71F,0xF71FF71F,0xF71FF71F,0xF71FF71F,0xF71FF717,0x00000000,0x00000000,0x00000000,
    0x00000000,0x00000000,0x00000000,0x00000000,0xFFEFFFFF,0xFFFFFFFF,0xFFFFFFFF,0xFFFFFFFF,
    0xFFFFFFFF,0xFFFFFFEF,0xFC1FFC1F,0xFC1FFC1F,0xFC1FFC1F,0xFC1FFC1F,0xFC1FFC1F,0xFC1FFC1F,
    0xFC1FF71F,0xF71FF71F,0xF71FF71F,0xF71FF71F,0xF7170000,0x00000000,0x00000000,0x00000000,
    0x00000000,0x00000000,0x00000000,0x00000000,0xFFEFFFFF,0xFFFFFFFF,0xFFFFFFFF,0xFFFFFFFF,
    0xFFFFFFFF,0xFFFFFFEF,0xFC1FFC1F,0xFC1FFC1F,0xFC1FFC1F,0xFC1FFC1F,0xFC1FFC1F,0xFC1FFC1F,
    0xFC1FFB1F,0xF71FF71F,0xF71FF71F,0xF71FF717,0x00000000,0x00000000,0x00000000,0x00000000,
    0x00000000,0x00000000,0x00000000,0x00000000,0xFEBCFFFF,0xFFFFFFFF,0xFFFFFFFF,0xFFFFFFFF,
    0xFFFFFFFF,0xFFFFFE8F,0xFC1FFC1F,0xFC1FFC1F,0xFC1FFC1F,0xFC1FFC1F,0xFC1FFC1F,0xFC1FFC1F,
    0xFC1FFC1F,0xF91FF71F,0xF71FF71F,0xF7170000,0x00000000,0x00000000,0x00000000,0x00000000,
    0x00000000,0x00000000,0x00000000,0x00000000,0xFC23FEAF,0xFFFFFFFF,0xFFFFFFFF,0xFFFFFFFF,
    0xFFFFFFFF,0xFEAFFC1F,0xFC1FFC1F,0xFC1FFC1F,0xFC1FFC1F,0xFC1FFC1F,0xFC1FFC1F,0xFC1FFC1F,
    0xFC1FFC1F,0xFC1FF71E,0xF71FF717,0x00000000,0x00000000,0x00000000,0x00000000,0x00000000,
    0x00000000,0x00000000,0x00000000,0x00000000,0xFF00FC1D,0xFD4FFEAF,0xFFDFFFFF,0xFFFFFFDF,
    0xFEAFFD4F,0xFC1FFC1F,0xFC1FFC1F,0xFC1FFC1F,0xFC1FFC1F,0xFC1FFC1F,0xFC1FFC1F,0xFC1FFC1F,
    0xFC1FFC1F,0xFC1DF715,0xF7180000,0x00000000,0x00000000,0x00000000,0x00000000,0x00000000,
    0x00000000,0x00000000,0x00000000,0x00000000,0x0000FC15,0xFC1FFC1F,0xFC1FFC1F,0xFC1FFC1F,
    0xFC1FFC1F,0xFC1FFC1F,0xFC1FFC1F,0xFC1FFC1F,0xFC1FFC1F,0xFC1FFC1F,0xFC1FFC1F,0xFC1FFC1F,
    0xFC1FFC1F,0xFC150000,0x00000000,0x00000000,0x00000000,0x00000000,0x00000000,0x00000000,
    0x00000000,0x00000000,0x00000000,0x00000000,0x0000FF00,0xFC1CFC1F,0xFC1FFC1F,0xFC1FFC1F,
    0xFC1FFC1F,0xFC1FFC1F,0xFC1FFC1F,0xFC1FFC1F,0xFC1FFC1F,0xFC1FFC1F,0xFC1FFC1F,0xFC1FFC1F,
    0xFC1FFC1C,0xFF000000,0x00000000,0x00000000,0x00000000,0x00000000,0x00000000,0x00000000,
    0x00000000,0x00000000,0x00000000,0x00000000,0x00000000,0xFC12FC1E,0xFC1FFC1F,0xFC1FFC1F,
    0xFC1FFC1F,0xFC1FFC1F,0xFC1FFC1F,0xFC1FFC1F,0xFC1FFC1F,0xFC1FFC1F,0xFC1FFC1F,0xFC1FFC1F,
    0xFC1EFC12,0x00000000,0x00000000,0x00000000,0x00000000,0x00000000,0x00000000,0x00000000,
    0x00000000,0x00000000,0x00000000,0x00000000,0x00000000,0x0000FC13,0xFC1FFC1F,0xFC1FFC1F,
    0xFC1FFC1F,0xFC1FFC1F,0xFC1FFC1F,0xFC1FFC1F,0xFC1FFC1F,0xFC1FFC1F,0xFC1FFC1F,0xFC1FFC1F,
    0xFC130000,0x00000000,0x00000000,0x00000000,0x00000000,0x00000000,0x00000000,0x00000000,
    0x00000000,0x00000000,0x00000000,0x00000000,0x00000000,0x00000000,0xFC13FC1E,0xFC1FFC1F,
    0xFC1FFC1F,0xFC1FFC1F,0xFC1FFC1F,0xFC1FFC1F,0xFC1FFC1F,0xFC1FFC1F,0xFC1FFC1F,0xFC1EFC14,
    0x00000000,0x00000000,0x00000000,0x00000000,0x00000000,0x00000000,0x00000000,0x00000000,
    0x00000000,0x00000000,0x00000000,0x00000000,0x00000000,0x00000000,0x0000FC12,0xFC1CFC1F,
    0xFC1FFC1F,0xFC1FFC1F,0xFC1FFC1F,0xFC1FFC1F,0xFC1FFC1F,0xFC1FFC1F,0xFC1FFC1C,0xFC120000,
    0x00000000,0x00000000,0x00000000,0x00000000,0x00000000,0x00000000,0x00000000,0x00000000,
    0x00000000,0x00000000,0x00000000,0x00000000,0x00000000,0x00000000,0x00000000,0xFF00FC15,
    0xFC1DFC1F,0xFC1FFC1F,0xFC1FFC1F,0xFC1FFC1F,0xFC1FFC1F,0xFC1FFC1D,0xFC150000,0x00000000,
    0x00000000,0x00000000,0x00000000,0x00000000,0x00000000,0x00000000,0x00000000,0x00000000,
    0x00000000,0x00000000,0x00000000,0x00000000,0x00000000,0x00000000,0x00000000,0x00000000,
    0x0000FC13,0xFC18FC1B,0xFC1DFC1F,0xFC1FFC1D,0xFC1BFC17,0xFC130000,0x00000000,0x00000000,
    0x00000000,0x00000000,0x00000000,0x00000000,0x00000000,0x00000000,0x00000000,0x00000000,
    0x00000000,0x00000000,0x00000000,0x00000000,0x00000000,0x00000000,0x00000000,0x00000000,
    0x00000000,0x00000000,0x00000000,0x00000000,0x00000000,0x00000000,0x00000000,0x00000000,
    0x00000000,0x00000000,0x00000000,0x00000000,0x00000000,0x00000000,0x00000000,0x00000000,
    0x00000000,0x00000000,0x00000000,0x00000000,0x00000000,0x00000000,0x00000000,0x00000000,
    0x00000000,0x00000000,0x00000000,0x00000000,0x00000000,0x00000000,0x00000000,0x00000000,
    0x00000000,0x00000000,0x00000000,0x00000000,0x00000000,0x00000000,0x00000000,0x00000000,
    0x00000000,0x00000000,0x00000000,0x00000000,0x00000000,0x00000000,0x00000000,0x00000000,
    0x00000000,0x00000000,0x00000000,0x00000000,0x00000000,0x00000000,0x00000000,0x00000000,
    0x00000000,0x00000000,0x00000000,0x00000000,0x00000000,0x00000000,0x00000000,0x00000000,
    0x00000000,0x00000000,0x00000000,0x00000000,0x00000000,0x00000000,0x00000000,0x00000000,
    0x00000000,0x00000000,0x00000000,0x00000000,0x00000000,0x00000000,0x00000000,0x00000000,
    0x00000000,0x00000000,0x00000000,0x00000000,0x00000000,0x00000000,0x00000000,0x00000000,
    0x00000000,0x00000000,0x00000000,0x00000000,0x00000000,0x00000000,0x00000000,0x00000000,
    0x00000000,0x00000000,0x00000000,0x00000000,0x00000000,0x00000000,0x00000000,0x00000000,
    0x00000000,0x00000000,0x00000000,0x00000000,0x00000000,0x00000000,0x00000000,0x00000000,
    0x00000000,0x00000000,0x00000000,0x00000000,0x00000000,0x00000000,0x00000000,0x00000000,
    0x00000000,0x00000000,0x00000000,0x00000000,0x00000000,0x00000000,0x00000000,0x00000000,
    0x00000000,0x00000000,0x00000000,0x00000000,0x00000000,0x00000000,0x00000000,0x00000000,
    0x00000000,0x00000000,0x00000000,0x00000000,0x00000000,0x00000000,0x00000000,0x00000000,
    0x00000000,0x00000000,0x00000000,0x00000000,0x00000000,0x00000000,0x00000000,0x00000000,
    0x00000000,0x00000000,0x00000000,0x00000000,0x00000000,0x00000000,0x00000000,0x00000000,
    0x00000000,0x00000000,0x00000000,0x00000000,0x00000000,0x00000000,0x00000000,0x00000000,
    0x00000000,0x00000000,0x00000000,0x00000000,0x00000000,0x00000000,0x00000000,0x00000000,
    0x00000000,0x00000000,0x00000000,0x00000000,0x00000000,0x00000000,0x00000000,0x00000000,
    0x00000000,0x00000000,0x00000000,0x00000000,0x00000000,0x00000000,0x00000000,0x00000000,
    0x00000000,0x00000000,0x00000000,0x00000000,0x00000000,0x00000000,0x00000000,0x00000000,
    0x00000000,0x00000000,0x00000000,0x00000000,0x00000000,0x00000000,0x00000000,0x00000000,
    0x00000000,0x00000000,0x00000000,0x00000000,0x00000000,0x00000000,0x00000000,0x00000000,
    0x00000000,0x00000000,0x00000000,0x00000000,0x00000000,0x00000000,0x00000000,0x00000000,
    0x00000000,0x00000000,0x00000000,0x00000000,0x00000000,0x00000000,0x00000000,0x00000000,
};
#define PROF_ICON_FLAPPY_BIRD_SIZE 48

static const uint32_t prof_icon_sudoku_rgba[] = {
    0x00000000,0x00000000,0x00000000,0x00000000,0x00000000,0x00000000,0x00000000,0x00000000,
    0x00000000,0x00000000,0x00000000,0x00000000,0x00000000,0x00000000,0x00000000,0x00000000,
    0x00000000,0x00000000,0x00000000,0x00000000,0x00000000,0x00000000,0x00000000,0x00000000,
    0x00000000,0x00000000,0x00000000,0x00000000,0x00000000,0x00000000,0x00000000,0x00000000,
    0x00000000,0x00000000,0x00000000,0x00000000,0x00000000,0x00000000,0x00000000,0x00000000,
    0x00000000,0x00000000,0x00000000,0x00000000,0x00000000,0x00000000,0x00000000,0x00000000,
    0x00000000,0x00000000,0x00000000,0x00000000,0x00000000,0x00000000,0x00000000,0x00000000,
    0x00000000,0x00000000,0x00000000,0x00000000,0x00000000,0x00000000,0x00000000,0x00000000,
    0x00000000,0x00000000,0x00000000,0x00000000,0x00000000,0x00000000,0x00000000,0x00000000,
    0x00000000,0x00000000,0x00000000,0x00000000,0x00000000,0x00000000,0x00000000,0x00000000,
    0x00000000,0x00000000,0x00000000,0x00000000,0x00000000,0x00000000,0x00000000,0x00000000,
    0x00000000,0x00000000,0x00000000,0x00000000,0x00000000,0x00000000,0x00000000,0x00000000,
    0x00000000,0x00000000,0x00000000,0x24D014D6,0x14DC14DF,0x14DF14DF,0x14DF14DF,0x14DF14DF,
    0x6AFF6AFF,0x14DF14DF,0x14DF14DF,0x14DF14DF,0x14DF14DF,0x14DF14DF,0x14DF14DF,0x6AFF6AFF,
    0x14DF14DF,0x14DF14DF,0x14DF14DF,0x14DF14DC,0x14D624D0,0x00000000,0x00000000,0x00000000,
    0x00000000,0x00000000,0x000014D1,0x14DD14DF,0x14DF14DF,0x14DF14DF,0x14DF14DF,0x14DF14DF,
    0x6AFF6AFF,0x14DF14DF,0x14DF14DF,0x14DF14DF,0x14DF14DF,0x14DF14DF,0x14DF14DF,0x6AFF6AFF,
    0x14DF14DF,0x14DF14DF,0x14DF14DF,0x14DF14DF,0x14DF14DC,0x14D10000,0x00000000,0x00000000,
    0x00000000,0x00000000,0x24D014DD,0x14DF14DF,0x14DF14DF,0x14DF14DF,0x14DF14DF,0x14DF14DF,
    0x6AFF6AFF,0x14DF14DF,0x14DF14DF,0x14DF14DF,0x14DF14DF,0x14DF14DF,0x14DF14DF,0x6AFF6AFF,
    0x14DF14DF,0x14DF14DF,0x14DF14DF,0x14DF14DF,0x14DF14DF,0x14DC24D0,0x00000000,0x00000000,
    0x00000000,0x00000000,0x14D614DF,0x14DF14DF,0x36DF79EF,0x79EF79EF,0x35DF14DF,0x14DF14DF,
    0x6AFF6AFF,0x14DF14DF,0x14DF14DF,0x56BF899F,0x789F35CF,0x14DF14DF,0x14DF14DF,0x6AFF6AFF,
    0x14DF14DF,0x14DF14DF,0x14DF14DF,0x14DF14DF,0x14DF14DF,0x14DF14D6,0x00000000,0x00000000,
    0x00000000,0x00000000,0x14DC14DF,0x14DF14DF,0x68EFFFFF,0xBCFFBCFF,0x46DF14DF,0x14DF14DF,
    0x6AFF6AFF,0x14DF14DF,0x14DF25DF,0xDC6FAA7F,0xDC5FDC5F,0x14DF14DF,0x14DF14DF,0x6AFF6AFF,
    0x14DF14DF,0x14DF14DF,0x14DF14DF,0x14DF14DF,0x14DF14DF,0x14DF14DC,0x00000000,0x00000000,
    0x00000000,0x00000000,0x14DF14DF,0x14DF14DF,0x79EFDEFF,0x25DF14DF,0x14DF14DF,0x14DF14DF,
    0x6AFF6AFF,0x14DF14DF,0x14DF14DF,0x14DF14DF,0x789FED5F,0x14DF14DF,0x14DF14DF,0x6AFF6AFF,
    0x14DF14DF,0x14DF14DF,0x14DF14DF,0x14DF14DF,0x14DF14DF,0x14DF14DF,0x00000000,0x00000000,
    0x00000000,0x00000000,0x14DF14DF,0x14DF14DF,0x89EFFFFF,0xFFFFDEFF,0x46DF14DF,0x14DF14DF,
    0x6AFF6AFF,0x14DF14DF,0x14DF14DF,0x46BFDC5F,0xED5F57AF,0x14DF14DF,0x14DF14DF,0x6AFF6AFF,
    0x14DF14DF,0x14DF14DF,0x14DF14DF,0x14DF14DF,0x14DF14DF,0x14DF14DF,0x00000000,0x00000000,
    0x00000000,0x00000000,0x14DF14DF,0x14DF14DF,0x25DF25DF,0x25DFDEFF,0xABEF14DF,0x14DF14DF,
    0x6AFF6AFF,0x14DF14DF,0x14DF14DF,0x25DF57BF,0xAA8FFD5F,0x25CF14DF,0x14DF14DF,0x6AFF6AFF,
    0x14DF14DF,0x14DF14DF,0x14DF14DF,0x14DF14DF,0x14DF14DF,0x14DF14DF,0x00000000,0x00000000,
    0x00000000,0x00000000,0x14DF14DF,0x14DF14DF,0x47DF35DF,0x35DFDEFF,0x9AEF14DF,0x14DF14DF,
    0x6AFF6AFF,0x14DF14DF,0x14DF35CF,0x46CF25DF,0x789FFE4F,0x36CF14DF,0x14DF14DF,0x6AFF6AFF,
    0x14DF14DF,0x14DF14DF,0x14DF14DF,0x14DF14DF,0x14DF14DF,0x14DF14DF,0x00000000,0x00000000,
    0x00000000,0x00000000,0x14DF14DF,0x14DF14DF,0x9AEFFFFF,0xFFFFCDFF,0x25DF14DF,0x14DF14DF,
    0x6AFF6AFF,0x14DF14DF,0x14DF46BF,0xFD5FFE4F,0xFD4F998F,0x14DF14DF,0x14DF14DF,0x6AFF6AFF,
    0x14DF14DF,0x14DF14DF,0x14DF14DF,0x14DF14DF,0x14DF14DF,0x14DF14DF,0x00000000,0x00000000,
    0x00000000,0x00000000,0x14DF14DF,0x14DF14DF,0x14DF25DF,0x25DF14DF,0x14DF14DF,0x14DF14DF,
    0x6AFF6AFF,0x14DF14DF,0x14DF14DF,0x14DF25CF,0x25DF14DF,0x14DF14DF,0x14DF14DF,0x6AFF6AFF,
    0x14DF14DF,0x14DF14DF,0x14DF14DF,0x14DF14DF,0x14DF14DF,0x14DF14DF,0x00000000,0x00000000,
    0x00000000,0x00000000,0x14DF14DF,0x14DF14DF,0x14DF14DF,0x14DF14DF,0x14DF14DF,0x14DF14DF,
    0x6AFF6AFF,0x14DF14DF,0x14DF14DF,0x14DF14DF,0x14DF14DF,0x14DF14DF,0x14DF14DF,0x6AFF6AFF,
    0x14DF14DF,0x14DF14DF,0x14DF14DF,0x14DF14DF,0x14DF14DF,0x14DF14DF,0x00000000,0x00000000,
    0x00000000,0x00000000,0x6AFF6AFF,0x6AFF6AFF,0x6AFF6AFF,0x6AFF6AFF,0x6AFF6AFF,0x6AFF6AFF,
    0x6AFF6AFF,0x6AFF6AFF,0x6AFF6AFF,0x6AFF6AFF,0x6AFF6AFF,0x6AFF6AFF,0x6AFF6AFF,0x6AFF6AFF,
    0x6AFF6AFF,0x6AFF6AFF,0x6AFF6AFF,0x6AFF6AFF,0x6AFF6AFF,0x6AFF6AFF,0x00000000,0x00000000,
    0x00000000,0x00000000,0x6AFF6AFF,0x6AFF6AFF,0x6AFF6AFF,0x6AFF6AFF,0x6AFF6AFF,0x6AFF6AFF,
    0x6AFF6AFF,0x6AFF6AFF,0x6AFF6AFF,0x6AFF6AFF,0x6AFF6AFF,0x6AFF6AFF,0x6AFF6AFF,0x6AFF6AFF,
    0x6AFF6AFF,0x6AFF6AFF,0x6AFF6AFF,0x6AFF6AFF,0x6AFF6AFF,0x6AFF6AFF,0x00000000,0x00000000,
    0x00000000,0x00000000,0x14DF14DF,0x14DF14DF,0x14DF14DF,0x14DF14DF,0x14DF14DF,0x14DF14DF,
    0x6AFF6AFF,0x14DF14DF,0x14DF14DF,0x14DF14DF,0x14DF14DF,0x14DF14DF,0x14DF14DF,0x6AFF6AFF,
    0x14DF14DF,0x14DF14DF,0x14DF14DF,0x14DF14DF,0x14DF14DF,0x14DF14DF,0x00000000,0x00000000,
    0x00000000,0x00000000,0x14DF14DF,0x14DF14DF,0x14DF14DF,0x14DF14DF,0x14DF14DF,0x14DF14DF,
    0x6AFF6AFF,0x14DF14DF,0x14DF14DF,0x14DF14DF,0x14DF14DF,0x14DF14DF,0x14DF14DF,0x6AFF6AFF,
    0x14DF14DF,0x14DF14DF,0x14DF14DF,0x14DF14DF,0x14DF14DF,0x14DF14DF,0x00000000,0x00000000,
    0x00000000,0x00000000,0x14DF14DF,0x14DF14DF,0x14DF14DF,0x14DF14DF,0x14DF14DF,0x14DF14DF,
    0x6AFF6AFF,0x14DF14DF,0x14DF14DF,0x14DF14DF,0x14DF14DF,0x14DF14DF,0x14DF14DF,0x6AFF6AFF,
    0x14DF14DF,0x14DF14DF,0x14DF14DF,0x14DF14DF,0x14DF14DF,0x14DF14DF,0x00000000,0x00000000,
    0x00000000,0x00000000,0x14DF14DF,0x14DF14DF,0x14DF14DF,0x14DF14DF,0x14DF14DF,0x14DF14DF,
    0x6AFF6AFF,0x14DF14DF,0x14DF14DF,0x14DF14DF,0x14DF14DF,0x14DF14DF,0x14DF14DF,0x6AFF6AFF,
    0x14DF14DF,0x14DF14DF,0x58EF89EF,0x47DF14DF,0x14DF14DF,0x14DF14DF,0x00000000,0x00000000,
    0x00000000,0x00000000,0x14DF14DF,0x14DF14DF,0x14DF14DF,0x14DF14DF,0x14DF14DF,0x14DF14DF,
    0x6AFF6AFF,0x14DF14DF,0x14DF14DF,0x14DF14DF,0x14DF14DF,0x14DF14DF,0x14DF14DF,0x6AFF6AFF,
    0x14DF14DF,0x14DF79EF,0xEFFFACFF,0xFFFF57EF,0x14DF14DF,0x14DF14DF,0x00000000,0x00000000,
    0x00000000,0x00000000,0x14DF14DF,0x14DF14DF,0x14DF14DF,0x14DF14DF,0x14DF14DF,0x14DF14DF,
    0x6AFF6AFF,0x14DF14DF,0x14DF14DF,0x14DF14DF,0x14DF14DF,0x14DF14DF,0x14DF14DF,0x6AFF6AFF,
    0x14DF14DF,0x14DFCCFF,0x9BEF14DF,0xBCFFABFF,0x14DF14DF,0x14DF14DF,0x00000000,0x00000000,
    0x00000000,0x00000000,0x14DF14DF,0x14DF14DF,0x14DF14DF,0x14DF14DF,0x14DF14DF,0x14DF14DF,
    0x6AFF6AFF,0x14DF14DF,0x14DF14DF,0x14DF14DF,0x14DF14DF,0x14DF14DF,0x14DF14DF,0x6AFF6AFF,
    0x14DF14DF,0x14DFABEF,0xDDFF68EF,0xDEFFBCFF,0x14DF14DF,0x14DF14DF,0x00000000,0x00000000,
    0x00000000,0x00000000,0x14DF14DF,0x14DF14DF,0x14DF14DF,0x14DF14DF,0x14DF14DF,0x14DF14DF,
    0x6AFF6AFF,0x14DF14DF,0x14DF14DF,0x14DF14DF,0x14DF14DF,0x14DF14DF,0x14DF14DF,0x6AFF6AFF,
    0x14DF14DF,0x14DF36DF,0xABEFACFF,0xBCFFABEF,0x14DF14DF,0x14DF14DF,0x00000000,0x00000000,
    0x00000000,0x00000000,0x14DF14DF,0x14DF14DF,0x14DF14DF,0x14DF14DF,0x14DF14DF,0x14DF14DF,
    0x6AFF6AFF,0x14DF14DF,0x14DF14DF,0x14DF14DF,0x14DF14DF,0x14DF14DF,0x14DF14DF,0x6AFF6AFF,
    0x14DF14DF,0x14DF25DF,0x14DF46DF,0xEEFF58EF,0x14DF14DF,0x14DF14DF,0x00000000,0x00000000,
    0x00000000,0x00000000,0x14DF14DF,0x14DF14DF,0x14DF14DF,0x14DF14DF,0x14DF14DF,0x14DF14DF,
    0x6AFF6AFF,0x14DF14DF,0x14DF14DF,0x14DF14DF,0x14DF14DF,0x14DF14DF,0x14DF14DF,0x6AFF6AFF,
    0x14DF14DF,0x14DF68EF,0xFFFFEFFF,0x8AEF14DF,0x14DF14DF,0x14DF14DF,0x00000000,0x00000000,
    0x00000000,0x00000000,0x14DF14DF,0x14DF14DF,0x14DF14DF,0x14DF14DF,0x14DF14DF,0x14DF14DF,
    0x6AFF6AFF,0x14DF14DF,0x14DF14DF,0x14DF14DF,0x14DF14DF,0x14DF14DF,0x14DF14DF,0x6AFF6AFF,
    0x14DF14DF,0x14DF25DF,0x25DF14DF,0x14DF14DF,0x14DF14DF,0x14DF14DF,0x00000000,0x00000000,
    0x00000000,0x00000000,0x14DF14DF,0x14DF14DF,0x14DF14DF,0x14DF14DF,0x14DF14DF,0x14DF14DF,
    0x6AFF6AFF,0x14DF14DF,0x14DF14DF,0x14DF14DF,0x14DF14DF,0x14DF14DF,0x14DF14DF,0x6AFF6AFF,
    0x14DF14DF,0x14DF14DF,0x14DF14DF,0x14DF14DF,0x14DF14DF,0x14DF14DF,0x00000000,0x00000000,
    0x00000000,0x00000000,0x6AFF6AFF,0x6AFF6AFF,0x6AFF6AFF,0x6AFF6AFF,0x6AFF6AFF,0x6AFF6AFF,
    0x6AFF6AFF,0x6AFF6AFF,0x6AFF6AFF,0x6AFF6AFF,0x6AFF6AFF,0x6AFF6AFF,0x6AFF6AFF,0x6AFF6AFF,
    0x6AFF6AFF,0x6AFF6AFF,0x6AFF6AFF,0x6AFF6AFF,0x6AFF6AFF,0x6AFF6AFF,0x00000000,0x00000000,
    0x00000000,0x00000000,0x6AFF6AFF,0x6AFF6AFF,0x6AFF6AFF,0x6AFF6AFF,0x6AFF6AFF,0x6AFF6AFF,
    0x6AFF6AFF,0x6AFF6AFF,0x6AFF6AFF,0x6AFF6AFF,0x6AFF6AFF,0x6AFF6AFF,0x6AFF6AFF,0x6AFF6AFF,
    0x6AFF6AFF,0x6AFF6AFF,0x6AFF6AFF,0x6AFF6AFF,0x6AFF6AFF,0x6AFF6AFF,0x00000000,0x00000000,
    0x00000000,0x00000000,0x14DF14DF,0x14DF14DF,0x14DF14DF,0x14DF14DF,0x14DF14DF,0x14DF14DF,
    0x6AFF6AFF,0x14DF14DF,0x14DF14DF,0x14DF14DF,0x14DF14DF,0x14DF14DF,0x14DF14DF,0x6AFF6AFF,
    0x14DF14DF,0x14DF14DF,0x14DF14DF,0x14DF14DF,0x14DF14DF,0x14DF14DF,0x00000000,0x00000000,
    0x00000000,0x00000000,0x14DF14DF,0x14DF14DF,0x14DF14DF,0x14DF14DF,0x14DF14DF,0x14DF14DF,
    0x6AFF6AFF,0x14DF14DF,0x14DF14DF,0x14DF14DF,0x14DF14DF,0x14DF14DF,0x14DF14DF,0x6AFF6AFF,
    0x14DF14DF,0x14DF14DF,0x14DF14DF,0x14DF14DF,0x14DF14DF,0x14DF14DF,0x00000000,0x00000000,
    0x00000000,0x00000000,0x14DF14DF,0x14DF14DF,0x14DF14DF,0x67AF57BF,0x14DF14DF,0x14DF14DF,
    0x6AFF6AFF,0x14DF14DF,0x14DF14DF,0x14DF14DF,0x14DF14DF,0x14DF14DF,0x14DF14DF,0x6AFF6AFF,
    0x14DF14DF,0x14DF14DF,0x14DF14DF,0x14DF14DF,0x14DF14DF,0x14DF14DF,0x00000000,0x00000000,
    0x00000000,0x00000000,0x14DF14DF,0x14DF14DF,0x25DFAA8F,0xFE4FAA7F,0x14DF14DF,0x14DF14DF,
    0x6AFF6AFF,0x14DF14DF,0x14DF14DF,0x14DF14DF,0x14DF14DF,0x14DF14DF,0x14DF14DF,0x6AFF6AFF,
    0x14DF14DF,0x14DF14DF,0x14DF14DF,0x14DF14DF,0x14DF14DF,0x14DF14DF,0x00000000,0x00000000,
    0x00000000,0x00000000,0x14DF14DF,0x14DF14DF,0x57BFBB7F,0xCB6FAA7F,0x14DF14DF,0x14DF14DF,
    0x6AFF6AFF,0x14DF14DF,0x14DF14DF,0x14DF14DF,0x14DF14DF,0x14DF14DF,0x14DF14DF,0x6AFF6AFF,
    0x14DF14DF,0x14DF14DF,0x14DF14DF,0x14DF14DF,0x14DF14DF,0x14DF14DF,0x00000000,0x00000000,
    0x00000000,0x00000000,0x14DF14DF,0x14DF14DF,0x14DF14DF,0xBB7FAA7F,0x14DF14DF,0x14DF14DF,
    0x6AFF6AFF,0x14DF14DF,0x14DF14DF,0x14DF14DF,0x14DF14DF,0x14DF14DF,0x14DF14DF,0x6AFF6AFF,
    0x14DF14DF,0x14DF14DF,0x14DF14DF,0x14DF14DF,0x14DF14DF,0x14DF14DF,0x00000000,0x00000000,
    0x00000000,0x00000000,0x14DF14DF,0x14DF14DF,0x14DF14DF,0xBB7FAA7F,0x14DF14DF,0x14DF14DF,
    0x6AFF6AFF,0x14DF14DF,0x14DF14DF,0x14DF14DF,0x14DF14DF,0x14DF14DF,0x14DF14DF,0x6AFF6AFF,
    0x14DF14DF,0x14DF14DF,0x14DF14DF,0x14DF14DF,0x14DF14DF,0x14DF14DF,0x00000000,0x00000000,
    0x00000000,0x00000000,0x14DC14DF,0x14DF14DF,0x14DF14DF,0xBB7FAA7F,0x14DF14DF,0x14DF14DF,
    0x6AFF6AFF,0x14DF14DF,0x14DF14DF,0x14DF14DF,0x14DF14DF,0x14DF14DF,0x14DF14DF,0x6AFF6AFF,
    0x14DF14DF,0x14DF14DF,0x14DF14DF,0x14DF14DF,0x14DF14DF,0x14DF14DC,0x00000000,0x00000000,
    0x00000000,0x00000000,0x14D614DF,0x14DF14DF,0x14DF14DF,0xBB7FAA7F,0x14DF14DF,0x14DF14DF,
    0x6AFF6AFF,0x14DF14DF,0x14DF14DF,0x14DF14DF,0x14DF14DF,0x14DF14DF,0x14DF14DF,0x6AFF6AFF,
    0x14DF14DF,0x14DF14DF,0x14DF14DF,0x14DF14DF,0x14DF14DF,0x14DF14D6,0x00000000,0x00000000,
    0x00000000,0x00000000,0x24D014DC,0x14DF14DF,0x14DF14DF,0x14DF14DF,0x14DF14DF,0x14DF14DF,
    0x6AFF6AFF,0x14DF14DF,0x14DF14DF,0x14DF14DF,0x14DF14DF,0x14DF14DF,0x14DF14DF,0x6AFF6AFF,
    0x14DF14DF,0x14DF14DF,0x14DF14DF,0x14DF14DF,0x14DF14DF,0x14DC25D0,0x00000000,0x00000000,
    0x00000000,0x00000000,0x000014D1,0x14DC14DF,0x14DF14DF,0x14DF14DF,0x14DF14DF,0x14DF14DF,
    0x6AFF6AFF,0x14DF14DF,0x14DF14DF,0x14DF14DF,0x14DF14DF,0x14DF14DF,0x14DF14DF,0x6AFF6AFF,
    0x14DF14DF,0x14DF14DF,0x14DF14DF,0x14DF14DF,0x14DF14DC,0x14D10000,0x00000000,0x00000000,
    0x00000000,0x00000000,0x00000000,0x25D014D6,0x14DC14DF,0x14DF14DF,0x14DF14DF,0x14DF14DF,
    0x6AFF6AFF,0x14DF14DF,0x14DF14DF,0x14DF14DF,0x14DF14DF,0x14DF14DF,0x14DF14DF,0x6AFF6AFF,
    0x14DF14DF,0x14DF14DF,0x14DF14DF,0x14DF14DC,0x14D625D0,0x00000000,0x00000000,0x00000000,
    0x00000000,0x00000000,0x00000000,0x00000000,0x00000000,0x00000000,0x00000000,0x00000000,
    0x00000000,0x00000000,0x00000000,0x00000000,0x00000000,0x00000000,0x00000000,0x00000000,
    0x00000000,0x00000000,0x00000000,0x00000000,0x00000000,0x00000000,0x00000000,0x00000000,
    0x00000000,0x00000000,0x00000000,0x00000000,0x00000000,0x00000000,0x00000000,0x00000000,
    0x00000000,0x00000000,0x00000000,0x00000000,0x00000000,0x00000000,0x00000000,0x00000000,
    0x00000000,0x00000000,0x00000000,0x00000000,0x00000000,0x00000000,0x00000000,0x00000000,
    0x00000000,0x00000000,0x00000000,0x00000000,0x00000000,0x00000000,0x00000000,0x00000000,
    0x00000000,0x00000000,0x00000000,0x00000000,0x00000000,0x00000000,0x00000000,0x00000000,
    0x00000000,0x00000000,0x00000000,0x00000000,0x00000000,0x00000000,0x00000000,0x00000000,
    0x00000000,0x00000000,0x00000000,0x00000000,0x00000000,0x00000000,0x00000000,0x00000000,
    0x00000000,0x00000000,0x00000000,0x00000000,0x00000000,0x00000000,0x00000000,0x00000000,
    0x00000000,0x00000000,0x00000000,0x00000000,0x00000000,0x00000000,0x00000000,0x00000000,
};
#define PROF_ICON_SUDOKU_SIZE 48

static const uint32_t prof_icon_hex_viewer_rgba[] = {
    0x00000000,0x00000000,0x00000000,0x00000000,0x00000000,0x00000000,0x00000000,0x00000000,
    0x00000000,0x00000000,0x00000000,0x00000000,0x00000000,0x00000000,0x00000000,0x00000000,
    0x00000000,0x00000000,0x00000000,0x00000000,0x00000000,0x00000000,0x00000000,0x00000000,
    0x00000000,0x00000000,0x00000000,0x00000000,0x00000000,0x00000000,0x00000000,0x00000000,
    0x00000000,0x00000000,0x00000000,0x00000000,0x00000000,0x00000000,0x00000000,0x00000000,
    0x00000000,0x00000000,0x00000000,0x00000000,0x00000000,0x00000000,0x00000000,0x00000000,
    0x00000000,0x00000000,0x00000000,0x00000000,0x00000000,0x00000000,0x00000000,0x00000000,
    0x00000000,0x00000000,0x00000000,0x00000000,0x00000000,0x00000000,0x00000000,0x00000000,
    0x00000000,0x00000000,0x00000000,0x00000000,0x00000000,0x00000000,0x00000000,0x00000000,
    0x00000000,0x00000000,0x00000000,0x00000000,0x00000000,0x00000000,0x00000000,0x00000000,
    0x00000000,0x00000000,0x00000000,0x00000000,0x00000000,0x00000000,0x00000000,0x00000000,
    0x00000000,0x00000000,0x00000000,0x00000000,0x00000000,0x00000000,0x00000000,0x00000000,
    0x00000000,0x00000000,0x00000000,0x00000000,0x00000000,0x00000000,0x00000000,0x00000000,
    0x00000000,0x00000000,0x00000000,0x00000000,0x00000000,0x00000000,0x00000000,0x00000000,
    0x00000000,0x00000000,0x00000000,0x00000000,0x00000000,0x00000000,0x00000000,0x00000000,
    0x00000000,0x00000000,0x00000000,0x00000000,0x00000000,0x00000000,0x00000000,0x00000000,
    0x00000000,0x00000000,0x00000000,0x00000000,0x00000000,0x00000000,0x00000000,0x00000000,
    0x00000000,0x00000000,0x00000000,0x00000000,0x00000000,0x00000000,0x00000000,0x00000000,
    0x00000000,0x00000000,0x00000000,0x02200126,0x012C012F,0x012F012F,0x012F012F,0x012F012F,
    0x012F012F,0x012F012F,0x012F012F,0x012F012F,0x012F012F,0x012F012F,0x012F012F,0x012F012F,
    0x012F012F,0x012F012F,0x012F012F,0x012F012C,0x01260220,0x00000000,0x00000000,0x00000000,
    0x00000000,0x00000000,0x00001121,0x012D012F,0x012F012F,0x012F012F,0x012F012F,0x012F012F,
    0x012F012F,0x012F012F,0x012F012F,0x012F012F,0x012F012F,0x012F012F,0x012F012F,0x012F012F,
    0x012F012F,0x012F012F,0x012F012F,0x012F012F,0x012F012C,0x11210000,0x00000000,0x00000000,
    0x00000000,0x00000000,0x0220012D,0x012F012F,0x012F012F,0x012F012F,0x012F012F,0x012F012F,
    0x012F012F,0x012F012F,0x012F012F,0x012F012F,0x012F012F,0x012F012F,0x012F012F,0x012F012F,
    0x012F012F,0x012F012F,0x012F012F,0x012F012F,0x012F012F,0x012C0220,0x00000000,0x00000000,
    0x00000000,0x00000000,0x0126012F,0x012F012F,0x012F012F,0x012F012F,0x012F012F,0x012F012F,
    0x012F012F,0x012F012F,0x012F012F,0x012F012F,0x012F012F,0x012F012F,0x012F012F,0x012F012F,
    0x012F012F,0x012F012F,0x012F012F,0x012F012F,0x012F012F,0x012F0126,0x00000000,0x00000000,
    0x00000000,0x00000000,0x012C012F,0x012F012F,0x012F012F,0x012F012F,0x012F012F,0x012F012F,
    0x012F012F,0x012F012F,0x012F012F,0x012F012F,0x012F012F,0x012F012F,0x012F012F,0x012F012F,
    0x012F012F,0x012F012F,0x012F012F,0x012F012F,0x012F012F,0x012F012C,0x00000000,0x00000000,
    0x00000000,0x00000000,0x012F012F,0x012F012F,0x012F012F,0x012F012F,0x012F012F,0x012F012F,
    0x012F012F,0x012F012F,0x012F012F,0x012F012F,0x012F012F,0x012F012F,0x012F012F,0x012F012F,
    0x012F012F,0x012F012F,0x012F012F,0x012F012F,0x012F012F,0x012F012F,0x00000000,0x00000000,
    0x00000000,0x00000000,0x012F012F,0x012F012F,0x012F012F,0x112F012F,0x012F012F,0x012F012F,
    0x012F012F,0x112F012F,0x012F012F,0x112F012F,0x012F012F,0x012F012F,0x012F012F,0x012F012F,
    0x012F012F,0x012F012F,0x012F012F,0x012F012F,0x012F012F,0x012F012F,0x00000000,0x00000000,
    0x00000000,0x00000000,0x012F012F,0x012F012F,0x134F1BDF,0x2BDF145F,0x012F012F,0x012F012F,
    0x012F19AF,0x2BDF18AF,0x012F178F,0x2BDF1ACF,0x013F012F,0x012F012F,0x012F012F,0x123F2CDF,
    0x146F145F,0x2CEF1BDF,0x1ACF012F,0x012F012F,0x012F012F,0x012F012F,0x00000000,0x00000000,
    0x00000000,0x00000000,0x012F012F,0x012F012F,0x179F178F,0x1ABF19BF,0x145F19BF,0x134F19BF,
    0x134F2BDF,0x156F2DEF,0x124F2CEF,0x145F2CEF,0x156F012F,0x012F012F,0x012F012F,0x18AF1BDF,
    0x146F145F,0x1ABF012F,0x012F012F,0x012F012F,0x012F012F,0x012F012F,0x00000000,0x00000000,
    0x00000000,0x00000000,0x012F012F,0x012F012F,0x18AF19BF,0x19AF1BCF,0x012F19BF,0x2CDF156F,
    0x145F1ACF,0x1ABF1ACF,0x145F2CEF,0x19BF19BF,0x167F012F,0x012F012F,0x012F145F,0x189F19BF,
    0x146F145F,0x2CEF1ACF,0x19AF012F,0x012F012F,0x012F012F,0x012F012F,0x00000000,0x00000000,
    0x00000000,0x00000000,0x012F012F,0x012F012F,0x179F1BDF,0x156F19BF,0x012F18AF,0x2CEF145F,
    0x134F2DEF,0x145F2BDF,0x124F2CEF,0x178F19AF,0x156F012F,0x012F012F,0x012F19BF,0x2CDF2CEF,
    0x1BCF145F,0x1ACF123F,0x123F012F,0x012F012F,0x012F012F,0x012F012F,0x00000000,0x00000000,
    0x00000000,0x00000000,0x012F012F,0x012F012F,0x134F1BCF,0x1BDF156F,0x156F1BCF,0x145F2BDF,
    0x123F19AF,0x1BCF19AF,0x012F168F,0x1BCF1BCF,0x123F012F,0x012F012F,0x012F012F,0x012F19BF,
    0x146F145F,0x1ABF012F,0x012F012F,0x012F012F,0x012F012F,0x012F012F,0x00000000,0x00000000,
    0x00000000,0x00000000,0x012F012F,0x012F012F,0x012F012F,0x112F012F,0x012F012F,0x012F012F,
    0x012F012F,0x112F012F,0x012F012F,0x112F012F,0x012F012F,0x012F012F,0x012F012F,0x012F012F,
    0x012F012F,0x012F012F,0x012F012F,0x012F012F,0x012F012F,0x012F012F,0x00000000,0x00000000,
    0x00000000,0x00000000,0x012F012F,0x012F012F,0x012F012F,0x012F012F,0x012F012F,0x012F012F,
    0x012F012F,0x012F012F,0x012F012F,0x012F012F,0x012F012F,0x012F012F,0x012F012F,0x012F012F,
    0x012F012F,0x012F012F,0x012F012F,0x012F012F,0x012F012F,0x012F012F,0x00000000,0x00000000,
    0x00000000,0x00000000,0x012F012F,0x012F012F,0x012F012F,0x012F012F,0x012F012F,0x012F012F,
    0x012F012F,0x012F012F,0x012F012F,0x012F012F,0x012F012F,0x012F012F,0x012F012F,0x012F012F,
    0x012F012F,0x012F012F,0x012F012F,0x012F012F,0x012F012F,0x012F012F,0x00000000,0x00000000,
    0x00000000,0x00000000,0x012F012F,0x012F012F,0x012F012F,0x012F012F,0x012F012F,0x012F012F,
    0x012F012F,0x012F012F,0x012F012F,0x012F012F,0x012F012F,0x012F012F,0x012F012F,0x012F012F,
    0x012F012F,0x012F012F,0x012F012F,0x012F012F,0x012F012F,0x012F012F,0x00000000,0x00000000,
    0x00000000,0x00000000,0x012F012F,0x012F012F,0x012F112F,0x112F012F,0x012F012F,0x012F012F,
    0x012F012F,0x112F012F,0x012F012F,0x112F012F,0x012F012F,0x012F012F,0x012F012F,0x012F012F,
    0x012F012F,0x012F113F,0x012F012F,0x012F012F,0x012F012F,0x012F012F,0x00000000,0x00000000,
    0x00000000,0x00000000,0x012F012F,0x012F012F,0x224F97DF,0x97EF336F,0x012F012F,0x012F012F,
    0x012F76BF,0x97EF65AF,0x012F559F,0x97DF87DF,0x113F012F,0x012F012F,0x012F012F,0x76BF97EF,
    0x012F224F,0x97DF97EF,0x659F012F,0x012F012F,0x012F012F,0x012F012F,0x00000000,0x00000000,
    0x00000000,0x00000000,0x012F012F,0x012F012F,0x659F548F,0x76CF76BF,0x335F76BF,0x225F76CF,
    0x225F97EF,0x437FA8FF,0x224F76CF,0x447F97DF,0x224F012F,0x012F012F,0x012F112F,0x97DF76CF,
    0x224F112F,0x224F225F,0x97EF012F,0x012F012F,0x012F012F,0x012F012F,0x00000000,0x00000000,
    0x00000000,0x00000000,0x012F012F,0x012F012F,0x66AF76BF,0x76BF87DF,0x012F76BF,0x98EF436F,
    0x335F87DF,0x86CF87DF,0x335F447F,0xA8FF76BF,0x112F012F,0x012F012F,0x012F335F,0x76BF659F,
    0x548F012F,0x112F76BF,0x548F012F,0x012F012F,0x012F012F,0x012F012F,0x00000000,0x00000000,
    0x00000000,0x00000000,0x012F012F,0x012F012F,0x659F87DF,0x336F76BF,0x012F66AF,0xA8FF336F,
    0x224FA8FF,0x336F97EF,0x224F98EF,0x224F76CF,0x336F012F,0x012F012F,0x012F559F,0x87DF87CF,
    0x76BF112F,0x66AF559F,0x012F012F,0x012F012F,0x012F012F,0x012F012F,0x00000000,0x00000000,
    0x00000000,0x00000000,0x012F012F,0x012F012F,0x224F87DF,0x97DF336F,0x336F87DF,0x336F97EF,
    0x113F76BF,0x87DF76BF,0x012F65AF,0x87DF87DF,0x124F012F,0x012F012F,0x012F87DF,0x225F113F,
    0x98EF447F,0xA8FF97DF,0x97DF123F,0x012F012F,0x012F012F,0x012F012F,0x00000000,0x00000000,
    0x00000000,0x00000000,0x012F012F,0x012F012F,0x012F112F,0x112F012F,0x012F012F,0x012F012F,
    0x012F012F,0x112F012F,0x012F012F,0x112F012F,0x012F012F,0x012F012F,0x012F012F,0x012F012F,
    0x012F012F,0x012F012F,0x012F012F,0x012F012F,0x012F012F,0x012F012F,0x00000000,0x00000000,
    0x00000000,0x00000000,0x012F012F,0x012F012F,0x012F012F,0x012F012F,0x012F012F,0x012F012F,
    0x012F012F,0x012F012F,0x012F012F,0x012F012F,0x012F012F,0x012F012F,0x012F012F,0x012F012F,
    0x012F012F,0x012F012F,0x012F012F,0x012F012F,0x012F012F,0x012F012F,0x00000000,0x00000000,
    0x00000000,0x00000000,0x012F012F,0x012F012F,0x012F012F,0x012F012F,0x012F012F,0x012F012F,
    0x012F012F,0x012F012F,0x012F012F,0x012F012F,0x012F012F,0x012F012F,0x012F012F,0x012F012F,
    0x012F012F,0x012F012F,0x012F012F,0x012F012F,0x012F012F,0x012F012F,0x00000000,0x00000000,
    0x00000000,0x00000000,0x012F012F,0x012F012F,0x012F012F,0x012F012F,0x012F012F,0x012F012F,
    0x012F012F,0x012F012F,0x012F012F,0x012F012F,0x012F012F,0x012F012F,0x012F012F,0x012F012F,
    0x012F012F,0x012F012F,0x012F012F,0x012F012F,0x012F012F,0x012F012F,0x00000000,0x00000000,
    0x00000000,0x00000000,0x012F012F,0x012F012F,0x012F012F,0x112F012F,0x012F012F,0x012F012F,
    0x012F012F,0x012F012F,0x012F012F,0x112F012F,0x012F012F,0x012F012F,0x012F012F,0x012F012F,
    0x012F012F,0x012F012F,0x012F012F,0x012F012F,0x012F012F,0x012F012F,0x00000000,0x00000000,
    0x00000000,0x00000000,0x012F012F,0x012F012F,0x133F4C7F,0x4C7F144F,0x012F012F,0x012F012F,
    0x112F385F,0x4D7F133F,0x012F275F,0x4C7F3B6F,0x112F012F,0x012F012F,0x012F265F,0x4D7F4C7F,
    0x395F143F,0x4D7F4C7F,0x3B6F012F,0x012F012F,0x012F012F,0x012F012F,0x00000000,0x00000000,
    0x00000000,0x00000000,0x012F012F,0x012F012F,0x285F275F,0x3A6F3A6F,0x143F396F,0x133F3A6F,
    0x122F264F,0x4C7F133F,0x012F4D7F,0x143F4D7F,0x254F012F,0x012F012F,0x012F265F,0x285F012F,
    0x012F143F,0x3A6F012F,0x012F012F,0x012F012F,0x012F012F,0x012F012F,0x00000000,0x00000000,
    0x00000000,0x00000000,0x012F012F,0x012F012F,0x396F3A6F,0x396F3B7F,0x012F3A6F,0x4C7F254F,
    0x012F012F,0x4C7F133F,0x112F4D7F,0x3A6F3A6F,0x264F012F,0x012F012F,0x012F265F,0x4C7F3B6F,
    0x275F143F,0x4D7F3B6F,0x396F012F,0x012F012F,0x012F012F,0x012F012F,0x00000000,0x00000000,
    0x00000000,0x00000000,0x012F012F,0x012F012F,0x285F4C7F,0x254F3A6F,0x012F396F,0x4D7F144F,
    0x012F012F,0x4C7F133F,0x012F4D7F,0x275F396F,0x254F012F,0x012F012F,0x012F265F,0x385F123F,
    0x112F143F,0x3B6F123F,0x122F012F,0x012F012F,0x012F012F,0x012F012F,0x00000000,0x00000000,
    0x00000000,0x00000000,0x012C012F,0x012F012F,0x133F4B7F,0x4C7F254F,0x254F4B7F,0x144F4C7F,
    0x122F395F,0x4D7F3B6F,0x123F275F,0x4B7F4B7F,0x122F012F,0x012F012F,0x012F265F,0x285F012F,
    0x012F143F,0x3A6F012F,0x012F012F,0x012F012F,0x012F012F,0x012F012C,0x00000000,0x00000000,
    0x00000000,0x00000000,0x0126012F,0x012F012F,0x012F012F,0x112F012F,0x012F012F,0x012F012F,
    0x012F012F,0x012F012F,0x012F012F,0x112F012F,0x012F012F,0x012F012F,0x012F012F,0x012F012F,
    0x012F012F,0x012F012F,0x012F012F,0x012F012F,0x012F012F,0x012F0126,0x00000000,0x00000000,
    0x00000000,0x00000000,0x0220012C,0x012F012F,0x012F012F,0x012F012F,0x012F012F,0x012F012F,
    0x012F012F,0x012F012F,0x012F012F,0x012F012F,0x012F012F,0x012F012F,0x012F012F,0x012F012F,
    0x012F012F,0x012F012F,0x012F012F,0x012F012F,0x012F012F,0x012C0220,0x00000000,0x00000000,
    0x00000000,0x00000000,0x00001121,0x012C012F,0x012F012F,0x012F012F,0x012F012F,0x012F012F,
    0x012F012F,0x012F012F,0x012F012F,0x012F012F,0x012F012F,0x012F012F,0x012F012F,0x012F012F,
    0x012F012F,0x012F012F,0x012F012F,0x012F012F,0x012F012C,0x11210000,0x00000000,0x00000000,
    0x00000000,0x00000000,0x00000000,0x02200126,0x012C012F,0x012F012F,0x012F012F,0x012F012F,
    0x012F012F,0x012F012F,0x012F012F,0x012F012F,0x012F012F,0x012F012F,0x012F012F,0x012F012F,
    0x012F012F,0x012F012F,0x012F012F,0x012F012C,0x01260220,0x00000000,0x00000000,0x00000000,
    0x00000000,0x00000000,0x00000000,0x00000000,0x00000000,0x00000000,0x00000000,0x00000000,
    0x00000000,0x00000000,0x00000000,0x00000000,0x00000000,0x00000000,0x00000000,0x00000000,
    0x00000000,0x00000000,0x00000000,0x00000000,0x00000000,0x00000000,0x00000000,0x00000000,
    0x00000000,0x00000000,0x00000000,0x00000000,0x00000000,0x00000000,0x00000000,0x00000000,
    0x00000000,0x00000000,0x00000000,0x00000000,0x00000000,0x00000000,0x00000000,0x00000000,
    0x00000000,0x00000000,0x00000000,0x00000000,0x00000000,0x00000000,0x00000000,0x00000000,
    0x00000000,0x00000000,0x00000000,0x00000000,0x00000000,0x00000000,0x00000000,0x00000000,
    0x00000000,0x00000000,0x00000000,0x00000000,0x00000000,0x00000000,0x00000000,0x00000000,
    0x00000000,0x00000000,0x00000000,0x00000000,0x00000000,0x00000000,0x00000000,0x00000000,
    0x00000000,0x00000000,0x00000000,0x00000000,0x00000000,0x00000000,0x00000000,0x00000000,
    0x00000000,0x00000000,0x00000000,0x00000000,0x00000000,0x00000000,0x00000000,0x00000000,
    0x00000000,0x00000000,0x00000000,0x00000000,0x00000000,0x00000000,0x00000000,0x00000000,
    0x00000000,0x00000000,0x00000000,0x00000000,0x00000000,0x00000000,0x00000000,0x00000000,
    0x00000000,0x00000000,0x00000000,0x00000000,0x00000000,0x00000000,0x00000000,0x00000000,
    0x00000000,0x00000000,0x00000000,0x00000000,0x00000000,0x00000000,0x00000000,0x00000000,
    0x00000000,0x00000000,0x00000000,0x00000000,0x00000000,0x00000000,0x00000000,0x00000000,
    0x00000000,0x00000000,0x00000000,0x00000000,0x00000000,0x00000000,0x00000000,0x00000000,
    0x00000000,0x00000000,0x00000000,0x00000000,0x00000000,0x00000000,0x00000000,0x00000000,
};
#define PROF_ICON_HEX_VIEWER_SIZE 48

static const uint32_t prof_icon_graphing_calculator_rgba[] = {
    0x00000000,0x00000000,0x00000000,0x00000000,0x00000000,0x00000000,0x00000000,0x00000000,
    0x00000000,0x00000000,0x00000000,0x00000000,0x00000000,0x00000000,0x00000000,0x00000000,
    0x00000000,0x00000000,0x00000000,0x00000000,0x00000000,0x00000000,0x00000000,0x00000000,
    0x00000000,0x00000000,0x00000000,0x00000000,0x00000000,0x00000000,0x00000000,0x00000000,
    0x00000000,0x00000000,0x00000000,0x00000000,0x00000000,0x00000000,0x00000000,0x00000000,
    0x00000000,0x00000000,0x00000000,0x00000000,0x00000000,0x00000000,0x00000000,0x00000000,
    0x00000000,0x00000000,0x00000000,0x00000000,0x00000000,0x00000000,0x00000000,0x00000000,
    0x00000000,0x00000000,0x00000000,0x00000000,0x00000000,0x00000000,0x00000000,0x00000000,
    0x00000000,0x00000000,0x00000000,0x00000000,0x00000000,0x00000000,0x00000000,0x00000000,
    0x00000000,0x00000000,0x00000000,0x00000000,0x00000000,0x00000000,0x00000000,0x00000000,
    0x00000000,0x00000000,0x00000000,0x00000000,0x00000000,0x00000000,0x00000000,0x00000000,
    0x00000000,0x00000000,0x00000000,0x00000000,0x00000000,0x00000000,0x00000000,0x00000000,
    0x00000000,0x00000000,0x00000000,0x00200016,0x001C001F,0x001F001F,0x001F001F,0x001F001F,
    0x001F001F,0x001F001F,0x001F001F,0x001F001F,0x001F001F,0x001F001F,0x001F001F,0x001F001F,
    0x001F001F,0x001F001F,0x001F001F,0x001F001C,0x00160020,0x00000000,0x00000000,0x00000000,
    0x00000000,0x00000000,0x00000011,0x001D001F,0x001F001F,0x001F001F,0x001F001F,0x001F001F,
    0x001F001F,0x001F001F,0x001F001F,0x001F001F,0x001F001F,0x001F001F,0x001F001F,0x001F001F,
    0x001F001F,0x001F001F,0x001F001F,0x001F001F,0x001F001C,0x00110000,0x00000000,0x00000000,
    0x00000000,0x00000000,0x0020001D,0x001F001F,0x001F001F,0x001F001F,0x001F001F,0x001F001F,
    0x001F001F,0x001F001F,0x001F001F,0x001F456F,0x456F001F,0x001F001F,0x001F001F,0x001F001F,
    0x001F001F,0x001F001F,0x001F001F,0x001F001F,0x001F001F,0x001C0020,0x00000000,0x00000000,
    0x00000000,0x00000000,0x0016001F,0x001F001F,0x001F001F,0x001F001F,0x001F001F,0x001F001F,
    0x001F001F,0x001F001F,0x001F001F,0x001F456F,0x456F001F,0x001F001F,0x001F001F,0x001F001F,
    0x001F001F,0x001F001F,0x001F001F,0x001F001F,0x001F001F,0x001F0016,0x00000000,0x00000000,
    0x00000000,0x00000000,0x001C001F,0x001F001F,0x001F001F,0x001F001F,0x001F001F,0x001F001F,
    0x001F001F,0x001F001F,0x001F001F,0x001F456F,0x456F001F,0x001F001F,0x001F001F,0x001F001F,
    0x001F001F,0x001F001F,0x001F001F,0x001F001F,0x001F001F,0x001F001C,0x00000000,0x00000000,
    0x00000000,0x00000000,0x001F001F,0x001F001F,0x001F001F,0x001F001F,0x001F001F,0x001F001F,
    0x001F001F,0x001F001F,0x001F001F,0x001F456F,0x456F001F,0x001F001F,0x001F001F,0x001F001F,
    0x001F001F,0x001F001F,0x001F022F,0x269F29CF,0x28BF157F,0x011F001F,0x00000000,0x00000000,
    0x00000000,0x00000000,0x001F001F,0x001F001F,0x001F001F,0x001F001F,0x001F001F,0x001F001F,
    0x001F001F,0x001F001F,0x001F001F,0x001F456F,0x456F001F,0x001F001F,0x001F001F,0x001F001F,
    0x001F001F,0x001F001F,0x134F3BEF,0x3BFF3BFF,0x3BFF3BFF,0x29CF012F,0x00000000,0x00000000,
    0x00000000,0x00000000,0x001F001F,0x001F001F,0x001F001F,0x001F001F,0x001F001F,0x001F001F,
    0x001F001F,0x001F001F,0x001F001F,0x001F456F,0x456F001F,0x001F001F,0x001F001F,0x001F001F,
    0x001F001F,0x001F123F,0x3BEF3BFF,0x3BFF3BFF,0x3BFF3BFF,0x3BFF27AF,0x00000000,0x00000000,
    0x00000000,0x00000000,0x001F001F,0x001F001F,0x001F001F,0x001F001F,0x001F001F,0x001F001F,
    0x001F001F,0x001F001F,0x001F001F,0x001F456F,0x456F001F,0x001F001F,0x001F001F,0x001F001F,
    0x001F001F,0x011F3ADF,0x3BFF3BFF,0x3BFF39DF,0x3AEF3BFF,0x3BFF27AF,0x00000000,0x00000000,
    0x00000000,0x00000000,0x001F001F,0x001F001F,0x001F001F,0x001F001F,0x001F001F,0x001F001F,
    0x001F001F,0x001F001F,0x001F001F,0x001F456F,0x456F001F,0x001F001F,0x001F001F,0x001F001F,
    0x001F001F,0x268F3BFF,0x3BFF3BFF,0x29BF011F,0x022F27AF,0x27AF012F,0x00000000,0x00000000,
    0x00000000,0x00000000,0x001F001F,0x001F001F,0x001F001F,0x001F001F,0x001F001F,0x001F001F,
    0x001F001F,0x001F001F,0x001F001F,0x001F456F,0x456F001F,0x001F001F,0x001F001F,0x001F001F,
    0x001F022F,0x3BFF3BFF,0x3BFF3AEF,0x012F001F,0x001F001F,0x001F001F,0x00000000,0x00000000,
    0x00000000,0x00000000,0x001F001F,0x001F001F,0x001F001F,0x001F001F,0x001F001F,0x001F001F,
    0x001F001F,0x001F001F,0x001F001F,0x001F456F,0x456F001F,0x001F001F,0x001F001F,0x001F001F,
    0x001F279F,0x3BFF3BFF,0x3BFF156F,0x001F001F,0x001F001F,0x001F001F,0x00000000,0x00000000,
    0x00000000,0x00000000,0x001F001F,0x001F001F,0x001F001F,0x001F001F,0x001F001F,0x001F001F,
    0x001F001F,0x001F123F,0x146F124F,0x001F456F,0x456F001F,0x001F001F,0x001F001F,0x001F001F,
    0x012F3BFF,0x3BFF3BFF,0x39DF001F,0x001F001F,0x001F001F,0x001F001F,0x00000000,0x00000000,
    0x00000000,0x00000000,0x001F001F,0x001F001F,0x001F001F,0x001F001F,0x001F001F,0x001F001F,
    0x001F001F,0x279F3BFF,0x3BFF3BFF,0x27AF456F,0x456F001F,0x001F001F,0x001F001F,0x001F001F,
    0x268F3BFF,0x3BFF3BFF,0x146F001F,0x001F001F,0x001F001F,0x001F001F,0x00000000,0x00000000,
    0x00000000,0x00000000,0x001F001F,0x001F001F,0x001F001F,0x001F001F,0x001F001F,0x001F001F,
    0x001F279F,0x3BFF3BFF,0x3BFF3BFF,0x3BFF48AF,0x456F001F,0x001F001F,0x001F001F,0x001F011F,
    0x3AEF3BFF,0x3BFF3ADF,0x001F001F,0x001F001F,0x001F001F,0x001F001F,0x00000000,0x00000000,
    0x00000000,0x00000000,0x001F001F,0x001F001F,0x001F001F,0x001F001F,0x001F001F,0x001F001F,
    0x134F3BFF,0x3BFF3BFF,0x3BFF3BFF,0x3BFF3BFF,0x467F001F,0x001F001F,0x001F001F,0x001F146F,
    0x3BFF3BFF,0x3BFF157F,0x001F001F,0x001F001F,0x001F001F,0x001F001F,0x00000000,0x00000000,
    0x00000000,0x00000000,0x001F001F,0x001F001F,0x001F001F,0x001F001F,0x001F001F,0x001F001F,
    0x3ADF3BFF,0x3BFF3BFF,0x279F3BFF,0x5BEF89DF,0x88BF212F,0x001F001F,0x001F001F,0x001F29CF,
    0x3BFF3BFF,0x3BEF012F,0x001F001F,0x001F001F,0x001F001F,0x001F001F,0x00000000,0x00000000,
    0x00000000,0x00000000,0x001F001F,0x001F001F,0x001F001F,0x001F001F,0x001F001F,0x001F146F,
    0x3BFF3BFF,0x3BFF279F,0x001F78CF,0xE7BFF7BF,0xF7BFE6BF,0x635F001F,0x001F001F,0x134F3BFF,
    0x3BFF3BFF,0x279F001F,0x001F001F,0x001F001F,0x001F001F,0x001F001F,0x00000000,0x00000000,
    0x00000000,0x00000000,0x001F001F,0x001F001F,0x001F001F,0x001F001F,0x001F001F,0x001F29CF,
    0x3BFF3BFF,0x3BFF012F,0x212FE7BF,0xF7BFF7BF,0xF7BFF7BF,0xE6BF212F,0x001F001F,0x28BF3BFF,
    0x3BFF3BFF,0x123F001F,0x001F001F,0x001F001F,0x001F001F,0x001F001F,0x00000000,0x00000000,
    0x00000000,0x00000000,0x001F001F,0x456F456F,0x456F456F,0x456F456F,0x456F456F,0x468F3BFF,
    0x3BFF3BFF,0x39BF456F,0x868FF7BF,0xF7BFF7BF,0xF7BFF7BF,0xF7BF868F,0x456F467F,0x3BFF3BFF,
    0x3BFF39CF,0x456F456F,0x456F456F,0x456F456F,0x456F456F,0x001F001F,0x00000000,0x00000000,
    0x00000000,0x00000000,0x001F001F,0x456F456F,0x456F456F,0x456F456F,0x456F456F,0x3ADF3BFF,
    0x3BFF3BFF,0x467F456F,0x868FF7BF,0xF7BFF7BF,0xF7BFF7BF,0xF7BF868F,0x456F39BF,0x3BFF3BFF,
    0x3BFF468F,0x456F456F,0x456F456F,0x456F456F,0x456F456F,0x001F001F,0x00000000,0x00000000,
    0x00000000,0x00000000,0x001F001F,0x001F001F,0x001F001F,0x001F001F,0x001F123F,0x3BFF3BFF,
    0x3BFF28AF,0x001F001F,0x212FE6BF,0xF7BFF7BF,0xF7BFF7BF,0xE7BF212F,0x012F3BFF,0x3BFF3BFF,
    0x29CF001F,0x001F001F,0x001F001F,0x001F001F,0x001F001F,0x001F001F,0x00000000,0x00000000,
    0x00000000,0x00000000,0x001F001F,0x001F001F,0x001F001F,0x001F001F,0x001F279F,0x3BFF3BFF,
    0x3BFF134F,0x001F001F,0x001F635F,0xE6BFF7BF,0xF7BFE7BF,0x78CF001F,0x279F3BFF,0x3BFF3BFF,
    0x145F001F,0x001F001F,0x001F001F,0x001F001F,0x001F001F,0x001F001F,0x00000000,0x00000000,
    0x00000000,0x00000000,0x001F001F,0x001F001F,0x001F001F,0x001F001F,0x012F3BEF,0x3BFF3BFF,
    0x29CF001F,0x001F001F,0x001F001F,0x212F88BF,0x89DF5BFF,0x3BFF279F,0x3BFF3BFF,0x3BFF3ADF,
    0x001F001F,0x001F001F,0x001F001F,0x001F001F,0x001F001F,0x001F001F,0x00000000,0x00000000,
    0x00000000,0x00000000,0x001F001F,0x001F001F,0x001F001F,0x001F001F,0x157F3BFF,0x3BFF3BFF,
    0x146F001F,0x001F001F,0x001F001F,0x001F467F,0x3BFF3BFF,0x3BFF3BFF,0x3BFF3BFF,0x3BFF135F,
    0x001F001F,0x001F001F,0x001F001F,0x001F001F,0x001F001F,0x001F001F,0x00000000,0x00000000,
    0x00000000,0x00000000,0x001F001F,0x001F001F,0x001F001F,0x001F001F,0x3ADF3BFF,0x3BFF3AEF,
    0x011F001F,0x001F001F,0x001F001F,0x001F456F,0x48AF3BFF,0x3BFF3BFF,0x3BFF3BFF,0x279F001F,
    0x001F001F,0x001F001F,0x001F001F,0x001F001F,0x001F001F,0x001F001F,0x00000000,0x00000000,
    0x00000000,0x00000000,0x001F001F,0x001F001F,0x001F001F,0x001F146F,0x3BFF3BFF,0x3BFF268F,
    0x001F001F,0x001F001F,0x001F001F,0x001F456F,0x456F27AF,0x3BFF3BFF,0x3BFF279F,0x001F001F,
    0x001F001F,0x001F001F,0x001F001F,0x001F001F,0x001F001F,0x001F001F,0x00000000,0x00000000,
    0x00000000,0x00000000,0x001F001F,0x001F001F,0x001F001F,0x001F39DF,0x3BFF3BFF,0x3BFF012F,
    0x001F001F,0x001F001F,0x001F001F,0x001F456F,0x456F001F,0x124F146F,0x123F001F,0x001F001F,
    0x001F001F,0x001F001F,0x001F001F,0x001F001F,0x001F001F,0x001F001F,0x00000000,0x00000000,
    0x00000000,0x00000000,0x001F001F,0x001F001F,0x001F001F,0x156F3BFF,0x3BFF3BFF,0x279F001F,
    0x001F001F,0x001F001F,0x001F001F,0x001F456F,0x456F001F,0x001F001F,0x001F001F,0x001F001F,
    0x001F001F,0x001F001F,0x001F001F,0x001F001F,0x001F001F,0x001F001F,0x00000000,0x00000000,
    0x00000000,0x00000000,0x001F001F,0x001F001F,0x001F012F,0x3AEF3BFF,0x3BFF3BEF,0x022F001F,
    0x001F001F,0x001F001F,0x001F001F,0x001F456F,0x456F001F,0x001F001F,0x001F001F,0x001F001F,
    0x001F001F,0x001F001F,0x001F001F,0x001F001F,0x001F001F,0x001F001F,0x00000000,0x00000000,
    0x00000000,0x00000000,0x012F27AF,0x27AF022F,0x011F29CF,0x3BFF3BFF,0x3BFF268F,0x001F001F,
    0x001F001F,0x001F001F,0x001F001F,0x001F456F,0x456F001F,0x001F001F,0x001F001F,0x001F001F,
    0x001F001F,0x001F001F,0x001F001F,0x001F001F,0x001F001F,0x001F001F,0x00000000,0x00000000,
    0x00000000,0x00000000,0x27AF3BFF,0x3BFF3AEF,0x39DF3BFF,0x3BFF3BFF,0x3ADF011F,0x001F001F,
    0x001F001F,0x001F001F,0x001F001F,0x001F456F,0x456F001F,0x001F001F,0x001F001F,0x001F001F,
    0x001F001F,0x001F001F,0x001F001F,0x001F001F,0x001F001F,0x001F001F,0x00000000,0x00000000,
    0x00000000,0x00000000,0x27AF3BFF,0x3BFF3BFF,0x3BFF3BFF,0x3BFF3BEF,0x123F001F,0x001F001F,
    0x001F001F,0x001F001F,0x001F001F,0x001F456F,0x456F001F,0x001F001F,0x001F001F,0x001F001F,
    0x001F001F,0x001F001F,0x001F001F,0x001F001F,0x001F001F,0x001F001F,0x00000000,0x00000000,
    0x00000000,0x00000000,0x012F29CF,0x3BFF3BFF,0x3BFF3BFF,0x3BEF134F,0x001F001F,0x001F001F,
    0x001F001F,0x001F001F,0x001F001F,0x001F456F,0x456F001F,0x001F001F,0x001F001F,0x001F001F,
    0x001F001F,0x001F001F,0x001F001F,0x001F001F,0x001F001F,0x001F001F,0x00000000,0x00000000,
    0x00000000,0x00000000,0x001F011F,0x157F28BF,0x29CF268F,0x012F001F,0x001F001F,0x001F001F,
    0x001F001F,0x001F001F,0x001F001F,0x001F456F,0x456F001F,0x001F001F,0x001F001F,0x001F001F,
    0x001F001F,0x001F001F,0x001F001F,0x001F001F,0x001F001F,0x001F001F,0x00000000,0x00000000,
    0x00000000,0x00000000,0x001C001F,0x001F001F,0x001F001F,0x001F001F,0x001F001F,0x001F001F,
    0x001F001F,0x001F001F,0x001F001F,0x001F456F,0x456F001F,0x001F001F,0x001F001F,0x001F001F,
    0x001F001F,0x001F001F,0x001F001F,0x001F001F,0x001F001F,0x001F001C,0x00000000,0x00000000,
    0x00000000,0x00000000,0x0016001F,0x001F001F,0x001F001F,0x001F001F,0x001F001F,0x001F001F,
    0x001F001F,0x001F001F,0x001F001F,0x001F456F,0x456F001F,0x001F001F,0x001F001F,0x001F001F,
    0x001F001F,0x001F001F,0x001F001F,0x001F001F,0x001F001F,0x001F0016,0x00000000,0x00000000,
    0x00000000,0x00000000,0x0020001C,0x001F001F,0x001F001F,0x001F001F,0x001F001F,0x001F001F,
    0x001F001F,0x001F001F,0x001F001F,0x001F456F,0x456F001F,0x001F001F,0x001F001F,0x001F001F,
    0x001F001F,0x001F001F,0x001F001F,0x001F001F,0x001F001F,0x001C0020,0x00000000,0x00000000,
    0x00000000,0x00000000,0x00000011,0x001C001F,0x001F001F,0x001F001F,0x001F001F,0x001F001F,
    0x001F001F,0x001F001F,0x001F001F,0x001F001F,0x001F001F,0x001F001F,0x001F001F,0x001F001F,
    0x001F001F,0x001F001F,0x001F001F,0x001F001F,0x001F001C,0x00110000,0x00000000,0x00000000,
    0x00000000,0x00000000,0x00000000,0x00200016,0x001C001F,0x001F001F,0x001F001F,0x001F001F,
    0x001F001F,0x001F001F,0x001F001F,0x001F001F,0x001F001F,0x001F001F,0x001F001F,0x001F001F,
    0x001F001F,0x001F001F,0x001F001F,0x001F001C,0x00160020,0x00000000,0x00000000,0x00000000,
    0x00000000,0x00000000,0x00000000,0x00000000,0x00000000,0x00000000,0x00000000,0x00000000,
    0x00000000,0x00000000,0x00000000,0x00000000,0x00000000,0x00000000,0x00000000,0x00000000,
    0x00000000,0x00000000,0x00000000,0x00000000,0x00000000,0x00000000,0x00000000,0x00000000,
    0x00000000,0x00000000,0x00000000,0x00000000,0x00000000,0x00000000,0x00000000,0x00000000,
    0x00000000,0x00000000,0x00000000,0x00000000,0x00000000,0x00000000,0x00000000,0x00000000,
    0x00000000,0x00000000,0x00000000,0x00000000,0x00000000,0x00000000,0x00000000,0x00000000,
    0x00000000,0x00000000,0x00000000,0x00000000,0x00000000,0x00000000,0x00000000,0x00000000,
    0x00000000,0x00000000,0x00000000,0x00000000,0x00000000,0x00000000,0x00000000,0x00000000,
    0x00000000,0x00000000,0x00000000,0x00000000,0x00000000,0x00000000,0x00000000,0x00000000,
    0x00000000,0x00000000,0x00000000,0x00000000,0x00000000,0x00000000,0x00000000,0x00000000,
    0x00000000,0x00000000,0x00000000,0x00000000,0x00000000,0x00000000,0x00000000,0x00000000,
    0x00000000,0x00000000,0x00000000,0x00000000,0x00000000,0x00000000,0x00000000,0x00000000,
};
#define PROF_ICON_GRAPHING_CALCULATOR_SIZE 48

static const uint32_t prof_icon_network_debug_rgba[] = {
    0x00000000,0x00000000,0x00000000,0x00000000,0x00000000,0x00000000,0x00000000,0x00000000,
    0x00000000,0x00000000,0x00000000,0x00000000,0x00000000,0x00000000,0x00000000,0x00000000,
    0x00000000,0x00000000,0x00000000,0x00000000,0x00000000,0x00000000,0x00000000,0x00000000,
    0x00000000,0x00000000,0x00000000,0x00000000,0x00000000,0x00000000,0x00000000,0x00000000,
    0x00000000,0x00000000,0x00000000,0x00000000,0x00000000,0x00000000,0x00000000,0x00000000,
    0x00000000,0x00000000,0x00000000,0x00000000,0x00000000,0x00000000,0x00000000,0x00000000,
    0x00000000,0x00000000,0x00000000,0x00000000,0x00000000,0x00000000,0x00000000,0x00000000,
    0x00000000,0x00000000,0x00000000,0x00000000,0x00000000,0x00000000,0x00000000,0x00000000,
    0x00000000,0x00000000,0x00000000,0x00000000,0x00000000,0x00000000,0x00000000,0x00000000,
    0x00000000,0x00000000,0x00000000,0x00000000,0x00000000,0x00000000,0x00000000,0x00000000,
    0x00000000,0x00000000,0x00000000,0x00000000,0x00000000,0x00000000,0x00000000,0x00000000,
    0x00000000,0x00000000,0x00000000,0x00000000,0x00000000,0x00000000,0x00000000,0x00000000,
    0x00000000,0x00000000,0x00000000,0x00000000,0x00000000,0x00000000,0x00000000,0x00000000,
    0x00000000,0x00000000,0x00000000,0x00000000,0x00000000,0x00000000,0x00000000,0x00000000,
    0x00000000,0x00000000,0x00000000,0x00000000,0x00000000,0x00000000,0x00000000,0x00000000,
    0x00000000,0x00000000,0x00000000,0x00000000,0x00000000,0x00000000,0x00000000,0x00000000,
    0x00000000,0x00000000,0x00000000,0x00000000,0x00000000,0x00000000,0x00000000,0x00000000,
    0x00000000,0x00000000,0x00000000,0x00000000,0x00000000,0x00000000,0x00000000,0x00000000,
    0x00000000,0x00000000,0x00000000,0x00000000,0x00000000,0x00000000,0x00000000,0x00000000,
    0x00000000,0x00000000,0x00000000,0x00000000,0x00000000,0x00000000,0x00000000,0x00000000,
    0x00000000,0x00000000,0x00000000,0x00000000,0x00000000,0x00000000,0x00000000,0x00000000,
    0x00000000,0x00000000,0x00000000,0x00000000,0x00000000,0x00000000,0x00000000,0x00000000,
    0x00000000,0x00000000,0x00003BF4,0x3BFC3BFF,0x3BFF3BFB,0x3BF40000,0x00000000,0x00000000,
    0x00000000,0x00000000,0x00000000,0x00000000,0x00000000,0x00000000,0x00000000,0x00000000,
    0x00000000,0x00000000,0x00000000,0x00000000,0x00000000,0x00000000,0x00000000,0x00000000,
    0x00000000,0x00000000,0x3BF83BFF,0x3BFF3BFF,0x3BFF3BFF,0x3BFF3BF8,0x00000000,0x00000000,
    0x00000000,0x00000000,0x00000000,0x00000000,0x00000000,0x00000000,0x00000000,0x00000000,
    0x00000000,0x00000000,0x00000000,0x00000000,0x00000000,0x00000000,0x00000000,0x00000000,
    0x00000000,0x00003BF4,0x3BFF3BFF,0x3BFF3BFF,0x3BFF3BFF,0x3BFF3BFF,0x3BF40000,0x00000000,
    0x00000000,0x00000000,0x00000000,0x00000000,0x00000000,0x00000000,0x00000000,0x00000000,
    0x00000000,0x00000000,0x00000000,0x00000000,0x00000000,0x00000000,0x00000000,0x00000000,
    0x00000000,0x00003BFC,0x3BFF3BFF,0x3BFF3BFF,0x3BFF3BFF,0x3BFF3BFF,0x3BFB0000,0x00000000,
    0x00000000,0x00000000,0x00000000,0x00000000,0x00000000,0x00000000,0x00000000,0x00000000,
    0x00000000,0x00000000,0x00000000,0x00000000,0x00000000,0x00000000,0x00000000,0x00000000,
    0x00000000,0x00003BFF,0x3BFF3BFF,0x3BEF4ADF,0x4ADF3BEF,0x3BFF3BFF,0x3BFF0000,0x00000000,
    0x00000000,0x00000000,0x00000000,0x00000000,0x00000000,0x00000000,0x00000000,0x00000000,
    0x00000000,0x00000000,0x00000000,0x00000000,0x00000000,0x00000000,0x00000000,0x00000000,
    0x00000000,0x00003BFF,0x3BFF3BFF,0x58AF678F,0x678F58AF,0x3BFF3BFF,0x3BFF0000,0x00000000,
    0x00000000,0x00000000,0x00000000,0x00000000,0x00000000,0x00000000,0x00000000,0x00000000,
    0x00000000,0x00000000,0x00000000,0x00000000,0x00000000,0x00000000,0x00000000,0x00000000,
    0x00000000,0x00003BFB,0x3BFF4ADF,0x678F678F,0x678F678F,0x4ADF3BFF,0x3BFB0000,0x00000000,
    0x00000000,0x00000000,0x00000000,0x00000000,0x00000000,0x00000000,0x00000000,0x00000000,
    0x00000000,0x00000000,0x00000000,0x00000000,0x00000000,0x00000000,0x00000000,0x00000000,
    0x00000000,0x00003BF4,0x3BFF58AF,0x678F678F,0x678F678F,0x58AF3BFF,0x3BF40000,0x00000000,
    0x00000000,0x00000000,0x00000000,0x00000000,0x00000000,0x00000000,0x00000000,0x00000000,
    0x00000000,0x00000000,0x00000000,0x00000000,0x00000000,0x00000000,0x00000000,0x00000000,
    0x00000000,0x00000000,0x49CA678F,0x678F49CF,0x49CF678F,0x678F49CA,0x00000000,0x00000000,
    0x00000000,0x00000000,0x00000000,0x00000000,0x00000000,0x00000000,0x00000000,0x00000000,
    0x00000000,0x00000000,0x00000000,0x00000000,0x00000000,0x00000000,0x00000000,0x00000000,
    0x00000000,0x00006690,0x678D678F,0x679F3BFF,0x3BFF679F,0x678F678D,0x58800000,0x00000000,
    0x00000000,0x00000000,0x00000000,0x00000000,0x00000000,0x00000000,0x00000000,0x00000000,
    0x00000000,0x00000000,0x00000000,0x00000000,0x00000000,0x00000000,0x00000000,0x00000000,
    0x00000000,0x00006786,0x678F678F,0x67860000,0x00006786,0x678F678F,0x67860000,0x00000000,
    0x00000000,0x00000000,0x00000000,0x00000000,0x00000000,0x00000000,0x00000000,0x00000000,
    0x00000000,0x00000000,0x00000000,0x00000000,0x00000000,0x00000000,0x00000000,0x00000000,
    0x00000000,0x6780678E,0x678F678D,0x58800000,0x00006690,0x678D678F,0x678E5690,0x00000000,
    0x00000000,0x00000000,0x00000000,0x00000000,0x00000000,0x00000000,0x00000000,0x00000000,
    0x00000000,0x00000000,0x00000000,0x00000000,0x00000000,0x00000000,0x00000000,0x00000000,
    0x00000000,0x6788678F,0x678F6785,0x00000000,0x00000000,0x6785678F,0x678F6788,0x00000000,
    0x00000000,0x00000000,0x00000000,0x00000000,0x00000000,0x00000000,0x00000000,0x00000000,
    0x00000000,0x00000000,0x00000000,0x00000000,0x00000000,0x00000000,0x00000000,0x00000000,
    0x00006781,0x678F678F,0x678C00F0,0x00000000,0x00000000,0x0000678C,0x678F678F,0x67810000,
    0x00000000,0x00000000,0x00000000,0x00000000,0x00000000,0x00000000,0x00000000,0x00000000,
    0x00000000,0x00000000,0x00000000,0x00000000,0x00000000,0x00000000,0x00000000,0x00000000,
    0x00006789,0x678F678F,0x67840000,0x00000000,0x00000000,0x00006783,0x678F678F,0x67890000,
    0x00000000,0x00000000,0x00000000,0x00000000,0x00000000,0x00000000,0x00000000,0x00000000,
    0x00000000,0x00000000,0x00000000,0x00000000,0x00000000,0x00000000,0x00000000,0x00000000,
    0x6782678F,0x678F678B,0x00000000,0x00000000,0x00000000,0x00000000,0x678B678F,0x678F6782,
    0x00000000,0x00000000,0x00000000,0x00000000,0x00000000,0x00000000,0x00000000,0x00000000,
    0x00000000,0x00000000,0x00000000,0x00000000,0x00000000,0x00000000,0x00000000,0x00000000,
    0x678B678F,0x678F6782,0x00000000,0x00000000,0x00000000,0x00000000,0x6782678F,0x678F678B,
    0x00000000,0x00000000,0x00000000,0x00000000,0x00000000,0x00000000,0x00000000,0x00000000,
    0x00000000,0x00000000,0x00000000,0x00000000,0x00000000,0x00000000,0x00000000,0x00006783,
    0x678F678F,0x67890000,0x00000000,0x00000000,0x00000000,0x00000000,0x00006789,0x678F678F,
    0x67840000,0x00000000,0x00000000,0x00000000,0x00000000,0x00000000,0x00000000,0x00000000,
    0x00000000,0x00000000,0x00000000,0x00000000,0x00000000,0x00000000,0x00000000,0x00F0678C,
    0x678F678F,0x67810000,0x00000000,0x00000000,0x00000000,0x00000000,0x00006781,0x678F678F,
    0x678C00F0,0x00000000,0x00000000,0x00000000,0x00000000,0x00000000,0x00000000,0x00000000,
    0x00000000,0x00000000,0x00000000,0x00000000,0x00000000,0x00000000,0x00000000,0x6785678F,
    0x678F6788,0x00000000,0x00000000,0x00000000,0x00000000,0x00000000,0x00000000,0x6788678F,
    0x678F6785,0x00000000,0x00000000,0x00000000,0x00000000,0x00000000,0x00000000,0x00000000,
    0x00000000,0x00000000,0x00000000,0x00000000,0x00000000,0x00000000,0x00006690,0x678D678F,
    0x678E5690,0x00000000,0x00000000,0x00000000,0x00000000,0x00000000,0x00000000,0x6690678E,
    0x678F678D,0x58800000,0x00000000,0x00000000,0x00000000,0x00000000,0x00000000,0x00000000,
    0x00000000,0x00000000,0x00000000,0x00000000,0x00000000,0x00000000,0x00006786,0x678F678F,
    0x67860000,0x00000000,0x00000000,0x00000000,0x00000000,0x00000000,0x00000000,0x00006786,
    0x678F678F,0x67860000,0x00000000,0x00000000,0x00000000,0x00000000,0x00000000,0x00000000,
    0x00000000,0x00000000,0x00000000,0x00000000,0x00004D84,0x4D8C4D8F,0x4D8F678F,0x678F678D,
    0x58800000,0x00000000,0x00000000,0x00000000,0x00000000,0x00000000,0x00000000,0x00006690,
    0x678D678F,0x678FE7BF,0xF7BFF7BB,0xF7B40000,0x00000000,0x00000000,0x00000000,0x00000000,
    0x00000000,0x00000000,0x00000000,0x00000000,0x4D884D8F,0x4D8F4D8F,0x5A8F678F,0x678F5A8A,
    0x00000000,0x00000000,0x00000000,0x00000000,0x00000000,0x00000000,0x00000000,0x00000000,
    0xA7AB678F,0x678FA79F,0xF7BFF7BF,0xF7BFF7B8,0x00000000,0x00000000,0x00000000,0x00000000,
    0x00000000,0x00000000,0x00000000,0x00004D84,0x4D8F4D8F,0x4D8F4D8F,0x678F678F,0x588F4D8F,
    0x4D840000,0x00000000,0x00000000,0x00000000,0x00000000,0x00000000,0x00000000,0x0000F7B4,
    0xF7BF879F,0x678F678F,0xE7BFF7BF,0xF7BFF7BF,0xF7B40000,0x00000000,0x00000000,0x00000000,
    0x00000000,0x00000000,0x00000000,0x00004D8C,0x4D8F4D8F,0x4D8F598F,0x678F678F,0x5A8F5C8F,
    0x5B8C6784,0x67846784,0x67846784,0x67846784,0x67846784,0x67846784,0x67846784,0x6784C7AD,
    0xD7AFB7AF,0x678F678F,0x979FF7BF,0xF7BFF7BF,0xF7BB0000,0x00000000,0x00000000,0x00000000,
    0x00000000,0x00000000,0x00000000,0x00004D8F,0x4D8F4D8F,0x4D8F598F,0x678F678F,0x678F678F,
    0x678F678F,0x678F678F,0x678F678F,0x678F678F,0x678F678F,0x678F678F,0x678F678F,0x678F678F,
    0x678F678F,0x678F678F,0x879FF7BF,0xF7BFF7BF,0xF7BF0000,0x00000000,0x00000000,0x00000000,
    0x00000000,0x00000000,0x00000000,0x00004D8F,0x4D8F4D8F,0x4D8F4D8F,0x678F678F,0x678F678F,
    0x678F678F,0x678F678F,0x678F678F,0x678F678F,0x678F678F,0x678F678F,0x678F678F,0x678F678F,
    0x678F678F,0x678F678F,0xF7BFF7BF,0xF7BFF7BF,0xF7BF0000,0x00000000,0x00000000,0x00000000,
    0x00000000,0x00000000,0x00000000,0x00004D8B,0x4D8F4D8F,0x4D8F4D8F,0x5C8F5C8F,0x5C8F5C8F,
    0x5B8C6784,0x67846784,0x67846784,0x67846784,0x67846784,0x67846784,0x67846784,0x6784C7AC,
    0xD7AFD7AF,0xD7AFD7AF,0xF7BFF7BF,0xF7BFF7BF,0xF7BB0000,0x00000000,0x00000000,0x00000000,
    0x00000000,0x00000000,0x00000000,0x00004D84,0x4D8F4D8F,0x4D8F4D8F,0x4D8F4D8F,0x4D8F4D8F,
    0x4D840000,0x00000000,0x00000000,0x00000000,0x00000000,0x00000000,0x00000000,0x0000F7B4,
    0xF7BFF7BF,0xF7BFF7BF,0xF7BFF7BF,0xF7BFF7BF,0xF7B40000,0x00000000,0x00000000,0x00000000,
    0x00000000,0x00000000,0x00000000,0x00000000,0x4D884D8F,0x4D8F4D8F,0x4D8F4D8F,0x4D8F4D88,
    0x00000000,0x00000000,0x00000000,0x00000000,0x00000000,0x00000000,0x00000000,0x00000000,
    0xF7B8F7BF,0xF7BFF7BF,0xF7BFF7BF,0xF7BFF7B8,0x00000000,0x00000000,0x00000000,0x00000000,
    0x00000000,0x00000000,0x00000000,0x00000000,0x00004D84,0x4D8B4D8F,0x4D8F4D8B,0x4D840000,
    0x00000000,0x00000000,0x00000000,0x00000000,0x00000000,0x00000000,0x00000000,0x00000000,
    0x0000F7B4,0xF7BBF7BF,0xF7BFF7BB,0xF7B40000,0x00000000,0x00000000,0x00000000,0x00000000,
    0x00000000,0x00000000,0x00000000,0x00000000,0x00000000,0x00000000,0x00000000,0x00000000,
    0x00000000,0x00000000,0x00000000,0x00000000,0x00000000,0x00000000,0x00000000,0x00000000,
    0x00000000,0x00000000,0x00000000,0x00000000,0x00000000,0x00000000,0x00000000,0x00000000,
    0x00000000,0x00000000,0x00000000,0x00000000,0x00000000,0x00000000,0x00000000,0x00000000,
    0x00000000,0x00000000,0x00000000,0x00000000,0x00000000,0x00000000,0x00000000,0x00000000,
    0x00000000,0x00000000,0x00000000,0x00000000,0x00000000,0x00000000,0x00000000,0x00000000,
    0x00000000,0x00000000,0x00000000,0x00000000,0x00000000,0x00000000,0x00000000,0x00000000,
    0x00000000,0x00000000,0x00000000,0x00000000,0x00000000,0x00000000,0x00000000,0x00000000,
    0x00000000,0x00000000,0x00000000,0x00000000,0x00000000,0x00000000,0x00000000,0x00000000,
    0x00000000,0x00000000,0x00000000,0x00000000,0x00000000,0x00000000,0x00000000,0x00000000,
    0x00000000,0x00000000,0x00000000,0x00000000,0x00000000,0x00000000,0x00000000,0x00000000,
    0x00000000,0x00000000,0x00000000,0x00000000,0x00000000,0x00000000,0x00000000,0x00000000,
    0x00000000,0x00000000,0x00000000,0x00000000,0x00000000,0x00000000,0x00000000,0x00000000,
    0x00000000,0x00000000,0x00000000,0x00000000,0x00000000,0x00000000,0x00000000,0x00000000,
    0x00000000,0x00000000,0x00000000,0x00000000,0x00000000,0x00000000,0x00000000,0x00000000,
    0x00000000,0x00000000,0x00000000,0x00000000,0x00000000,0x00000000,0x00000000,0x00000000,
    0x00000000,0x00000000,0x00000000,0x00000000,0x00000000,0x00000000,0x00000000,0x00000000,
    0x00000000,0x00000000,0x00000000,0x00000000,0x00000000,0x00000000,0x00000000,0x00000000,
    0x00000000,0x00000000,0x00000000,0x00000000,0x00000000,0x00000000,0x00000000,0x00000000,
    0x00000000,0x00000000,0x00000000,0x00000000,0x00000000,0x00000000,0x00000000,0x00000000,
    0x00000000,0x00000000,0x00000000,0x00000000,0x00000000,0x00000000,0x00000000,0x00000000,
    0x00000000,0x00000000,0x00000000,0x00000000,0x00000000,0x00000000,0x00000000,0x00000000,
    0x00000000,0x00000000,0x00000000,0x00000000,0x00000000,0x00000000,0x00000000,0x00000000,
    0x00000000,0x00000000,0x00000000,0x00000000,0x00000000,0x00000000,0x00000000,0x00000000,
    0x00000000,0x00000000,0x00000000,0x00000000,0x00000000,0x00000000,0x00000000,0x00000000,
    0x00000000,0x00000000,0x00000000,0x00000000,0x00000000,0x00000000,0x00000000,0x00000000,
    0x00000000,0x00000000,0x00000000,0x00000000,0x00000000,0x00000000,0x00000000,0x00000000,
};
#define PROF_ICON_NETWORK_DEBUG_SIZE 48

static const uint32_t prof_icon_performance_rgba[] = {
    0x00000000,0x00000000,0x00000000,0x00000000,0x00000000,0x00000000,0x00000000,0x00000000,
    0x00000000,0x00000000,0x00000000,0x00000000,0x00000000,0x00000000,0x00000000,0x00000000,
    0x00000000,0x00000000,0x00000000,0x00000000,0x00000000,0x00000000,0x00000000,0x00000000,
    0x00000000,0x00000000,0x00000000,0x00000000,0x00000000,0x00000000,0x00000000,0x00000000,
    0x00000000,0x00000000,0x00000000,0x00000000,0x00000000,0x00000000,0x00000000,0x00000000,
    0x00000000,0x00000000,0x00000000,0x00000000,0x00000000,0x00000000,0x00000000,0x00000000,
    0x00000000,0x00000000,0x00000000,0x00000000,0x00000000,0x00000000,0x00000000,0x00000000,
    0x00000000,0x00000000,0x00000000,0x00000000,0x00000000,0x00000000,0x00000000,0x00000000,
    0x00000000,0x00000000,0x00000000,0x00000000,0x00000000,0x00000000,0x00000000,0x00000000,
    0x00000000,0x00000000,0x00000000,0x00000000,0x00000000,0x00000000,0x00000000,0x00000000,
    0x00000000,0x00000000,0x00000000,0x00000000,0x00000000,0x00000000,0x00000000,0x00000000,
    0x00000000,0x00000000,0x00000000,0x00000000,0x00000000,0x00000000,0x00000000,0x00000000,
    0x00000000,0x00000000,0x00000000,0x00000000,0x00000000,0x00000000,0x00000000,0x00000000,
    0x00000000,0x00000000,0x00000000,0x00000000,0x00000000,0x00000000,0x00000000,0x00000000,
    0x00000000,0x00000000,0x00000000,0x00000000,0x00000000,0x00000000,0x00000000,0x00000000,
    0x00000000,0x00000000,0x00000000,0x00000000,0x00000000,0x00000000,0x00000000,0x00000000,
    0x00000000,0x00000000,0x00000000,0x00000000,0x00000000,0x00000000,0x00000000,0x00000000,
    0x00000000,0x00000000,0x00000000,0x00000000,0x00000000,0x00000000,0x00000000,0x00000000,
    0x00000000,0x00000000,0x00000000,0x24601356,0x136C135F,0x135F135F,0x135F135F,0x135F135F,
    0x135F135F,0x135F135F,0x135F135F,0x135F135F,0x135F135F,0x135F135F,0x135F135F,0x135F135F,
    0x135F135F,0x135F135F,0x135F135F,0x135F136C,0x13662460,0x00000000,0x00000000,0x00000000,
    0x00000000,0x00000000,0x00001351,0x135D135F,0x135F135F,0x135F135F,0x135F135F,0x135F135F,
    0x135F135F,0x135F135F,0x135F135F,0x135F135F,0x135F135F,0x135F135F,0x135F135F,0x135F135F,
    0x135F135F,0x135F135F,0x135F135F,0x135F135F,0x135F135C,0x13510000,0x00000000,0x00000000,
    0x00000000,0x00000000,0x2460135D,0x135F135F,0x135F135F,0x135F135F,0x135F135F,0x135F135F,
    0x135F135F,0x135F135F,0x135F135F,0x135F135F,0x135F135F,0x135F135F,0x135F135F,0x135F135F,
    0x135F135F,0x135F135F,0x135F135F,0x135F135F,0x135F135F,0x135C2460,0x00000000,0x00000000,
    0x00000000,0x00000000,0x1356135F,0x135F135F,0x135F135F,0x135F135F,0x135F135F,0x135F135F,
    0x135F135F,0x135F135F,0x135F135F,0x135F135F,0x135F135F,0x135F135F,0x135F135F,0x135F135F,
    0x135F135F,0x135F135F,0x135F135F,0x135F135F,0x135F135F,0x135F1356,0x00000000,0x00000000,
    0x00000000,0x00000000,0x135C135F,0x135F135F,0x135F135F,0x135F135F,0x135F135F,0x135F135F,
    0x135F135F,0x135F135F,0x135F135F,0x135F135F,0x135F135F,0x135F135F,0x135F135F,0x135F135F,
    0x135F135F,0x135F135F,0x135F135F,0x135F135F,0x135F135F,0x135F135C,0x00000000,0x00000000,
    0x00000000,0x00000000,0x135F135F,0x135F135F,0x135F135F,0x135F135F,0x135F135F,0x135F135F,
    0x135F135F,0x135F135F,0x135F135F,0x135F135F,0x135F135F,0x135F135F,0x135F135F,0x135F135F,
    0x135F135F,0x135F135F,0x135F135F,0x135F135F,0x135F135F,0x135F135F,0x00000000,0x00000000,
    0x00000000,0x00000000,0x135F135F,0x135F135F,0x135F135F,0x135F135F,0x135F135F,0x135F135F,
    0x135F135F,0x135F135F,0x135F135F,0x135F135F,0x135F135F,0x956FF67F,0xF77FF77F,0xF67F856F,
    0x135F135F,0x135F135F,0x135F135F,0x135F135F,0x135F135F,0x135F135F,0x00000000,0x00000000,
    0x00000000,0x00000000,0x135F135F,0x135F135F,0x135F135F,0x135F135F,0x135F135F,0x135F135F,
    0x135F135F,0x135F135F,0x135F135F,0x135F135F,0x135F135F,0xF67FF77F,0xF77FF77F,0xF77FF77F,
    0x135F135F,0x135F135F,0x135F135F,0x135F135F,0x135F135F,0x135F135F,0x00000000,0x00000000,
    0x00000000,0x00000000,0x135F135F,0x135F135F,0x135F135F,0x135F135F,0x135F135F,0x135F135F,
    0x135F135F,0x135F135F,0x135F135F,0x135F135F,0x135F135F,0xF77FF77F,0xF77FF77F,0xF77FF77F,
    0x135F135F,0x135F135F,0x135F135F,0x135F135F,0x135F135F,0x135F135F,0x00000000,0x00000000,
    0x00000000,0x00000000,0x135F135F,0x135F135F,0x135F135F,0x135F135F,0x135F135F,0x135F135F,
    0x135F135F,0x135F135F,0x135F135F,0x135F135F,0x135F135F,0xF77FF77F,0xF77FF77F,0xF77FF77F,
    0x135F135F,0x135F135F,0x135F135F,0x135F135F,0x135F135F,0x135F135F,0x00000000,0x00000000,
    0x00000000,0x00000000,0x135F135F,0x135F135F,0x135F135F,0x135F135F,0x135F135F,0x135F135F,
    0x135F135F,0x135F135F,0x135F135F,0x135F135F,0x135F135F,0xF77FF77F,0xF77FF77F,0xF77FF77F,
    0x135F135F,0x135F135F,0x135F135F,0x135F135F,0x135F135F,0x135F135F,0x00000000,0x00000000,
    0x00000000,0x00000000,0x135F135F,0x135F135F,0x135F135F,0x135F135F,0x135F135F,0x135F135F,
    0x135F135F,0x135F135F,0x135F135F,0x135F135F,0x135F135F,0xF77FF77F,0xF77FF77F,0xF77FF77F,
    0x135F135F,0x135F135F,0x135F135F,0x135F135F,0x135F135F,0x135F135F,0x00000000,0x00000000,
    0x00000000,0x00000000,0x135F135F,0x135F135F,0x135F135F,0x135F135F,0x135F135F,0x135F135F,
    0x135F984F,0xFB2FFB2F,0xFB2FFB2F,0x984F135F,0x135F135F,0xF77FF77F,0xF77FF77F,0xF77FF77F,
    0x135F135F,0x135F135F,0x135F135F,0x135F135F,0x135F135F,0x135F135F,0x00000000,0x00000000,
    0x00000000,0x00000000,0x135F135F,0x135F135F,0x135F135F,0x135F135F,0x135F135F,0x135F135F,
    0x135FFB2F,0xFB2FFB2F,0xFB2FFB2F,0xFB2F135F,0x135F135F,0xF77FF77F,0xF77FF77F,0xF77FF77F,
    0x135F135F,0x135F135F,0x135F135F,0x135F135F,0x135F135F,0x135F135F,0x00000000,0x00000000,
    0x00000000,0x00000000,0x135F135F,0x135F135F,0x135F135F,0x135F135F,0x135F135F,0x135F135F,
    0x135FFB2F,0xFB2FFB2F,0xFB2FFB2F,0xFB2F135F,0x135F135F,0xF77FF77F,0xF77FF77F,0xF77FF77F,
    0x135F135F,0x135F27AF,0x3BFF3BFF,0x3BFF27AF,0x135F135F,0x135F135F,0x00000000,0x00000000,
    0x00000000,0x00000000,0x135F135F,0x135F135F,0x135F135F,0x135F135F,0x135F135F,0x135F135F,
    0x135FFB2F,0xFB2FFB2F,0xFB2FFB2F,0xFB2F135F,0x135F135F,0xF77FF77F,0xF77FF77F,0xF77FF77F,
    0x135F135F,0x135F3BFF,0x3BFF3BFF,0x3BFF3BFF,0x135F135F,0x135F135F,0x00000000,0x00000000,
    0x00000000,0x00000000,0x135F135F,0x135F135F,0x135F135F,0x135F135F,0x135F135F,0x135F135F,
    0x135FFB2F,0xFB2FFB2F,0xFB2FFB2F,0xFB2F135F,0x135F135F,0xF77FF77F,0xF77FF77F,0xF77FF77F,
    0x135F135F,0x135F3BFF,0x3BFF3BFF,0x3BFF3BFF,0x135F135F,0x135F135F,0x00000000,0x00000000,
    0x00000000,0x00000000,0x135F135F,0x135F135F,0x135F135F,0x135F135F,0x135F135F,0x135F135F,
    0x135FFB2F,0xFB2FFB2F,0xFB2FFB2F,0xFB2F135F,0x135F135F,0xF77FF77F,0xF77FF77F,0xF77FF77F,
    0x135F135F,0x135F3BFF,0x3BFF3BFF,0x3BFF3BFF,0x135F135F,0x135F135F,0x00000000,0x00000000,
    0x00000000,0x00000000,0x135F135F,0x135F135F,0x135F135F,0x135F135F,0x135F135F,0x135F135F,
    0x135FFB2F,0xFB2FFB2F,0xFB2FFB2F,0xFB2F135F,0x135F135F,0xF77FF77F,0xF77FF77F,0xF77FF77F,
    0x135F135F,0x135F3BFF,0x3BFF3BFF,0x3BFF3BFF,0x135F135F,0x135F135F,0x00000000,0x00000000,
    0x00000000,0x00000000,0x135F135F,0x135F135F,0x135F135F,0x135F135F,0x135F135F,0x135F135F,
    0x135FFB2F,0xFB2FFB2F,0xFB2FFB2F,0xFB2F135F,0x135F135F,0xF77FF77F,0xF77FF77F,0xF77FF77F,
    0x135F135F,0x135F3BFF,0x3BFF3BFF,0x3BFF3BFF,0x135F135F,0x135F135F,0x00000000,0x00000000,
    0x00000000,0x00000000,0x135F135F,0x135F135F,0x397F4D7F,0x4D8F4D8F,0x4D7F397F,0x135F135F,
    0x135FFB2F,0xFB2FFB2F,0xFB2FFB2F,0xFB2F135F,0x135F135F,0xF77FF77F,0xF77FF77F,0xF77FF77F,
    0x135F135F,0x135F3BFF,0x3BFF3BFF,0x3BFF3BFF,0x135F135F,0x135F135F,0x00000000,0x00000000,
    0x00000000,0x00000000,0x135F135F,0x135F135F,0x4D7F4D8F,0x4D8F4D8F,0x4D8F4D7F,0x135F135F,
    0x135FFB2F,0xFB2FFB2F,0xFB2FFB2F,0xFB2F135F,0x135F135F,0xF77FF77F,0xF77FF77F,0xF77FF77F,
    0x135F135F,0x135F3BFF,0x3BFF3BFF,0x3BFF3BFF,0x135F135F,0x135F135F,0x00000000,0x00000000,
    0x00000000,0x00000000,0x135F135F,0x135F135F,0x4D8F4D8F,0x4D8F4D8F,0x4D8F4D8F,0x135F135F,
    0x135FFB2F,0xFB2FFB2F,0xFB2FFB2F,0xFB2F135F,0x135F135F,0xF77FF77F,0xF77FF77F,0xF77FF77F,
    0x135F135F,0x135F3BFF,0x3BFF3BFF,0x3BFF3BFF,0x135F135F,0x135F135F,0x00000000,0x00000000,
    0x00000000,0x00000000,0x135F135F,0x135F135F,0x4D8F4D8F,0x4D8F4D8F,0x4D8F4D8F,0x135F135F,
    0x135FFB2F,0xFB2FFB2F,0xFB2FFB2F,0xFB2F135F,0x135F135F,0xF77FF77F,0xF77FF77F,0xF77FF77F,
    0x135F135F,0x135F3BFF,0x3BFF3BFF,0x3BFF3BFF,0x135F135F,0x135F135F,0x00000000,0x00000000,
    0x00000000,0x00000000,0x135F135F,0x135F135F,0x4D8F4D8F,0x4D8F4D8F,0x4D8F4D8F,0x135F135F,
    0x135FFB2F,0xFB2FFB2F,0xFB2FFB2F,0xFB2F135F,0x135F135F,0xF77FF77F,0xF77FF77F,0xF77FF77F,
    0x135F135F,0x135F3BFF,0x3BFF3BFF,0x3BFF3BFF,0x135F135F,0x135F135F,0x00000000,0x00000000,
    0x00000000,0x00000000,0x135F135F,0x135F135F,0x4D8F4D8F,0x4D8F4D8F,0x4D8F4D8F,0x135F135F,
    0x135FFB2F,0xFB2FFB2F,0xFB2FFB2F,0xFB2F135F,0x135F135F,0xF77FF77F,0xF77FF77F,0xF77FF77F,
    0x135F135F,0x135F3BFF,0x3BFF3BFF,0x3BFF3BFF,0x135F135F,0x135F135F,0x00000000,0x00000000,
    0x00000000,0x00000000,0x135F135F,0x135F135F,0x4D8F4D8F,0x4D8F4D8F,0x4D8F4D8F,0x135F135F,
    0x135FFB2F,0xFB2FFB2F,0xFB2FFB2F,0xFB2F135F,0x135F135F,0xF77FF77F,0xF77FF77F,0xF77FF77F,
    0x135F135F,0x135F3BFF,0x3BFF3BFF,0x3BFF3BFF,0x135F135F,0x135F135F,0x00000000,0x00000000,
    0x00000000,0x00000000,0x135F135F,0x135F135F,0x4D8F4D8F,0x4D8F4D8F,0x4D8F4D8F,0x135F135F,
    0x135FFB2F,0xFB2FFB2F,0xFB2FFB2F,0xFB2F135F,0x135F135F,0xF77FF77F,0xF77FF77F,0xF77FF77F,
    0x135F135F,0x135F3BFF,0x3BFF3BFF,0x3BFF3BFF,0x135F135F,0x135F135F,0x00000000,0x00000000,
    0x00000000,0x00000000,0x135F135F,0x135F135F,0x4D8F4D8F,0x4D8F4D8F,0x4D8F4D8F,0x135F135F,
    0x135FFB2F,0xFB2FFB2F,0xFB2FFB2F,0xFB2F135F,0x135F135F,0xF77FF77F,0xF77FF77F,0xF77FF77F,
    0x135F135F,0x135F3BFF,0x3BFF3BFF,0x3BFF3BFF,0x135F135F,0x135F135F,0x00000000,0x00000000,
    0x00000000,0x00000000,0x135F135F,0x135F135F,0x4D8F4D8F,0x4D8F4D8F,0x4D8F4D8F,0x135F135F,
    0x135FFB2F,0xFB2FFB2F,0xFB2FFB2F,0xFB2F135F,0x135F135F,0xF77FF77F,0xF77FF77F,0xF77FF77F,
    0x135F135F,0x135F3BFF,0x3BFF3BFF,0x3BFF3BFF,0x135F135F,0x135F135F,0x00000000,0x00000000,
    0x00000000,0x00000000,0x135F135F,0x135F135F,0x4D7F4D8F,0x4D8F4D8F,0x4D8F4D7F,0x135F135F,
    0x135FFB2F,0xFB2FFB2F,0xFB2FFB2F,0xFB2F135F,0x135F135F,0xF67FF77F,0xF77FF77F,0xF77FF77F,
    0x135F135F,0x135F3BFF,0x3BFF3BFF,0x3BFF3BFF,0x135F135F,0x135F135F,0x00000000,0x00000000,
    0x00000000,0x00000000,0x135C135F,0x135F135F,0x397F4D7F,0x4D8F4D8F,0x4D7F387F,0x135F135F,
    0x135F984F,0xFB2FFB2F,0xFB2FFB2F,0x974F135F,0x135F135F,0x856FF67F,0xF77FF77F,0xF67F856F,
    0x135F135F,0x135F27AF,0x3BFF3BFF,0x3BFF27AF,0x135F135F,0x135F135C,0x00000000,0x00000000,
    0x00000000,0x00000000,0x1366135F,0x135F135F,0x135F135F,0x135F135F,0x135F135F,0x135F135F,
    0x135F135F,0x135F135F,0x135F135F,0x135F135F,0x135F135F,0x135F135F,0x135F135F,0x135F135F,
    0x135F135F,0x135F135F,0x135F135F,0x135F135F,0x135F135F,0x135F1356,0x00000000,0x00000000,
    0x00000000,0x00000000,0x2460135C,0x135F135F,0x135F135F,0x135F135F,0x135F135F,0x135F135F,
    0x135F135F,0x135F135F,0x135F135F,0x135F135F,0x135F135F,0x135F135F,0x135F135F,0x135F135F,
    0x135F135F,0x135F135F,0x135F135F,0x135F135F,0x135F135F,0x135C2250,0x00000000,0x00000000,
    0x00000000,0x00000000,0x00001351,0x135C135F,0x135F135F,0x135F135F,0x135F135F,0x135F135F,
    0x135F135F,0x135F135F,0x135F135F,0x135F135F,0x135F135F,0x135F135F,0x135F135F,0x135F135F,
    0x135F135F,0x135F135F,0x135F135F,0x135F135F,0x135F135C,0x13510000,0x00000000,0x00000000,
    0x00000000,0x00000000,0x00000000,0x22501356,0x135C135F,0x135F135F,0x135F135F,0x135F135F,
    0x135F135F,0x135F135F,0x135F135F,0x135F135F,0x135F135F,0x135F135F,0x135F135F,0x135F135F,
    0x135F135F,0x135F135F,0x135F135F,0x135F135C,0x13562250,0x00000000,0x00000000,0x00000000,
    0x00000000,0x00000000,0x00000000,0x00000000,0x00000000,0x00000000,0x00000000,0x00000000,
    0x00000000,0x00000000,0x00000000,0x00000000,0x00000000,0x00000000,0x00000000,0x00000000,
    0x00000000,0x00000000,0x00000000,0x00000000,0x00000000,0x00000000,0x00000000,0x00000000,
    0x00000000,0x00000000,0x00000000,0x00000000,0x00000000,0x00000000,0x00000000,0x00000000,
    0x00000000,0x00000000,0x00000000,0x00000000,0x00000000,0x00000000,0x00000000,0x00000000,
    0x00000000,0x00000000,0x00000000,0x00000000,0x00000000,0x00000000,0x00000000,0x00000000,
    0x00000000,0x00000000,0x00000000,0x00000000,0x00000000,0x00000000,0x00000000,0x00000000,
    0x00000000,0x00000000,0x00000000,0x00000000,0x00000000,0x00000000,0x00000000,0x00000000,
    0x00000000,0x00000000,0x00000000,0x00000000,0x00000000,0x00000000,0x00000000,0x00000000,
    0x00000000,0x00000000,0x00000000,0x00000000,0x00000000,0x00000000,0x00000000,0x00000000,
    0x00000000,0x00000000,0x00000000,0x00000000,0x00000000,0x00000000,0x00000000,0x00000000,
    0x00000000,0x00000000,0x00000000,0x00000000,0x00000000,0x00000000,0x00000000,0x00000000,
    0x00000000,0x00000000,0x00000000,0x00000000,0x00000000,0x00000000,0x00000000,0x00000000,
    0x00000000,0x00000000,0x00000000,0x00000000,0x00000000,0x00000000,0x00000000,0x00000000,
    0x00000000,0x00000000,0x00000000,0x00000000,0x00000000,0x00000000,0x00000000,0x00000000,
    0x00000000,0x00000000,0x00000000,0x00000000,0x00000000,0x00000000,0x00000000,0x00000000,
    0x00000000,0x00000000,0x00000000,0x00000000,0x00000000,0x00000000,0x00000000,0x00000000,
    0x00000000,0x00000000,0x00000000,0x00000000,0x00000000,0x00000000,0x00000000,0x00000000,
};
#define PROF_ICON_PERFORMANCE_SIZE 48

static const uint32_t prof_icon_kernel_log_rgba[] = {
    0x00000000,0x00000000,0x00000000,0x00000000,0x00000000,0x00000000,0x00000000,0x00000000,
    0x00000000,0x00000000,0x00000000,0x00000000,0x00000000,0x00000000,0x00000000,0x00000000,
    0x00000000,0x00000000,0x00000000,0x00000000,0x00000000,0x00000000,0x00000000,0x00000000,
    0x00000000,0x00000000,0x00000000,0x00000000,0x00000000,0x00000000,0x00000000,0x00000000,
    0x00000000,0x00000000,0x00000000,0x00000000,0x00000000,0x00000000,0x00000000,0x00000000,
    0x00000000,0x00000000,0x00000000,0x00000000,0x00000000,0x00000000,0x00000000,0x00000000,
    0x00000000,0x00000000,0x00000000,0x00000000,0x00000000,0x00000000,0x00000000,0x00000000,
    0x00000000,0x00000000,0x00000000,0x00000000,0x00000000,0x00000000,0x00000000,0x00000000,
    0x00000000,0x00000000,0x00000000,0x00000000,0x00000000,0x00000000,0x00000000,0x00000000,
    0x00000000,0x00000000,0x00000000,0x00000000,0x00000000,0x00000000,0x00000000,0x00000000,
    0x00000000,0x00000000,0x00000000,0x00000000,0x00000000,0x00000000,0x00000000,0x00000000,
    0x00000000,0x00000000,0x00000000,0x00000000,0x00000000,0x00000000,0x00000000,0x00000000,
    0x00000000,0x00000000,0x00000000,0x02200126,0x012C012F,0x012F012F,0x012F012F,0x012F012F,
    0x012F012F,0x012F012F,0x012F012F,0x012F012F,0x012F012F,0x012F012F,0x012F012F,0x012F012F,
    0x012F012F,0x012F012F,0x012F012F,0x012F012C,0x01260220,0x00000000,0x00000000,0x00000000,
    0x00000000,0x00000000,0x00000121,0x012D012F,0x012F012F,0x012F012F,0x012F012F,0x012F012F,
    0x012F012F,0x012F012F,0x012F012F,0x012F012F,0x012F012F,0x012F012F,0x012F012F,0x012F012F,
    0x012F012F,0x012F012F,0x012F012F,0x012F012F,0x012F012C,0x01210000,0x00000000,0x00000000,
    0x00000000,0x00000000,0x0220012D,0x012F012F,0x012F012F,0x012F012F,0x012F012F,0x012F012F,
    0x012F012F,0x012F012F,0x012F012F,0x012F012F,0x012F012F,0x012F012F,0x012F012F,0x012F012F,
    0x012F012F,0x012F012F,0x012F012F,0x012F012F,0x012F012F,0x012C0220,0x00000000,0x00000000,
    0x00000000,0x00000000,0x0126012F,0x012F012F,0x012F012F,0x012F012F,0x012F012F,0x012F012F,
    0x012F012F,0x012F012F,0x012F012F,0x012F012F,0x012F012F,0x012F012F,0x012F012F,0x012F012F,
    0x012F012F,0x012F012F,0x012F012F,0x012F012F,0x012F012F,0x012F0126,0x00000000,0x00000000,
    0x00000000,0x00000000,0x012C012F,0x012F012F,0x012F012F,0x012F012F,0x012F012F,0x012F012F,
    0x012F012F,0x012F012F,0x012F012F,0x012F012F,0x012F012F,0x012F012F,0x012F012F,0x012F012F,
    0x012F012F,0x012F012F,0x012F012F,0x012F012F,0x012F012F,0x012F012C,0x00000000,0x00000000,
    0x00000000,0x00000000,0x012F012F,0x012F012F,0x012F012F,0x012F012F,0x012F012F,0x012F012F,
    0x012F012F,0x012F012F,0x012F012F,0x012F012F,0x012F012F,0x012F012F,0x012F012F,0x012F012F,
    0x012F012F,0x012F012F,0x012F012F,0x012F012F,0x012F012F,0x012F012F,0x00000000,0x00000000,
    0x00000000,0x00000000,0x012F012F,0x012F012F,0x012F012F,0x012F012F,0x012F012F,0x012F012F,
    0x012F012F,0x012F012F,0x012F012F,0x012F012F,0x012F012F,0x012F012F,0x012F012F,0x012F012F,
    0x012F012F,0x012F012F,0x012F012F,0x012F012F,0x012F012F,0x012F012F,0x00000000,0x00000000,
    0x00000000,0x00000000,0x012F012F,0x012F012F,0x012F133F,0x143F012F,0x123F154F,0x012F123F,
    0x012F022F,0x123F123F,0x143F012F,0x012F012F,0x012F012F,0x123F143F,0x123F012F,0x123F154F,
    0x012F012F,0x143F143F,0x012F143F,0x143F143F,0x012F012F,0x012F012F,0x00000000,0x00000000,
    0x00000000,0x00000000,0x012F012F,0x012F012F,0x012F275F,0x123F012F,0x385F133F,0x275F264F,
    0x133F285F,0x012F022F,0x285F012F,0x012F012F,0x012F012F,0x264F144F,0x395F023F,0x385F133F,
    0x275F143F,0x264F264F,0x143F133F,0x395F133F,0x012F012F,0x012F012F,0x00000000,0x00000000,
    0x00000000,0x00000000,0x012F012F,0x012F012F,0x012F275F,0x012F023F,0x275F012F,0x285F264F,
    0x396F133F,0x012F012F,0x275F012F,0x012F012F,0x012F012F,0x264F275F,0x395F123F,0x275F012F,
    0x285F275F,0x123F123F,0x275F012F,0x285F012F,0x012F012F,0x012F012F,0x00000000,0x00000000,
    0x00000000,0x00000000,0x012F012F,0x012F012F,0x012F275F,0x012F012F,0x285F012F,0x285F264F,
    0x264F275F,0x012F012F,0x275F012F,0x012F012F,0x012F012F,0x264F023F,0x275F143F,0x285F012F,
    0x285F275F,0x133F133F,0x264F012F,0x285F012F,0x012F012F,0x012F012F,0x00000000,0x00000000,
    0x00000000,0x00000000,0x012F012F,0x012F012F,0x012F275F,0x012F012F,0x275F275F,0x264F264F,
    0x133F264F,0x133F012F,0x275F012F,0x012F012F,0x012F012F,0x264F275F,0x385F022F,0x275F275F,
    0x264F123F,0x385F285F,0x123F012F,0x285F012F,0x012F012F,0x012F012F,0x00000000,0x00000000,
    0x00000000,0x00000000,0x012F012F,0x012F012F,0x012F275F,0x154F012F,0x012F012F,0x012F012F,
    0x012F012F,0x012F133F,0x396F012F,0x012F012F,0x012F012F,0x012F012F,0x012F012F,0x012F012F,
    0x012F012F,0x012F012F,0x012F012F,0x012F012F,0x012F012F,0x012F012F,0x00000000,0x00000000,
    0x00000000,0x00000000,0x012F012F,0x012F012F,0x012F012F,0x012F012F,0x012F012F,0x012F012F,
    0x012F012F,0x012F012F,0x012F012F,0x012F012F,0x012F012F,0x012F012F,0x012F012F,0x012F012F,
    0x012F012F,0x012F012F,0x012F012F,0x012F012F,0x012F012F,0x012F012F,0x00000000,0x00000000,
    0x00000000,0x00000000,0x012F012F,0x012F012F,0x012F012F,0x012F012F,0x012F012F,0x012F012F,
    0x012F012F,0x012F012F,0x012F012F,0x012F012F,0x012F012F,0x012F012F,0x012F012F,0x012F012F,
    0x012F012F,0x012F012F,0x012F012F,0x012F012F,0x012F012F,0x012F012F,0x00000000,0x00000000,
    0x00000000,0x00000000,0x012F012F,0x012F012F,0x012F012F,0x012F012F,0x012F012F,0x012F012F,
    0x012F012F,0x012F012F,0x012F012F,0x012F012F,0x012F012F,0x012F012F,0x012F012F,0x012F012F,
    0x012F012F,0x012F012F,0x012F012F,0x012F012F,0x012F012F,0x012F012F,0x00000000,0x00000000,
    0x00000000,0x00000000,0x012F012F,0x012F012F,0x012F012F,0x012F012F,0x012F012F,0x012F012F,
    0x012F012F,0x012F012F,0x012F012F,0x012F012F,0x012F012F,0x012F012F,0x012F012F,0x012F012F,
    0x012F012F,0x012F012F,0x012F012F,0x012F012F,0x012F012F,0x012F012F,0x00000000,0x00000000,
    0x00000000,0x00000000,0x012F012F,0x012F012F,0x012F124F,0x135F012F,0x023F146F,0x013F023F,
    0x013F023F,0x023F023F,0x145F012F,0x012F012F,0x012F012F,0x012F134F,0x146F013F,0x135F135F,
    0x013F023F,0x013F013F,0x023F012F,0x012F012F,0x012F012F,0x012F012F,0x00000000,0x00000000,
    0x00000000,0x00000000,0x012F012F,0x012F012F,0x012F269F,0x023F012F,0x27AF135F,0x269F157F,
    0x134F27AF,0x013F013F,0x279F012F,0x012F012F,0x012F012F,0x135F168F,0x135F023F,0x27AF145F,
    0x27AF157F,0x124F134F,0x157F012F,0x012F012F,0x012F012F,0x012F012F,0x00000000,0x00000000,
    0x00000000,0x00000000,0x012F012F,0x012F012F,0x012F269F,0x012F023F,0x268F012F,0x279F157F,
    0x28AF135F,0x012F012F,0x269F012F,0x012F012F,0x012F012F,0x269F012F,0x012F012F,0x27AF135F,
    0x279F157F,0x124F134F,0x157F012F,0x012F012F,0x012F012F,0x012F012F,0x00000000,0x00000000,
    0x00000000,0x00000000,0x012F012F,0x012F012F,0x012F269F,0x012F013F,0x279F012F,0x279F157F,
    0x157F268F,0x012F012F,0x269F012F,0x012F012F,0x012F012F,0x269F013F,0x012F012F,0x28AF146F,
    0x013F157F,0x134F134F,0x157F012F,0x012F012F,0x012F012F,0x012F012F,0x00000000,0x00000000,
    0x00000000,0x00000000,0x012F012F,0x012F012F,0x012F269F,0x012F012F,0x269F268F,0x157F157F,
    0x134F157F,0x135F012F,0x269F012F,0x012F012F,0x012F012F,0x124F27AF,0x268F013F,0x279F012F,
    0x012F124F,0x27AF27AF,0x124F012F,0x012F012F,0x012F012F,0x012F012F,0x00000000,0x00000000,
    0x00000000,0x00000000,0x012F012F,0x012F012F,0x012F269F,0x146F012F,0x012F012F,0x012F012F,
    0x012F012F,0x012F134F,0x28BF012F,0x012F012F,0x012F012F,0x012F012F,0x012F012F,0x012F012F,
    0x012F012F,0x012F012F,0x012F012F,0x012F012F,0x012F012F,0x012F012F,0x00000000,0x00000000,
    0x00000000,0x00000000,0x012F012F,0x012F012F,0x012F012F,0x012F012F,0x012F012F,0x012F012F,
    0x012F012F,0x012F012F,0x012F012F,0x012F012F,0x012F012F,0x012F012F,0x012F012F,0x012F012F,
    0x012F012F,0x012F012F,0x012F012F,0x012F012F,0x012F012F,0x012F012F,0x00000000,0x00000000,
    0x00000000,0x00000000,0x012F012F,0x012F012F,0x012F012F,0x012F012F,0x012F012F,0x012F012F,
    0x012F012F,0x012F012F,0x012F012F,0x012F012F,0x012F012F,0x012F012F,0x012F012F,0x012F012F,
    0x012F012F,0x012F012F,0x012F012F,0x012F012F,0x012F012F,0x012F012F,0x00000000,0x00000000,
    0x00000000,0x00000000,0x012F012F,0x012F012F,0x012F012F,0x012F012F,0x012F012F,0x012F012F,
    0x012F012F,0x012F012F,0x012F012F,0x012F012F,0x012F012F,0x012F012F,0x012F012F,0x012F012F,
    0x012F012F,0x012F012F,0x012F012F,0x012F012F,0x012F012F,0x012F012F,0x00000000,0x00000000,
    0x00000000,0x00000000,0x012F012F,0x012F012F,0x012F012F,0x012F012F,0x012F012F,0x012F012F,
    0x012F012F,0x012F012F,0x012F012F,0x012F012F,0x012F012F,0x012F012F,0x012F012F,0x012F012F,
    0x012F012F,0x012F012F,0x012F012F,0x012F012F,0x012F012F,0x012F012F,0x00000000,0x00000000,
    0x00000000,0x00000000,0x012F012F,0x012F012F,0x012F222F,0x332F012F,0x222F542F,0x112F222F,
    0x112F122F,0x222F222F,0x442F012F,0x012F012F,0x012F012F,0x232F112F,0x222F112F,0x432F442F,
    0x332F222F,0x442F442F,0x222F012F,0x012F012F,0x012F012F,0x012F012F,0x00000000,0x00000000,
    0x00000000,0x00000000,0x012F012F,0x012F012F,0x012F862F,0x222F012F,0x972F332F,0x862F652F,
    0x332F972F,0x112F112F,0x972F012F,0x012F012F,0x012F012F,0x862F752F,0x552F332F,0x972F332F,
    0x222F222F,0x652F652F,0x222F012F,0x012F012F,0x012F012F,0x012F012F,0x00000000,0x00000000,
    0x00000000,0x00000000,0x012F012F,0x012F012F,0x012F862F,0x012F122F,0x862F012F,0x972F652F,
    0xA82F332F,0x012F012F,0x862F012F,0x012F012F,0x012F012F,0x862F762F,0x652F332F,0xA82F762F,
    0x442F012F,0x442F442F,0x012F012F,0x012F012F,0x012F012F,0x012F012F,0x00000000,0x00000000,
    0x00000000,0x00000000,0x012F012F,0x012F012F,0x012F862F,0x012F112F,0x872F012F,0x972F652F,
    0x652F862F,0x012F012F,0x862F012F,0x012F012F,0x012F012F,0x862F222F,0xA82F332F,0x872F012F,
    0x012F012F,0x442F442F,0x012F012F,0x012F012F,0x012F012F,0x012F012F,0x00000000,0x00000000,
    0x00000000,0x00000000,0x012F012F,0x012F012F,0x012F862F,0x012F012F,0x862F862F,0x652F652F,
    0x232F652F,0x332F012F,0x862F012F,0x012F012F,0x012F012F,0x862F012F,0xA82F332F,0xA82F762F,
    0x542F012F,0x442F442F,0x012F012F,0x012F012F,0x012F012F,0x012F012F,0x00000000,0x00000000,
    0x00000000,0x00000000,0x012F012F,0x012F012F,0x012F862F,0x542F012F,0x012F112F,0x012F012F,
    0x012F012F,0x012F232F,0xA82F012F,0x012F012F,0x012F012F,0x012F012F,0x012F012F,0x012F012F,
    0x012F012F,0x012F012F,0x012F012F,0x012F012F,0x012F012F,0x012F012F,0x00000000,0x00000000,
    0x00000000,0x00000000,0x012F012F,0x012F012F,0x012F012F,0x012F012F,0x012F012F,0x012F012F,
    0x012F012F,0x012F012F,0x012F012F,0x012F012F,0x012F012F,0x012F012F,0x012F012F,0x012F012F,
    0x012F012F,0x012F012F,0x012F012F,0x012F012F,0x012F012F,0x012F012F,0x00000000,0x00000000,
    0x00000000,0x00000000,0x012F012F,0x012F012F,0x012F012F,0x012F012F,0x012F012F,0x012F012F,
    0x012F012F,0x012F012F,0x012F012F,0x012F012F,0x012F012F,0x012F012F,0x012F012F,0x012F012F,
    0x012F012F,0x012F012F,0x012F012F,0x012F012F,0x012F012F,0x012F012F,0x00000000,0x00000000,
    0x00000000,0x00000000,0x012C012F,0x012F012F,0x012F012F,0x012F012F,0x012F012F,0x012F012F,
    0x012F012F,0x012F012F,0x012F012F,0x012F012F,0x012F012F,0x012F012F,0x012F012F,0x012F012F,
    0x012F012F,0x012F012F,0x012F012F,0x012F012F,0x012F012F,0x012F012C,0x00000000,0x00000000,
    0x00000000,0x00000000,0x0126012F,0x012F012F,0x012F012F,0x012F012F,0x012F012F,0x012F012F,
    0x012F012F,0x012F012F,0x012F012F,0x012F012F,0x012F012F,0x012F012F,0x012F012F,0x012F012F,
    0x012F012F,0x012F012F,0x012F012F,0x012F012F,0x012F012F,0x012F0126,0x00000000,0x00000000,
    0x00000000,0x00000000,0x0220012C,0x012F012F,0x012F012F,0x012F012F,0x012F012F,0x012F012F,
    0x012F012F,0x012F012F,0x012F012F,0x012F012F,0x012F012F,0x012F012F,0x012F012F,0x012F012F,
    0x012F012F,0x012F012F,0x012F012F,0x012F012F,0x012F012F,0x012C0220,0x00000000,0x00000000,
    0x00000000,0x00000000,0x00000121,0x012C012F,0x012F012F,0x012F012F,0x012F012F,0x012F012F,
    0x012F012F,0x012F012F,0x012F012F,0x012F012F,0x012F012F,0x012F012F,0x012F012F,0x012F012F,
    0x012F012F,0x012F012F,0x012F012F,0x012F012F,0x012F012C,0x01210000,0x00000000,0x00000000,
    0x00000000,0x00000000,0x00000000,0x02200126,0x012C012F,0x012F012F,0x012F012F,0x012F012F,
    0x012F012F,0x012F012F,0x012F012F,0x012F012F,0x012F012F,0x012F012F,0x012F012F,0x012F012F,
    0x012F012F,0x012F012F,0x012F012F,0x012F012C,0x01260220,0x00000000,0x00000000,0x00000000,
    0x00000000,0x00000000,0x00000000,0x00000000,0x00000000,0x00000000,0x00000000,0x00000000,
    0x00000000,0x00000000,0x00000000,0x00000000,0x00000000,0x00000000,0x00000000,0x00000000,
    0x00000000,0x00000000,0x00000000,0x00000000,0x00000000,0x00000000,0x00000000,0x00000000,
    0x00000000,0x00000000,0x00000000,0x00000000,0x00000000,0x00000000,0x00000000,0x00000000,
    0x00000000,0x00000000,0x00000000,0x00000000,0x00000000,0x00000000,0x00000000,0x00000000,
    0x00000000,0x00000000,0x00000000,0x00000000,0x00000000,0x00000000,0x00000000,0x00000000,
    0x00000000,0x00000000,0x00000000,0x00000000,0x00000000,0x00000000,0x00000000,0x00000000,
    0x00000000,0x00000000,0x00000000,0x00000000,0x00000000,0x00000000,0x00000000,0x00000000,
    0x00000000,0x00000000,0x00000000,0x00000000,0x00000000,0x00000000,0x00000000,0x00000000,
    0x00000000,0x00000000,0x00000000,0x00000000,0x00000000,0x00000000,0x00000000,0x00000000,
    0x00000000,0x00000000,0x00000000,0x00000000,0x00000000,0x00000000,0x00000000,0x00000000,
    0x00000000,0x00000000,0x00000000,0x00000000,0x00000000,0x00000000,0x00000000,0x00000000,
};
#define PROF_ICON_KERNEL_LOG_SIZE 48

static const uint32_t prof_icon_process_viewer_rgba[] = {
    0x00000000,0x00000000,0x00000000,0x00000000,0x00000000,0x00000000,0x00000000,0x00000000,
    0x00000000,0x00000000,0x00000000,0x00000000,0x00000000,0x00000000,0x00000000,0x00000000,
    0x00000000,0x00000000,0x00000000,0x00000000,0x00000000,0x00000000,0x00000000,0x00000000,
    0x00000000,0x00000000,0x00000000,0x00000000,0x00000000,0x00000000,0x00000000,0x00000000,
    0x00000000,0x00000000,0x00000000,0x00000000,0x00000000,0x00000000,0x00000000,0x00000000,
    0x00000000,0x00000000,0x00000000,0x00000000,0x00000000,0x00000000,0x00000000,0x00000000,
    0x00000000,0x00000000,0x00000000,0x00000000,0x00000000,0x00000000,0x00000000,0x00000000,
    0x00000000,0x00000000,0x00000000,0x00000000,0x00000000,0x00000000,0x00000000,0x00000000,
    0x00000000,0x00000000,0x00000000,0x00000000,0x00000000,0x00000000,0x00000000,0x00000000,
    0x00000000,0x00000000,0x00000000,0x00000000,0x00000000,0x00000000,0x00000000,0x00000000,
    0x00000000,0x00000000,0x00000000,0x00000000,0x00000000,0x00000000,0x00000000,0x00000000,
    0x00000000,0x00000000,0x00000000,0x00000000,0x00000000,0x00000000,0x00000000,0x00000000,
    0x00000000,0x00000000,0x00000000,0x22401236,0x123C123F,0x123F123F,0x123F123F,0x123F123F,
    0x123F123F,0x123F123F,0x123F123F,0x123F123F,0x123F123F,0x123F123F,0x123F123F,0x123F123F,
    0x123F123F,0x123F123F,0x123F123F,0x123F123C,0x12362240,0x00000000,0x00000000,0x00000000,
    0x00000000,0x00000000,0x00001231,0x123D123F,0x123F123F,0x123F123F,0x123F123F,0x123F123F,
    0x123F123F,0x123F123F,0x123F123F,0x123F123F,0x123F123F,0x123F123F,0x123F123F,0x123F123F,
    0x123F123F,0x123F123F,0x123F123F,0x123F123F,0x123F123C,0x12310000,0x00000000,0x00000000,
    0x00000000,0x00000000,0x2240123D,0x123F123F,0x123F123F,0x123F123F,0x123F123F,0x123F123F,
    0x123F123F,0x123F123F,0x123F123F,0x123F123F,0x123F123F,0x123F123F,0x123F123F,0x123F123F,
    0x123F123F,0x123F123F,0x123F123F,0x123F123F,0x123F123F,0x123C2240,0x00000000,0x00000000,
    0x00000000,0x00000000,0x1236123F,0x123F123F,0x123F123F,0x123F123F,0x123F123F,0x123F123F,
    0x123F123F,0x123F123F,0x123F123F,0x123F123F,0x123F123F,0x123F123F,0x123F123F,0x123F123F,
    0x123F123F,0x123F123F,0x123F123F,0x123F123F,0x123F123F,0x123F1236,0x00000000,0x00000000,
    0x00000000,0x00000000,0x123C123F,0x123F123F,0x123F123F,0x123F123F,0x123F123F,0x123F123F,
    0x123F123F,0x123F123F,0x123F123F,0x123F123F,0x123F123F,0x123F123F,0x123F123F,0x123F123F,
    0x123F123F,0x123F123F,0x123F123F,0x123F123F,0x123F123F,0x123F123C,0x00000000,0x00000000,
    0x00000000,0x00000000,0x123F123F,0x123F123F,0x123F123F,0x123F123F,0x123F123F,0x123F123F,
    0x123F123F,0x123F123F,0x123F123F,0x123F123F,0x123F123F,0x123F123F,0x123F123F,0x123F123F,
    0x123F123F,0x123F123F,0x123F123F,0x123F123F,0x123F123F,0x123F123F,0x00000000,0x00000000,
    0x00000000,0x00000000,0x123F123F,0x123F123F,0x123F123F,0x123F123F,0x123F123F,0x123F123F,
    0x123F123F,0x123F265F,0x265F123F,0x123F123F,0x123F123F,0x123F123F,0x123F123F,0x123F123F,
    0x123F123F,0x123F123F,0x123F123F,0x123F123F,0x123F123F,0x123F123F,0x00000000,0x00000000,
    0x00000000,0x00000000,0x123F123F,0x123F123F,0x123F123F,0x123F123F,0x123F123F,0x123F123F,
    0x123F123F,0x265F4D8F,0x4D8F265F,0x123F123F,0x123F123F,0x123F123F,0x123F123F,0x123F123F,
    0x123F123F,0x123F123F,0x123F123F,0x123F123F,0x123F123F,0x123F123F,0x00000000,0x00000000,
    0x00000000,0x00000000,0x123F123F,0x123F123F,0x123F123F,0x123F123F,0x123F123F,0x123F123F,
    0x123F123F,0x396F4D8F,0x4D8F396F,0x123F123F,0x123F123F,0x123F123F,0x123F123F,0x123F123F,
    0x123F123F,0x123F123F,0x123F123F,0x123F123F,0x123F123F,0x123F123F,0x00000000,0x00000000,
    0x00000000,0x00000000,0x123F123F,0x123F123F,0x123F123F,0x123F123F,0x123F123F,0x123F123F,
    0x123F123F,0x4C7F4D8F,0x4D8F4C7F,0x123F123F,0x123F123F,0x123F123F,0x123F123F,0x123F123F,
    0x123F123F,0x123F123F,0x123F123F,0x123F123F,0x123F123F,0x123F123F,0x00000000,0x00000000,
    0x00000000,0x00000000,0x123F123F,0x123F123F,0x123F123F,0x123F123F,0x123F123F,0x123F123F,
    0x123F234F,0x4D8F4D8F,0x4D8F4D8F,0x234F123F,0x123F123F,0x123F123F,0x123F123F,0x123F123F,
    0x123F123F,0x123F123F,0x123F123F,0x123F123F,0x123F123F,0x123F123F,0x00000000,0x00000000,
    0x00000000,0x00000000,0x123F123F,0x123F123F,0x123F123F,0x123F123F,0x123F123F,0x123F123F,
    0x123F265F,0x4D8F4D8F,0x4D8F4D8F,0x265F123F,0x123F123F,0x123F123F,0x123F123F,0x123F123F,
    0x123F123F,0x123F123F,0x123F123F,0x123F123F,0x123F123F,0x123F123F,0x00000000,0x00000000,
    0x00000000,0x00000000,0x123F123F,0x123F123F,0x123F123F,0x123F123F,0x123F123F,0x123F123F,
    0x123F386F,0x4D8F4D8F,0x4D8F4D8F,0x396F123F,0x123F123F,0x123F123F,0x123F123F,0x123F123F,
    0x123F123F,0x123F123F,0x123F123F,0x123F123F,0x123F123F,0x123F123F,0x00000000,0x00000000,
    0x00000000,0x00000000,0x123F123F,0x123F123F,0x123F123F,0x123F123F,0x123F123F,0x123F123F,
    0x123F4B7F,0x4D8F4D8F,0x4D8F4D8F,0x4B7F123F,0x123F123F,0x123F123F,0x123F123F,0x123F123F,
    0x123F123F,0x123F123F,0x123F123F,0x123F123F,0x123F123F,0x123F123F,0x00000000,0x00000000,
    0x00000000,0x00000000,0x123F123F,0x123F123F,0x123F123F,0x123F123F,0x123F123F,0x123F123F,
    0x123F4D7F,0x4D8F4D8F,0x4D7F4D8F,0x4D7F233F,0x123F123F,0x123F123F,0x123F123F,0x123F123F,
    0x123F123F,0x123F123F,0x123F123F,0x123F123F,0x123F123F,0x123F123F,0x00000000,0x00000000,
    0x00000000,0x00000000,0x123F123F,0x123F123F,0x123F123F,0x123F123F,0x123F123F,0x123F123F,
    0x244F4D8F,0x4D8F4C7F,0x4B7F4D8F,0x4D8F254F,0x123F123F,0x123F123F,0x123F123F,0x123F123F,
    0x123F123F,0x123F123F,0x123F123F,0x123F123F,0x123F123F,0x123F123F,0x00000000,0x00000000,
    0x00000000,0x00000000,0x123F123F,0x123F123F,0x123F123F,0x123F123F,0x123F123F,0x123F123F,
    0x375F4D8F,0x4D8F396F,0x396F4D8F,0x4D8F385F,0x123F123F,0x123F123F,0x123F123F,0x123F123F,
    0x123F123F,0x123F123F,0x123F123F,0x123F123F,0x123F123F,0x123F123F,0x00000000,0x00000000,
    0x00000000,0x00000000,0x123F123F,0x123F123F,0x123F123F,0x123F123F,0x123F123F,0x123F123F,
    0x396F4D8F,0x4D8F375F,0x265F4D8F,0x4D8F3A6F,0x123F123F,0x123F123F,0x123F123F,0x123F123F,
    0x123F123F,0x123F123F,0x123F123F,0x123F123F,0x123F123F,0x123F123F,0x00000000,0x00000000,
    0x00000000,0x00000000,0x123F123F,0x123F123F,0x123F123F,0x123F123F,0x123F123F,0x123F123F,
    0x4C7F4D8F,0x4D8F244F,0x234F4D8F,0x4D8F4D7F,0x123F123F,0x123F123F,0x123F265F,0x265F123F,
    0x123F123F,0x123F123F,0x123F123F,0x123F123F,0x123F123F,0x123F123F,0x00000000,0x00000000,
    0x00000000,0x00000000,0x123F123F,0x123F123F,0x123F123F,0x123F123F,0x123F123F,0x123F234F,
    0x4D8F4D8F,0x4D7F123F,0x123F4C7F,0x4D8F4D8F,0x244F123F,0x123F123F,0x265F4D8F,0x4D8F375F,
    0x123F123F,0x123F123F,0x123F123F,0x123F123F,0x123F123F,0x123F123F,0x00000000,0x00000000,
    0x00000000,0x00000000,0x123F123F,0x123F123F,0x123F123F,0x123F123F,0x123F123F,0x123F265F,
    0x4D8F4D8F,0x3B6F123F,0x123F396F,0x4D8F4D8F,0x375F123F,0x123F123F,0x3A6F4D8F,0x4D8F4D7F,
    0x244F123F,0x123F123F,0x123F123F,0x123F123F,0x123F123F,0x123F123F,0x00000000,0x00000000,
    0x00000000,0x00000000,0x123F123F,0x123F123F,0x123F123F,0x123F123F,0x123F123F,0x123F386F,
    0x4D8F4D8F,0x386F123F,0x123F375F,0x4D8F4D8F,0x396F123F,0x123F123F,0x4D7F4D8F,0x4D8F4D8F,
    0x4B7F123F,0x123F123F,0x123F123F,0x123F123F,0x123F123F,0x123F123F,0x00000000,0x00000000,
    0x00000000,0x00000000,0x123F123F,0x123F123F,0x123F123F,0x123F123F,0x123F123F,0x123F4B7F,
    0x4D8F4D8F,0x265F123F,0x123F244F,0x4D8F4D8F,0x4C7F123F,0x123F254F,0x4D8F4D8F,0x4D8F4D8F,
    0x4D8F375F,0x123F123F,0x123F123F,0x123F123F,0x123F123F,0x123F123F,0x00000000,0x00000000,
    0x00000000,0x00000000,0x123F123F,0x123F123F,0x123F123F,0x123F123F,0x123F123F,0x123F4D7F,
    0x4D8F4D8F,0x234F123F,0x123F123F,0x4D7F4D8F,0x4D8F234F,0x123F386F,0x4D8F4D8F,0x4C7F4D8F,
    0x4D8F4D7F,0x244F123F,0x123F123F,0x123F123F,0x123F123F,0x123F123F,0x00000000,0x00000000,
    0x00000000,0x00000000,0x123F265F,0x375F375F,0x375F375F,0x375F375F,0x375F375F,0x386F4D8F,
    0x4D8F4C7F,0x123F123F,0x123F123F,0x3A6F4D8F,0x4D8F265F,0x123F4C7F,0x4D8F4D8F,0x254F4B7F,
    0x4D8F4D8F,0x4B7F375F,0x375F375F,0x375F375F,0x375F375F,0x265F123F,0x00000000,0x00000000,
    0x00000000,0x00000000,0x265F4D8F,0x4D8F4D8F,0x4D8F4D8F,0x4D8F4D8F,0x4D8F4D8F,0x4D8F4D8F,
    0x4D8F396F,0x123F123F,0x123F123F,0x385F4D8F,0x4D8F396F,0x244F4D8F,0x4D8F4D7F,0x123F244F,
    0x4D7F4D8F,0x4D8F4D8F,0x4D8F4D8F,0x4D8F4D8F,0x4D8F4D8F,0x4D8F265F,0x00000000,0x00000000,
    0x00000000,0x00000000,0x265F4D8F,0x4D8F4D8F,0x4D8F4D8F,0x4D8F4D8F,0x4D8F4D8F,0x4D8F4D8F,
    0x4D8F265F,0x123F123F,0x123F123F,0x254F4D8F,0x4D8F4B7F,0x375F4D8F,0x4D8F3A6F,0x123F123F,
    0x375F4D8F,0x4D8F4D8F,0x4D8F4D8F,0x4D8F4D8F,0x4D8F4D8F,0x4D8F265F,0x00000000,0x00000000,
    0x00000000,0x00000000,0x123F265F,0x386F386F,0x386F386F,0x386F386F,0x386F386F,0x386F386F,
    0x265F123F,0x123F123F,0x123F123F,0x233F4D7F,0x4D8F4D7F,0x3B6F4D8F,0x4D8F375F,0x123F123F,
    0x123F265F,0x386F386F,0x386F386F,0x386F386F,0x386F386F,0x265F123F,0x00000000,0x00000000,
    0x00000000,0x00000000,0x123F123F,0x123F123F,0x123F123F,0x123F123F,0x123F123F,0x123F123F,
    0x123F123F,0x123F123F,0x123F123F,0x123F4B7F,0x4D8F4D8F,0x4D8F4D8F,0x4D8F244F,0x123F123F,
    0x123F123F,0x123F123F,0x123F123F,0x123F123F,0x123F123F,0x123F123F,0x00000000,0x00000000,
    0x00000000,0x00000000,0x123F123F,0x123F123F,0x123F123F,0x123F123F,0x123F123F,0x123F123F,
    0x123F123F,0x123F123F,0x123F123F,0x123F396F,0x4D8F4D8F,0x4D8F4D8F,0x4C7F123F,0x123F123F,
    0x123F123F,0x123F123F,0x123F123F,0x123F123F,0x123F123F,0x123F123F,0x00000000,0x00000000,
    0x00000000,0x00000000,0x123F123F,0x123F123F,0x123F123F,0x123F123F,0x123F123F,0x123F123F,
    0x123F123F,0x123F123F,0x123F123F,0x123F265F,0x4D8F4D8F,0x4D8F4D8F,0x386F123F,0x123F123F,
    0x123F123F,0x123F123F,0x123F123F,0x123F123F,0x123F123F,0x123F123F,0x00000000,0x00000000,
    0x00000000,0x00000000,0x123F123F,0x123F123F,0x123F123F,0x123F123F,0x123F123F,0x123F123F,
    0x123F123F,0x123F123F,0x123F123F,0x123F234F,0x4D8F4D8F,0x4D8F4D8F,0x254F123F,0x123F123F,
    0x123F123F,0x123F123F,0x123F123F,0x123F123F,0x123F123F,0x123F123F,0x00000000,0x00000000,
    0x00000000,0x00000000,0x123F123F,0x123F123F,0x123F123F,0x123F123F,0x123F123F,0x123F123F,
    0x123F123F,0x123F123F,0x123F123F,0x123F123F,0x4C7F4D8F,0x4D8F4D7F,0x123F123F,0x123F123F,
    0x123F123F,0x123F123F,0x123F123F,0x123F123F,0x123F123F,0x123F123F,0x00000000,0x00000000,
    0x00000000,0x00000000,0x123F123F,0x123F123F,0x123F123F,0x123F123F,0x123F123F,0x123F123F,
    0x123F123F,0x123F123F,0x123F123F,0x123F123F,0x396F4D8F,0x4D8F3A6F,0x123F123F,0x123F123F,
    0x123F123F,0x123F123F,0x123F123F,0x123F123F,0x123F123F,0x123F123F,0x00000000,0x00000000,
    0x00000000,0x00000000,0x123F123F,0x123F123F,0x123F123F,0x123F123F,0x123F123F,0x123F123F,
    0x123F123F,0x123F123F,0x123F123F,0x123F123F,0x265F4D8F,0x4D8F265F,0x123F123F,0x123F123F,
    0x123F123F,0x123F123F,0x123F123F,0x123F123F,0x123F123F,0x123F123F,0x00000000,0x00000000,
    0x00000000,0x00000000,0x123C123F,0x123F123F,0x123F123F,0x123F123F,0x123F123F,0x123F123F,
    0x123F123F,0x123F123F,0x123F123F,0x123F123F,0x123F265F,0x265F123F,0x123F123F,0x123F123F,
    0x123F123F,0x123F123F,0x123F123F,0x123F123F,0x123F123F,0x123F123C,0x00000000,0x00000000,
    0x00000000,0x00000000,0x1236123F,0x123F123F,0x123F123F,0x123F123F,0x123F123F,0x123F123F,
    0x123F123F,0x123F123F,0x123F123F,0x123F123F,0x123F123F,0x123F123F,0x123F123F,0x123F123F,
    0x123F123F,0x123F123F,0x123F123F,0x123F123F,0x123F123F,0x123F1236,0x00000000,0x00000000,
    0x00000000,0x00000000,0x2240123C,0x123F123F,0x123F123F,0x123F123F,0x123F123F,0x123F123F,
    0x123F123F,0x123F123F,0x123F123F,0x123F123F,0x123F123F,0x123F123F,0x123F123F,0x123F123F,
    0x123F123F,0x123F123F,0x123F123F,0x123F123F,0x123F123F,0x123C2220,0x00000000,0x00000000,
    0x00000000,0x00000000,0x00001231,0x123C123F,0x123F123F,0x123F123F,0x123F123F,0x123F123F,
    0x123F123F,0x123F123F,0x123F123F,0x123F123F,0x123F123F,0x123F123F,0x123F123F,0x123F123F,
    0x123F123F,0x123F123F,0x123F123F,0x123F123F,0x123F123C,0x12310000,0x00000000,0x00000000,
    0x00000000,0x00000000,0x00000000,0x22201236,0x123C123F,0x123F123F,0x123F123F,0x123F123F,
    0x123F123F,0x123F123F,0x123F123F,0x123F123F,0x123F123F,0x123F123F,0x123F123F,0x123F123F,
    0x123F123F,0x123F123F,0x123F123F,0x123F123C,0x12362220,0x00000000,0x00000000,0x00000000,
    0x00000000,0x00000000,0x00000000,0x00000000,0x00000000,0x00000000,0x00000000,0x00000000,
    0x00000000,0x00000000,0x00000000,0x00000000,0x00000000,0x00000000,0x00000000,0x00000000,
    0x00000000,0x00000000,0x00000000,0x00000000,0x00000000,0x00000000,0x00000000,0x00000000,
    0x00000000,0x00000000,0x00000000,0x00000000,0x00000000,0x00000000,0x00000000,0x00000000,
    0x00000000,0x00000000,0x00000000,0x00000000,0x00000000,0x00000000,0x00000000,0x00000000,
    0x00000000,0x00000000,0x00000000,0x00000000,0x00000000,0x00000000,0x00000000,0x00000000,
    0x00000000,0x00000000,0x00000000,0x00000000,0x00000000,0x00000000,0x00000000,0x00000000,
    0x00000000,0x00000000,0x00000000,0x00000000,0x00000000,0x00000000,0x00000000,0x00000000,
    0x00000000,0x00000000,0x00000000,0x00000000,0x00000000,0x00000000,0x00000000,0x00000000,
    0x00000000,0x00000000,0x00000000,0x00000000,0x00000000,0x00000000,0x00000000,0x00000000,
    0x00000000,0x00000000,0x00000000,0x00000000,0x00000000,0x00000000,0x00000000,0x00000000,
    0x00000000,0x00000000,0x00000000,0x00000000,0x00000000,0x00000000,0x00000000,0x00000000,
};
#define PROF_ICON_PROCESS_VIEWER_SIZE 48

static const uint32_t prof_icon_edim_rgba[] = {
    0x00000000,0x00000000,0x00000000,0x00000000,0x00000000,0x00000000,0x00000000,0x00000000,
    0x00000000,0x00000000,0x00000000,0x00000000,0x00000000,0x00000000,0x00000000,0x00000000,
    0x00000000,0x00000000,0x00000000,0x00000000,0x00000000,0x00000000,0x00000000,0x00000000,
    0x00000000,0x00000000,0x00000000,0x00000000,0x00000000,0x00000000,0x00000000,0x00000000,
    0x00000000,0x00000000,0x00000000,0x00000000,0x00000000,0x00000000,0x00000000,0x00000000,
    0x00000000,0x00000000,0x00000000,0x00000000,0x00000000,0x00000000,0x00000000,0x00000000,
    0x00000000,0x00000000,0x00000000,0x00000000,0x00000000,0x00000000,0x00000000,0x00000000,
    0x00000000,0x00000000,0x00000000,0x00000000,0x00000000,0x00000000,0x00000000,0x00000000,
    0x00000000,0x00000000,0x00000000,0x00000000,0x00000000,0x00000000,0x00000000,0x00000000,
    0x00000000,0x00000000,0x00000000,0x00000000,0x00000000,0x00000000,0x00000000,0x00000000,
    0x00000000,0x00000000,0x00000000,0x00000000,0x00000000,0x00000000,0x00000000,0x00000000,
    0x00000000,0x00000000,0x00000000,0x00000000,0x00000000,0x00000000,0x00000000,0x00000000,
    0x00000000,0x00000000,0x00000000,0x00000000,0x00000000,0x00000000,0x00000000,0x00000000,
    0x00000000,0x00000000,0x00000000,0x00000000,0x00000000,0x00000000,0x00000000,0x00000000,
    0x00000000,0x00000000,0x00000000,0x00000000,0x00000000,0x00000000,0x00000000,0x00000000,
    0x00000000,0x00000000,0x00000000,0x00000000,0x00000000,0x00000000,0x00000000,0x00000000,
    0x00000000,0x00000000,0x00000000,0x00000000,0x00000000,0x00000000,0x00000000,0x00000000,
    0x00000000,0x00000000,0x00000000,0x00000000,0x00000000,0x00000000,0x00000000,0x00000000,
    0x00000000,0x00000000,0x00000000,0x0000A8F1,0xA8FAA8FF,0xA8FFA8FF,0xA8FFA8FF,0xA8FFA8FF,
    0xA8FFA8FF,0xA8FFA8FA,0xA8F20000,0x00000000,0x00000000,0x0000F7B1,0xF7BAF7BF,0xF7BFF7BF,
    0xF7BFF7BF,0xF7BFF7BF,0xF7BFF7BF,0xF7BFF7BA,0xF6B20000,0x00000000,0x00000000,0x00000000,
    0x00000000,0x00000000,0x00000000,0xA8F1A8FE,0xA8FFA8FF,0xA8FFA8FF,0xA8FFA8FF,0xA8FFA8FF,
    0xA8FFA8FF,0xA8FFA8FF,0xA8FEA8F1,0x00000000,0x00000000,0xF7B1F7BE,0xF7BFF7BF,0xF7BFF7BF,
    0xF7BFF7BF,0xF7BFF7BF,0xF7BFF7BF,0xF7BFF7BF,0xF7BEF7B1,0x00000000,0x00000000,0x00000000,
    0x00000000,0x00000000,0x00000000,0xA8FAA8FF,0xA8FFA8FF,0xA8FFA8FF,0xA8FFA8FF,0xA8FFA8FF,
    0xA8FFA8FF,0xA8FFA8FF,0xA8FFA8FA,0x00000000,0x00000000,0xF7BAF7BF,0xF7BFF7BF,0xF7BFF7BF,
    0xF7BFF7BF,0xF7BFF7BF,0xF7BFF7BF,0xF7BFF7BF,0xF7BFF7BA,0x00000000,0x00000000,0x00000000,
    0x00000000,0x00000000,0x00000000,0xA8FFA8FF,0xA8FFA8FF,0xA8FFA8FF,0xA8FFA8FF,0xA8FFA8FF,
    0xA8FFA8FF,0xA8FFA8FF,0xA8FFA8FF,0x00000000,0x00000000,0xF7BFF7BF,0xF7BFF7BF,0xF7BFF7BF,
    0xF7BFF7BF,0xF7BFF7BF,0xF7BFF7BF,0xF7BFF7BF,0xF7BFF7BF,0x00000000,0x00000000,0x00000000,
    0x00000000,0x00000000,0x00000000,0xA8FFA8FF,0xA8FFA8FF,0xA8FFA8FF,0xA8FFA8FF,0xA8FFA8FF,
    0xA8FFA8FF,0xA8FFA8FF,0xA8FFA8FF,0x00000000,0x00000000,0xF7BFF7BF,0xF7BFF7BF,0xF7BFF7BF,
    0xF7BFF7BF,0xF7BFF7BF,0xF7BFF7BF,0xF7BFF7BF,0xF7BFF7BF,0x00000000,0x00000000,0x00000000,
    0x00000000,0x00000000,0x00000000,0xA8FFA8FF,0xA8FFA8FF,0xA8FFA8FF,0xA8FFA8FF,0xA8FFA8FF,
    0xA8FFA8FF,0xA8FFA8FF,0xA8FFA8FF,0x00000000,0x00000000,0xF7BFF7BF,0xF7BFF7BF,0xF7BFF7BF,
    0xF7BFF7BF,0xF7BFF7BF,0xF7BFF7BF,0xF7BFF7BF,0xF7BFF7BF,0x00000000,0x00000000,0x00000000,
    0x00000000,0x00000000,0x00000000,0xA8FFA8FF,0xA8FFA8FF,0xA8FFA8FF,0xA8FFA8FF,0xA8FFA8FF,
    0xA8FFA8FF,0xA8FFA8FF,0xA8FFA8FF,0x00000000,0x00000000,0xF7BFF7BF,0xF7BFF7BF,0xF7BFF7BF,
    0xF7BFF7BF,0xF7BFF7BF,0xF7BFF7BF,0xF7BFF7BF,0xF7BFF7BF,0x00000000,0x00000000,0x00000000,
    0x00000000,0x00000000,0x00000000,0xA8FFA8FF,0xA8FFA8FF,0xA8FFA8FF,0xA8FFA8FF,0xA8FFA8FF,
    0xA8FFA8FF,0xA8FFA8FF,0xA8FFA8FF,0x00000000,0x00000000,0xF7BFF7BF,0xF7BFF7BF,0xF7BFF7BF,
    0xF7BFF7BF,0xF7BFF7BF,0xF7BFF7BF,0xF7BFF7BF,0xF7BFF7BF,0x00000000,0x00000000,0x00000000,
    0x00000000,0x00000000,0x00000000,0xA8FFA8FF,0xA8FFA8FF,0xA8FFA8FF,0xA8FFA8FF,0xA8FFA8FF,
    0xA8FFA8FF,0xA8FFA8FF,0xA8FFA8FF,0x00000000,0x00000000,0xF7BFF7BF,0xF7BFF7BF,0xF7BFF7BF,
    0xF7BFF7BF,0xF7BFF7BF,0xF7BFF7BF,0xF7BFF7BF,0xF7BFF7BF,0x00000000,0x00000000,0x00000000,
    0x00000000,0x00000000,0x00000000,0xA8FFA8FF,0xA8FFA8FF,0xA8FFA8FF,0xA8FFA8FF,0xA8FFA8FF,
    0xA8FFA8FF,0xA8FFA8FF,0xA8FFA8FF,0x00000000,0x00000000,0xF7BFF7BF,0xF7BFF7BF,0xF7BFF7BF,
    0xF7BFF7BF,0xF7BFF7BF,0xF7BFF7BF,0xF7BFF7BF,0xF7BFF7BF,0x00000000,0x00000000,0x00000000,
    0x00000000,0x00000000,0x00000000,0xA8FFA8FF,0xA8FFA8FF,0xA8FFA8FF,0xA8FFA8FF,0xA8FFA8FF,
    0xA8FFA8FF,0xA8FFA8FF,0xA8FFA8FF,0x00000000,0x00000000,0xF7BFF7BF,0xF7BFF7BF,0xF7BFF7BF,
    0xF7BFF7BF,0xF7BFF7BF,0xF7BFF7BF,0xF7BFF7BF,0xF7BFF7BF,0x00000000,0x00000000,0x00000000,
    0x00000000,0x00000000,0x00000000,0xA8FFA8FF,0xA8FFA8FF,0xA8FFA8FF,0xA8FFA8FF,0xA8FFA8FF,
    0xA8FFA8FF,0xA8FFA8FF,0xA8FFA8FF,0x00000000,0x00000000,0xF7BFF7BF,0xF7BFF7BF,0xF7BFF7BF,
    0xF7BFF7BF,0xF7BFF7BF,0xF7BFF7BF,0xF7BFF7BF,0xF7BFF7BF,0x00000000,0x00000000,0x00000000,
    0x00000000,0x00000000,0x00000000,0xA8FFA8FF,0xA8FFA8FF,0xA8FFA8FF,0xA8FFA8FF,0xA8FFA8FF,
    0xA8FFA8FF,0xA8FFA8FF,0xA8FFA8FF,0x00000000,0x00000000,0xF7BFF7BF,0xF7BFF7BF,0xF7BFF7BF,
    0xF7BFF7BF,0xF7BFF7BF,0xF7BFF7BF,0xF7BFF7BF,0xF7BFF7BF,0x00000000,0x00000000,0x00000000,
    0x00000000,0x00000000,0x00000000,0xA8FAA8FF,0xA8FFA8FF,0xA8FFA8FF,0xA8FFA8FF,0xA8FFA8FF,
    0xA8FFA8FF,0xA8FFA8FF,0xA8FFA8FA,0x00000000,0x00000000,0xF7BAF7BF,0xF7BFF7BF,0xF7BFF7BF,
    0xF7BFF7BF,0xF7BFF7BF,0xF7BFF7BF,0xF7BFF7BF,0xF7BFF7BA,0x00000000,0x00000000,0x00000000,
    0x00000000,0x00000000,0x00000000,0xA8F2A8FE,0xA8FFA8FF,0xA8FFA8FF,0xA8FFA8FF,0xA8FFA8FF,
    0xA8FFA8FF,0xA8FFA8FF,0xA8FEA8F1,0x00000000,0x00000000,0xF6B2F7BE,0xF7BFF7BF,0xF7BFF7BF,
    0xF7BFF7BF,0xF7BFF7BF,0xF7BFF7BF,0xF7BFF7BF,0xF7BEF7B1,0x00000000,0x00000000,0x00000000,
    0x00000000,0x00000000,0x00000000,0x0000A8F1,0xA8FAA8FF,0xA8FFA8FF,0xA8FFA8FF,0xA8FFA8FF,
    0xA8FFA8FF,0xA8FFA8FA,0xA8F10000,0x00000000,0x00000000,0x0000F7B1,0xF7BAF7BF,0xF7BFF7BF,
    0xF7BFF7BF,0xF7BFF7BF,0xF7BFF7BF,0xF7BFF7BA,0xF7B10000,0x00000000,0x00000000,0x00000000,
    0x00000000,0x00000000,0x00000000,0x00000000,0x00000000,0x00000000,0x00000000,0x00000000,
    0x00000000,0x00000000,0x00000000,0x00000000,0x00000000,0x00000000,0x00000000,0x00000000,
    0x00000000,0x00000000,0x00000000,0x00000000,0x00000000,0x00000000,0x00000000,0x00000000,
    0x00000000,0x00000000,0x00000000,0x00000000,0x00000000,0x00000000,0x00000000,0x00000000,
    0x00000000,0x00000000,0x00000000,0x00000000,0x00000000,0x00000000,0x00000000,0x00000000,
    0x00000000,0x00000000,0x00000000,0x00000000,0x00000000,0x00000000,0x00000000,0x00000000,
    0x00000000,0x00000000,0x00000000,0x00000000,0x00000000,0x00000000,0x00000000,0x00000000,
    0x00000000,0x00000000,0x00000000,0x00000000,0x00000000,0x00000000,0x00000000,0x00000000,
    0x00000000,0x00000000,0x00000000,0x00000000,0x00000000,0x00000000,0x00000000,0x00000000,
    0x00000000,0x00000000,0x00000000,0x00000000,0x00000000,0x00000000,0x00000000,0x00000000,
    0x00000000,0x00000000,0x00000000,0x00000000,0x00000000,0x00000000,0x00000000,0x00000000,
    0x00000000,0x00000000,0x00000000,0x00000000,0x00000000,0x00000000,0x00000000,0x00000000,
    0x00000000,0x00000000,0x00000000,0x00003BF1,0x3BFA3BFF,0x3BFF3BFF,0x3BFF3BFF,0x3BFF3BFF,
    0x3BFF3BFF,0x3BFF3BFA,0x3BF20000,0x00000000,0x00000000,0x00004D81,0x4D8A4D8F,0x4D8F4D8F,
    0x4D8F4D8F,0x4D8F4D8F,0x4D8F4D8F,0x4D8F4D8A,0x4D820000,0x00000000,0x00000000,0x00000000,
    0x00000000,0x00000000,0x00000000,0x3BF13BFE,0x3BFF3BFF,0x3BFF3BFF,0x3BFF3BFF,0x3BFF3BFF,
    0x3BFF3BFF,0x3BFF3BFF,0x3BFE3BF1,0x00000000,0x00000000,0x4D814D8E,0x4D8F4D8F,0x4D8F4D8F,
    0x4D8F4D8F,0x4D8F4D8F,0x4D8F4D8F,0x4D8F4D8F,0x4D8E4D81,0x00000000,0x00000000,0x00000000,
    0x00000000,0x00000000,0x00000000,0x3BFA3BFF,0x3BFF3BFF,0x3BFF3BFF,0x3BFF3BFF,0x3BFF3BFF,
    0x3BFF3BFF,0x3BFF3BFF,0x3BFF3BFA,0x00000000,0x00000000,0x4D8A4D8F,0x4D8F4D8F,0x4D8F4D8F,
    0x4D8F4D8F,0x4D8F4D8F,0x4D8F4D8F,0x4D8F4D8F,0x4D8F4D8A,0x00000000,0x00000000,0x00000000,
    0x00000000,0x00000000,0x00000000,0x3BFF3BFF,0x3BFF3BFF,0x3BFF3BFF,0x3BFF3BFF,0x3BFF3BFF,
    0x3BFF3BFF,0x3BFF3BFF,0x3BFF3BFF,0x00000000,0x00000000,0x4D8F4D8F,0x4D8F4D8F,0x4D8F4D8F,
    0x4D8F4D8F,0x4D8F4D8F,0x4D8F4D8F,0x4D8F4D8F,0x4D8F4D8F,0x00000000,0x00000000,0x00000000,
    0x00000000,0x00000000,0x00000000,0x3BFF3BFF,0x3BFF3BFF,0x3BFF3BFF,0x3BFF3BFF,0x3BFF3BFF,
    0x3BFF3BFF,0x3BFF3BFF,0x3BFF3BFF,0x00000000,0x00000000,0x4D8F4D8F,0x4D8F4D8F,0x4D8F4D8F,
    0x4D8F4D8F,0x4D8F4D8F,0x4D8F4D8F,0x4D8F4D8F,0x4D8F4D8F,0x00000000,0x00000000,0x00000000,
    0x00000000,0x00000000,0x00000000,0x3BFF3BFF,0x3BFF3BFF,0x3BFF3BFF,0x3BFF3BFF,0x3BFF3BFF,
    0x3BFF3BFF,0x3BFF3BFF,0x3BFF3BFF,0x00000000,0x00000000,0x4D8F4D8F,0x4D8F4D8F,0x4D8F4D8F,
    0x4D8F4D8F,0x4D8F4D8F,0x4D8F4D8F,0x4D8F4D8F,0x4D8F4D8F,0x00000000,0x00000000,0x00000000,
    0x00000000,0x00000000,0x00000000,0x3BFF3BFF,0x3BFF3BFF,0x3BFF3BFF,0x3BFF3BFF,0x3BFF3BFF,
    0x3BFF3BFF,0x3BFF3BFF,0x3BFF3BFF,0x00000000,0x00000000,0x4D8F4D8F,0x4D8F4D8F,0x4D8F4D8F,
    0x4D8F4D8F,0x4D8F4D8F,0x4D8F4D8F,0x4D8F4D8F,0x4D8F4D8F,0x00000000,0x00000000,0x00000000,
    0x00000000,0x00000000,0x00000000,0x3BFF3BFF,0x3BFF3BFF,0x3BFF3BFF,0x3BFF3BFF,0x3BFF3BFF,
    0x3BFF3BFF,0x3BFF3BFF,0x3BFF3BFF,0x00000000,0x00000000,0x4D8F4D8F,0x4D8F4D8F,0x4D8F4D8F,
    0x4D8F4D8F,0x4D8F4D8F,0x4D8F4D8F,0x4D8F4D8F,0x4D8F4D8F,0x00000000,0x00000000,0x00000000,
    0x00000000,0x00000000,0x00000000,0x3BFF3BFF,0x3BFF3BFF,0x3BFF3BFF,0x3BFF3BFF,0x3BFF3BFF,
    0x3BFF3BFF,0x3BFF3BFF,0x3BFF3BFF,0x00000000,0x00000000,0x4D8F4D8F,0x4D8F4D8F,0x4D8F4D8F,
    0x4D8F4D8F,0x4D8F4D8F,0x4D8F4D8F,0x4D8F4D8F,0x4D8F4D8F,0x00000000,0x00000000,0x00000000,
    0x00000000,0x00000000,0x00000000,0x3BFF3BFF,0x3BFF3BFF,0x3BFF3BFF,0x3BFF3BFF,0x3BFF3BFF,
    0x3BFF3BFF,0x3BFF3BFF,0x3BFF3BFF,0x00000000,0x00000000,0x4D8F4D8F,0x4D8F4D8F,0x4D8F4D8F,
    0x4D8F4D8F,0x4D8F4D8F,0x4D8F4D8F,0x4D8F4D8F,0x4D8F4D8F,0x00000000,0x00000000,0x00000000,
    0x00000000,0x00000000,0x00000000,0x3BFF3BFF,0x3BFF3BFF,0x3BFF3BFF,0x3BFF3BFF,0x3BFF3BFF,
    0x3BFF3BFF,0x3BFF3BFF,0x3BFF3BFF,0x00000000,0x00000000,0x4D8F4D8F,0x4D8F4D8F,0x4D8F4D8F,
    0x4D8F4D8F,0x4D8F4D8F,0x4D8F4D8F,0x4D8F4D8F,0x4D8F4D8F,0x00000000,0x00000000,0x00000000,
    0x00000000,0x00000000,0x00000000,0x3BFF3BFF,0x3BFF3BFF,0x3BFF3BFF,0x3BFF3BFF,0x3BFF3BFF,
    0x3BFF3BFF,0x3BFF3BFF,0x3BFF3BFF,0x00000000,0x00000000,0x4D8F4D8F,0x4D8F4D8F,0x4D8F4D8F,
    0x4D8F4D8F,0x4D8F4D8F,0x4D8F4D8F,0x4D8F4D8F,0x4D8F4D8F,0x00000000,0x00000000,0x00000000,
    0x00000000,0x00000000,0x00000000,0x3BFF3BFF,0x3BFF3BFF,0x3BFF3BFF,0x3BFF3BFF,0x3BFF3BFF,
    0x3BFF3BFF,0x3BFF3BFF,0x3BFF3BFF,0x00000000,0x00000000,0x4D8F4D8F,0x4D8F4D8F,0x4D8F4D8F,
    0x4D8F4D8F,0x4D8F4D8F,0x4D8F4D8F,0x4D8F4D8F,0x4D8F4D8F,0x00000000,0x00000000,0x00000000,
    0x00000000,0x00000000,0x00000000,0x3BFA3BFF,0x3BFF3BFF,0x3BFF3BFF,0x3BFF3BFF,0x3BFF3BFF,
    0x3BFF3BFF,0x3BFF3BFF,0x3BFF3BFA,0x00000000,0x00000000,0x4D8A4D8F,0x4D8F4D8F,0x4D8F4D8F,
    0x4D8F4D8F,0x4D8F4D8F,0x4D8F4D8F,0x4D8F4D8F,0x4D8F4D8A,0x00000000,0x00000000,0x00000000,
    0x00000000,0x00000000,0x00000000,0x3BF23BFE,0x3BFF3BFF,0x3BFF3BFF,0x3BFF3BFF,0x3BFF3BFF,
    0x3BFF3BFF,0x3BFF3BFF,0x3BFE3BF1,0x00000000,0x00000000,0x4D824D8E,0x4D8F4D8F,0x4D8F4D8F,
    0x4D8F4D8F,0x4D8F4D8F,0x4D8F4D8F,0x4D8F4D8F,0x4D8E4D81,0x00000000,0x00000000,0x00000000,
    0x00000000,0x00000000,0x00000000,0x00003BF1,0x3BFA3BFF,0x3BFF3BFF,0x3BFF3BFF,0x3BFF3BFF,
    0x3BFF3BFF,0x3BFF3BFA,0x3BF10000,0x00000000,0x00000000,0x00004D81,0x4D8A4D8F,0x4D8F4D8F,
    0x4D8F4D8F,0x4D8F4D8F,0x4D8F4D8F,0x4D8F4D8A,0x4D810000,0x00000000,0x00000000,0x00000000,
    0x00000000,0x00000000,0x00000000,0x00000000,0x00000000,0x00000000,0x00000000,0x00000000,
    0x00000000,0x00000000,0x00000000,0x00000000,0x00000000,0x00000000,0x00000000,0x00000000,
    0x00000000,0x00000000,0x00000000,0x00000000,0x00000000,0x00000000,0x00000000,0x00000000,
    0x00000000,0x00000000,0x00000000,0x00000000,0x00000000,0x00000000,0x00000000,0x00000000,
    0x00000000,0x00000000,0x00000000,0x00000000,0x00000000,0x00000000,0x00000000,0x00000000,
    0x00000000,0x00000000,0x00000000,0x00000000,0x00000000,0x00000000,0x00000000,0x00000000,
    0x00000000,0x00000000,0x00000000,0x00000000,0x00000000,0x00000000,0x00000000,0x00000000,
    0x00000000,0x00000000,0x00000000,0x00000000,0x00000000,0x00000000,0x00000000,0x00000000,
    0x00000000,0x00000000,0x00000000,0x00000000,0x00000000,0x00000000,0x00000000,0x00000000,
    0x00000000,0x00000000,0x00000000,0x00000000,0x00000000,0x00000000,0x00000000,0x00000000,
    0x00000000,0x00000000,0x00000000,0x00000000,0x00000000,0x00000000,0x00000000,0x00000000,
    0x00000000,0x00000000,0x00000000,0x00000000,0x00000000,0x00000000,0x00000000,0x00000000,
    0x00000000,0x00000000,0x00000000,0x00000000,0x00000000,0x00000000,0x00000000,0x00000000,
    0x00000000,0x00000000,0x00000000,0x00000000,0x00000000,0x00000000,0x00000000,0x00000000,
    0x00000000,0x00000000,0x00000000,0x00000000,0x00000000,0x00000000,0x00000000,0x00000000,
    0x00000000,0x00000000,0x00000000,0x00000000,0x00000000,0x00000000,0x00000000,0x00000000,
    0x00000000,0x00000000,0x00000000,0x00000000,0x00000000,0x00000000,0x00000000,0x00000000,
    0x00000000,0x00000000,0x00000000,0x00000000,0x00000000,0x00000000,0x00000000,0x00000000,
};
#define PROF_ICON_BDIM_SIZE 48

static const uint32_t prof_icon_mandelbrot_rgba[] = {
    0x00000000,0x00000000,0x00000000,0x00000000,0x00000000,0x00000000,0x00000000,0x00000000,
    0x00000000,0x00000000,0x00000000,0x00000000,0x00000000,0x00000000,0x00000000,0x00000000,
    0x00000000,0x00000000,0x00000000,0x00000000,0x00000000,0x00000000,0x00000000,0x00000000,
    0x00000000,0x00000000,0x00000000,0x00000000,0x00000000,0x00000000,0x00000000,0x00000000,
    0x00000000,0x00000000,0x00000000,0x00000000,0x00000000,0x00000000,0x00000000,0x00000000,
    0x00000000,0x00000000,0x00000000,0x00000000,0x00000000,0x00000000,0x00000000,0x00000000,
    0x00000000,0x00000000,0x00000000,0x00000000,0x00000000,0x00000000,0x00000000,0x00000000,
    0x00000000,0x00000000,0x00000000,0x00000000,0x00000000,0x00000000,0x00000000,0x00000000,
    0x00000000,0x00000000,0x00000000,0x00000000,0x00000000,0x00000000,0x00000000,0x00000000,
    0x00000000,0x00000000,0x00000000,0x00000000,0x00000000,0x00000000,0x00000000,0x00000000,
    0x00000000,0x00000000,0x00000000,0x00000000,0x00000000,0x00000000,0x00000000,0x00000000,
    0x00000000,0x00000000,0x00000000,0x00000000,0x00000000,0x00000000,0x00000000,0x00000000,
    0x00000000,0x00000000,0x00000000,0x00200016,0x001C001F,0x001F001F,0x001F001F,0x001F001F,
    0x001F001F,0x001F001F,0x001F001F,0x001F001F,0x001F001F,0x001F001F,0x001F001F,0x001F001F,
    0x001F001F,0x001F001F,0x001F001F,0x001F001C,0x00160020,0x00000000,0x00000000,0x00000000,
    0x00000000,0x00000000,0x00000011,0x001D001F,0x001F001F,0x001F001F,0x001F001F,0x001F001F,
    0x001F001F,0x001F001F,0x001F001F,0x001F001F,0x001F001F,0x001F001F,0x001F001F,0x001F001F,
    0x001F001F,0x001F001F,0x001F001F,0x001F001F,0x001F001C,0x00110000,0x00000000,0x00000000,
    0x00000000,0x00000000,0x0020001D,0x001F001F,0x001F001F,0x001F001F,0x001F001F,0x001F001F,
    0x001F001F,0x001F001F,0x001F001F,0x001F001F,0x001F001F,0x001F001F,0x001F001F,0x001F001F,
    0x001F001F,0x001F001F,0x001F001F,0x001F001F,0x001F001F,0x001C0020,0x00000000,0x00000000,
    0x00000000,0x00000000,0x0016001F,0x001F001F,0x001F001F,0x001F001F,0x001F001F,0x001F001F,
    0x001F001F,0x001F001F,0x001F001F,0x001F001F,0x001F001F,0x001F001F,0x001F001F,0x001F001F,
    0x001F001F,0x001F001F,0x001F001F,0x001F001F,0x001F001F,0x001F0016,0x00000000,0x00000000,
    0x00000000,0x00000000,0x001C001F,0x001F001F,0x001F001F,0x001F001F,0x001F001F,0x001F001F,
    0x001F001F,0x001F001F,0x001F001F,0x001F001F,0x001F001F,0x001F001F,0x001F001F,0x001F001F,
    0x001F001F,0x001F001F,0x001F001F,0x001F001F,0x001F001F,0x001F001C,0x00000000,0x00000000,
    0x00000000,0x00000000,0x001F001F,0x001F001F,0x001F001F,0x001F001F,0x001F001F,0x001F001F,
    0x001F001F,0x001F001F,0x001F001F,0x001F001F,0x001F001F,0x001F001F,0x001F001F,0x001F001F,
    0x001F001F,0x001F001F,0x001F001F,0x001F001F,0x001F001F,0x001F001F,0x00000000,0x00000000,
    0x00000000,0x00000000,0x001F001F,0x001F001F,0x001F001F,0x001F001F,0x001F001F,0x001F001F,
    0x001F001F,0x001F102F,0x205F317F,0x418F419F,0x419F418F,0x317F205F,0x102F001F,0x001F001F,
    0x001F001F,0x001F001F,0x001F001F,0x001F001F,0x001F001F,0x001F001F,0x00000000,0x00000000,
    0x00000000,0x00000000,0x001F001F,0x001F001F,0x001F001F,0x001F001F,0x001F001F,0x001F001F,
    0x001F203F,0x418F419F,0x419F419F,0x419F419F,0x419F419F,0x419F419F,0x419F418F,0x203F001F,
    0x001F001F,0x001F001F,0x001F001F,0x001F001F,0x001F001F,0x001F001F,0x00000000,0x00000000,
    0x00000000,0x00000000,0x001F001F,0x001F001F,0x001F001F,0x001F001F,0x001F001F,0x001F102F,
    0x317F419F,0x419F419F,0x419F419F,0x419F419F,0x419F419F,0x419F419F,0x419F419F,0x419F317F,
    0x102F001F,0x001F001F,0x001F001F,0x001F001F,0x001F001F,0x001F001F,0x00000000,0x00000000,
    0x00000000,0x00000000,0x001F001F,0x001F001F,0x001F001F,0x001F001F,0x001F001F,0x103F418F,
    0x419F419F,0x419F419F,0x419F419F,0x419F419F,0x419F419F,0x419F419F,0x419F419F,0x419F419F,
    0x418F103F,0x001F001F,0x001F001F,0x001F001F,0x001F001F,0x001F001F,0x00000000,0x00000000,
    0x00000000,0x00000000,0x001F001F,0x001F001F,0x001F001F,0x001F001F,0x001F103F,0x419F419F,
    0x419F419F,0x419F419F,0x419F419F,0x419F419F,0x419F419F,0x419F419F,0x419F419F,0x419F419F,
    0x419F419F,0x103F001F,0x001F001F,0x001F001F,0x001F001F,0x001F001F,0x00000000,0x00000000,
    0x00000000,0x00000000,0x001F001F,0x001F001F,0x001F001F,0x001F001F,0x102F418F,0x419F419F,
    0x419F419F,0x419F419F,0x419F419F,0x419F419F,0x419F419F,0x419F419F,0x419F419F,0x419F419F,
    0x419F419F,0x418F102F,0x001F001F,0x001F001F,0x001F001F,0x001F001F,0x00000000,0x00000000,
    0x00000000,0x00000000,0x001F001F,0x001F001F,0x001F001F,0x001F001F,0x527FA39F,0xD49FE49F,
    0xE49FD49F,0xA39F629F,0x419F419F,0x419F419F,0x419F419F,0x419F419F,0x419F419F,0x419F419F,
    0x419F419F,0x419F317F,0x001F001F,0x001F001F,0x001F001F,0x001F001F,0x00000000,0x00000000,
    0x00000000,0x00000000,0x001F001F,0x001F001F,0x001F001F,0x101F927F,0xE49FE49F,0xE49FE49F,
    0xE49FE49F,0xE49FE49F,0xA39F519F,0x419F419F,0x419F419F,0x419F419F,0x419F419F,0x419F419F,
    0x419F419F,0x419F419F,0x203F001F,0x001F001F,0x001F001F,0x001F001F,0x00000000,0x00000000,
    0x00000000,0x00000000,0x001F001F,0x001F001F,0x001F101F,0xB37FE49F,0xE49FE49F,0xE49FE49F,
    0xE49FE49F,0xE49FE49F,0xE49FC39F,0x519F419F,0x419F419F,0x419F419F,0x419F419F,0x419F419F,
    0x419F419F,0x419F419F,0x418F001F,0x001F001F,0x001F001F,0x001F001F,0x00000000,0x00000000,
    0x00000000,0x00000000,0x001F001F,0x001F001F,0x001F926F,0xE49FE49F,0xE49FE49F,0xE49FE49F,
    0xE49FE49F,0xE49FE49F,0xE49FE49F,0xA39F419F,0x419F419F,0x419F419F,0x419F44BF,0x39EF3BFF,
    0x3BFF39DF,0x44BF419F,0x419F102F,0x001F001F,0x001F001F,0x001F001F,0x00000000,0x00000000,
    0x00000000,0x00000000,0x001F001F,0x001F211F,0xB82FFB2F,0xFB2FF94F,0xE58FE49F,0xE49FE49F,
    0xE49FE49F,0xE49FE49F,0xE49FE49F,0xE49F629F,0x419F419F,0x419F419F,0x47CF3BFF,0x3BFF3BFF,
    0x3BFF3BFF,0x3BFF47CF,0x419F205F,0x001F001F,0x001F001F,0x001F001F,0x00000000,0x00000000,
    0x00000000,0x00000000,0x001F001F,0x211FEB2F,0xFB2FFB2F,0xFB2FFB2F,0xFB2FE58F,0xE49FE49F,
    0xE49FE49F,0xE49FE49F,0xE49FE49F,0xE49FA39F,0x419F419F,0x419F44BF,0x3BFF3BFF,0x3BFF3BFF,
    0x3BFF3BFF,0x3BFF3BFF,0x44BF317F,0x001F001F,0x001F001F,0x001F001F,0x00000000,0x00000000,
    0x00000000,0x00000000,0x001F001F,0xA81FFB2F,0xFB2FFB2F,0xFB2FFB2F,0xFB2FF94F,0xE49FE49F,
    0xE49FE49F,0xE49FE49F,0xE49FE49F,0xE49FD49F,0x419F419F,0x419F39EF,0x3BFF3BFF,0x3BFF3BFF,
    0x3BFF3BFF,0x3BFF3BFF,0x39DF418F,0x001F001F,0x001F001F,0x001F001F,0x00000000,0x00000000,
    0x00000000,0x00000000,0x001F001F,0xEB2FFB2F,0xFB2FFB2F,0xFB2FFB2F,0xFB2FFB2F,0xE49FE49F,
    0xE49FE49F,0xE49FE49F,0xE49FE49F,0xE49FE49F,0x419F419F,0x419F3BFF,0x3BFF3BFF,0x3BFF3BFF,
    0x3BFF3BFF,0x3BFF3BFF,0x3BFF418F,0x001F001F,0x001F001F,0x001F001F,0x00000000,0x00000000,
    0x00000000,0x00000000,0x001F001F,0xEB2FFB2F,0xFB2FFB2F,0xFB2FFB2F,0xFB2FFB2F,0xE49FE49F,
    0xE49FE49F,0xE49FE49F,0xE49FE49F,0xE49FE49F,0x419F419F,0x419F3BFF,0x3BFF3BFF,0x3BFF3BFF,
    0x3BFF3BFF,0x3BFF3BFF,0x3BFF418F,0x001F001F,0x001F001F,0x001F001F,0x00000000,0x00000000,
    0x00000000,0x00000000,0x001F001F,0xA81FFB2F,0xFB2FFB2F,0xFB2FFB2F,0xFB2FF94F,0xE49FE49F,
    0xE49FE49F,0xE49FE49F,0xE49FE49F,0xE49FD49F,0x419F419F,0x419F39DF,0x3BFF3BFF,0x3BFF3BFF,
    0x3BFF3BFF,0x3BFF3BFF,0x39DF418F,0x001F001F,0x001F001F,0x001F001F,0x00000000,0x00000000,
    0x00000000,0x00000000,0x001F001F,0x211FEB2F,0xFB2FFB2F,0xFB2FFB2F,0xFB2FE58F,0xE49FE49F,
    0xE49FE49F,0xE49FE49F,0xE49FE49F,0xE49FA39F,0x419F419F,0x419F44BF,0x3BFF3BFF,0x3BFF3BFF,
    0x3BFF3BFF,0x3BFF3BFF,0x44BF317F,0x001F001F,0x001F001F,0x001F001F,0x00000000,0x00000000,
    0x00000000,0x00000000,0x001F001F,0x001F211F,0xB82FFB2F,0xFB2FF94F,0xE58FE49F,0xE49FE49F,
    0xE49FE49F,0xE49FE49F,0xE49FE49F,0xE49F629F,0x419F419F,0x419F419F,0x47CF3BFF,0x3BFF3BFF,
    0x3BFF3BFF,0x3BFF46CF,0x419F205F,0x001F001F,0x001F001F,0x001F001F,0x00000000,0x00000000,
    0x00000000,0x00000000,0x001F001F,0x001F001F,0x001F826F,0xE49FE49F,0xE49FE49F,0xE49FE49F,
    0xE49FE49F,0xE49FE49F,0xE49FE49F,0xA39F419F,0x419F419F,0x419F419F,0x419F44BF,0x39DF3BFF,
    0x3BFF39DF,0x44BF419F,0x419F102F,0x001F001F,0x001F001F,0x001F001F,0x00000000,0x00000000,
    0x00000000,0x00000000,0x001F001F,0x001F001F,0x001F101F,0xB37FE49F,0xE49FE49F,0xE49FE49F,
    0xE49FE49F,0xE49FE49F,0xE49FC39F,0x519F419F,0x419F419F,0x419F419F,0x419F419F,0x419F419F,
    0x419F419F,0x419F419F,0x418F001F,0x001F001F,0x001F001F,0x001F001F,0x00000000,0x00000000,
    0x00000000,0x00000000,0x001F001F,0x001F001F,0x001F001F,0x101F927F,0xE49FE49F,0xE49FE49F,
    0xE49FE49F,0xE49FE49F,0xA39F519F,0x419F419F,0x419F419F,0x419F419F,0x419F419F,0x419F419F,
    0x419F419F,0x419F419F,0x103F001F,0x001F001F,0x001F001F,0x001F001F,0x00000000,0x00000000,
    0x00000000,0x00000000,0x001F001F,0x001F001F,0x001F001F,0x001F001F,0x517FA39F,0xD49FE49F,
    0xE49FD49F,0xA39F629F,0x419F419F,0x419F419F,0x419F419F,0x419F419F,0x419F419F,0x419F419F,
    0x419F419F,0x419F317F,0x001F001F,0x001F001F,0x001F001F,0x001F001F,0x00000000,0x00000000,
    0x00000000,0x00000000,0x001F001F,0x001F001F,0x001F001F,0x001F001F,0x102F418F,0x419F419F,
    0x419F419F,0x419F419F,0x419F419F,0x419F419F,0x419F419F,0x419F419F,0x419F419F,0x419F419F,
    0x419F419F,0x418F102F,0x001F001F,0x001F001F,0x001F001F,0x001F001F,0x00000000,0x00000000,
    0x00000000,0x00000000,0x001F001F,0x001F001F,0x001F001F,0x001F001F,0x001F103F,0x419F419F,
    0x419F419F,0x419F419F,0x419F419F,0x419F419F,0x419F419F,0x419F419F,0x419F419F,0x419F419F,
    0x419F419F,0x103F001F,0x001F001F,0x001F001F,0x001F001F,0x001F001F,0x00000000,0x00000000,
    0x00000000,0x00000000,0x001F001F,0x001F001F,0x001F001F,0x001F001F,0x001F001F,0x103F418F,
    0x419F419F,0x419F419F,0x419F419F,0x419F419F,0x419F419F,0x419F419F,0x419F419F,0x419F419F,
    0x418F103F,0x001F001F,0x001F001F,0x001F001F,0x001F001F,0x001F001F,0x00000000,0x00000000,
    0x00000000,0x00000000,0x001F001F,0x001F001F,0x001F001F,0x001F001F,0x001F001F,0x001F102F,
    0x317F419F,0x419F419F,0x419F419F,0x419F419F,0x419F419F,0x419F419F,0x419F419F,0x419F317F,
    0x102F001F,0x001F001F,0x001F001F,0x001F001F,0x001F001F,0x001F001F,0x00000000,0x00000000,
    0x00000000,0x00000000,0x001F001F,0x001F001F,0x001F001F,0x001F001F,0x001F001F,0x001F001F,
    0x001F203F,0x418F419F,0x419F419F,0x419F419F,0x419F419F,0x419F419F,0x419F418F,0x103F001F,
    0x001F001F,0x001F001F,0x001F001F,0x001F001F,0x001F001F,0x001F001F,0x00000000,0x00000000,
    0x00000000,0x00000000,0x001F001F,0x001F001F,0x001F001F,0x001F001F,0x001F001F,0x001F001F,
    0x001F001F,0x001F102F,0x205F317F,0x418F418F,0x418F418F,0x317F205F,0x102F001F,0x001F001F,
    0x001F001F,0x001F001F,0x001F001F,0x001F001F,0x001F001F,0x001F001F,0x00000000,0x00000000,
    0x00000000,0x00000000,0x001F001F,0x001F001F,0x001F001F,0x001F001F,0x001F001F,0x001F001F,
    0x001F001F,0x001F001F,0x001F001F,0x001F001F,0x001F001F,0x001F001F,0x001F001F,0x001F001F,
    0x001F001F,0x001F001F,0x001F001F,0x001F001F,0x001F001F,0x001F001F,0x00000000,0x00000000,
    0x00000000,0x00000000,0x001C001F,0x001F001F,0x001F001F,0x001F001F,0x001F001F,0x001F001F,
    0x001F001F,0x001F001F,0x001F001F,0x001F001F,0x001F001F,0x001F001F,0x001F001F,0x001F001F,
    0x001F001F,0x001F001F,0x001F001F,0x001F001F,0x001F001F,0x001F001C,0x00000000,0x00000000,
    0x00000000,0x00000000,0x0016001F,0x001F001F,0x001F001F,0x001F001F,0x001F001F,0x001F001F,
    0x001F001F,0x001F001F,0x001F001F,0x001F001F,0x001F001F,0x001F001F,0x001F001F,0x001F001F,
    0x001F001F,0x001F001F,0x001F001F,0x001F001F,0x001F001F,0x001F0016,0x00000000,0x00000000,
    0x00000000,0x00000000,0x0020001C,0x001F001F,0x001F001F,0x001F001F,0x001F001F,0x001F001F,
    0x001F001F,0x001F001F,0x001F001F,0x001F001F,0x001F001F,0x001F001F,0x001F001F,0x001F001F,
    0x001F001F,0x001F001F,0x001F001F,0x001F001F,0x001F001F,0x001C0000,0x00000000,0x00000000,
    0x00000000,0x00000000,0x00000011,0x001C001F,0x001F001F,0x001F001F,0x001F001F,0x001F001F,
    0x001F001F,0x001F001F,0x001F001F,0x001F001F,0x001F001F,0x001F001F,0x001F001F,0x001F001F,
    0x001F001F,0x001F001F,0x001F001F,0x001F001F,0x001F001C,0x00110000,0x00000000,0x00000000,
    0x00000000,0x00000000,0x00000000,0x00000016,0x001C001F,0x001F001F,0x001F001F,0x001F001F,
    0x001F001F,0x001F001F,0x001F001F,0x001F001F,0x001F001F,0x001F001F,0x001F001F,0x001F001F,
    0x001F001F,0x001F001F,0x001F001F,0x001F001C,0x00160000,0x00000000,0x00000000,0x00000000,
    0x00000000,0x00000000,0x00000000,0x00000000,0x00000000,0x00000000,0x00000000,0x00000000,
    0x00000000,0x00000000,0x00000000,0x00000000,0x00000000,0x00000000,0x00000000,0x00000000,
    0x00000000,0x00000000,0x00000000,0x00000000,0x00000000,0x00000000,0x00000000,0x00000000,
    0x00000000,0x00000000,0x00000000,0x00000000,0x00000000,0x00000000,0x00000000,0x00000000,
    0x00000000,0x00000000,0x00000000,0x00000000,0x00000000,0x00000000,0x00000000,0x00000000,
    0x00000000,0x00000000,0x00000000,0x00000000,0x00000000,0x00000000,0x00000000,0x00000000,
    0x00000000,0x00000000,0x00000000,0x00000000,0x00000000,0x00000000,0x00000000,0x00000000,
    0x00000000,0x00000000,0x00000000,0x00000000,0x00000000,0x00000000,0x00000000,0x00000000,
    0x00000000,0x00000000,0x00000000,0x00000000,0x00000000,0x00000000,0x00000000,0x00000000,
    0x00000000,0x00000000,0x00000000,0x00000000,0x00000000,0x00000000,0x00000000,0x00000000,
    0x00000000,0x00000000,0x00000000,0x00000000,0x00000000,0x00000000,0x00000000,0x00000000,
    0x00000000,0x00000000,0x00000000,0x00000000,0x00000000,0x00000000,0x00000000,0x00000000,
};
#define PROF_ICON_MANDELBROT_SIZE 48

static const uint32_t prof_icon_julia_set_rgba[] = {
    0x00000000,0x00000000,0x00000000,0x00000000,0x00000000,0x00000000,0x00000000,0x00000000,
    0x00000000,0x00000000,0x00000000,0x00000000,0x00000000,0x00000000,0x00000000,0x00000000,
    0x00000000,0x00000000,0x00000000,0x00000000,0x00000000,0x00000000,0x00000000,0x00000000,
    0x00000000,0x00000000,0x00000000,0x00000000,0x00000000,0x00000000,0x00000000,0x00000000,
    0x00000000,0x00000000,0x00000000,0x00000000,0x00000000,0x00000000,0x00000000,0x00000000,
    0x00000000,0x00000000,0x00000000,0x00000000,0x00000000,0x00000000,0x00000000,0x00000000,
    0x00000000,0x00000000,0x00000000,0x00000000,0x00000000,0x00000000,0x00000000,0x00000000,
    0x00000000,0x00000000,0x00000000,0x00000000,0x00000000,0x00000000,0x00000000,0x00000000,
    0x00000000,0x00000000,0x00000000,0x00000000,0x00000000,0x00000000,0x00000000,0x00000000,
    0x00000000,0x00000000,0x00000000,0x00000000,0x00000000,0x00000000,0x00000000,0x00000000,
    0x00000000,0x00000000,0x00000000,0x00000000,0x00000000,0x00000000,0x00000000,0x00000000,
    0x00000000,0x00000000,0x00000000,0x00000000,0x00000000,0x00000000,0x00000000,0x00000000,
    0x00000000,0x00000000,0x00000000,0x20001016,0x101C101F,0x101F101F,0x101F101F,0x101F101F,
    0x101F101F,0x101F101F,0x101F101F,0x101F101F,0x101F101F,0x101F101F,0x101F101F,0x101F101F,
    0x101F101F,0x101F101F,0x101F101F,0x101F101C,0x10162000,0x00000000,0x00000000,0x00000000,
    0x00000000,0x00000000,0x00001011,0x101D101F,0x101F101F,0x101F101F,0x101F101F,0x101F101F,
    0x101F101F,0x101F101F,0x101F101F,0x101F101F,0x101F101F,0x101F101F,0x101F101F,0x101F101F,
    0x101F101F,0x101F101F,0x101F101F,0x101F101F,0x101F101C,0x10110000,0x00000000,0x00000000,
    0x00000000,0x00000000,0x2000101D,0x101F101F,0x101F101F,0x101F101F,0x101F101F,0x101F101F,
    0x101F101F,0x101F101F,0x302F513F,0x714F725F,0x725F714F,0x513F302F,0x101F101F,0x101F101F,
    0x101F101F,0x101F101F,0x101F101F,0x101F101F,0x101F101F,0x101C2000,0x00000000,0x00000000,
    0x00000000,0x00000000,0x1016101F,0x101F101F,0x101F101F,0x101F101F,0x101F101F,0x101F101F,
    0x101F413F,0x926FD48F,0xE49FE49F,0xE49FE49F,0xE49FE49F,0xE49FE49F,0xD48F926F,0x413F101F,
    0x101F101F,0x101F101F,0x101F101F,0x101F101F,0x101F101F,0x101F1016,0x00000000,0x00000000,
    0x00000000,0x00000000,0x101C101F,0x101F101F,0x101F101F,0x101F101F,0x101F101F,0x101F513F,
    0xC37FE49F,0xE49FE49F,0xE49FE49F,0xE49FE49F,0xE49FE49F,0xE49FE49F,0xE49FE49F,0xE49FC37F,
    0x513F101F,0x101F101F,0x101F101F,0x101F101F,0x101F101F,0x101F100C,0x00000000,0x00000000,
    0x00000000,0x00000000,0x101F101F,0x101F101F,0x101F101F,0x101F101F,0x101F201F,0xA36FE49F,
    0xE49FE49F,0xE49FE49F,0xD48FB37F,0x925F825F,0x825F926F,0xB37FD48F,0xE49FE49F,0xE49FE49F,
    0xE49FA36F,0x201F101F,0x101F101F,0x101F101F,0x101F101F,0x101F101F,0x00000000,0x00000000,
    0x00000000,0x00000000,0x101F101F,0x101F101F,0x101F101F,0x101F101F,0x413FC6BF,0xB7EFA8FF,
    0xA8FFB7EF,0x95AF413F,0x101F101F,0x101F101F,0x101F101F,0x101F101F,0x412F926F,0xE49FE49F,
    0xE49FE49F,0xC38F302F,0x101F101F,0x101F101F,0x101F101F,0x101F101F,0x00000000,0x00000000,
    0x00000000,0x00000000,0x101F101F,0x101F101F,0x101F101F,0x101F524F,0xB7EFA8FF,0xA8FFA8FF,
    0xA8FFA8FF,0xA8FF87CF,0x202F101F,0x101F101F,0x101F101F,0x101F101F,0x101F101F,0x201F926F,
    0xE49FE49F,0xE49FE49F,0x513F101F,0x101F101F,0x101F101F,0x101F101F,0x00000000,0x00000000,
    0x00000000,0x00000000,0x101F101F,0x101F101F,0x101F101F,0x413FB7EF,0xA8FFA8FF,0xA8FFA8FF,
    0xA8FFA8FF,0xA8FFA8FF,0x87CF101F,0x101F101F,0x101F101F,0x101F101F,0x101F101F,0x101F101F,
    0x513FE49F,0xE49FE49F,0xE49F302F,0x101F101F,0x101F101F,0x101F101F,0x00000000,0x00000000,
    0x00000000,0x00000000,0x101F101F,0x101F101F,0x101F201F,0xC6BFA8FF,0xA8FFA8FF,0xA8FFA8FF,
    0xA8FFA8FF,0xA8FFA8FF,0xA8FF537F,0x101F101F,0x101F101F,0x101F101F,0x101F101F,0x101F101F,
    0x101F302F,0xD48FE49F,0xE49FC38F,0x201F101F,0x101F101F,0x101F101F,0x00000000,0x00000000,
    0x00000000,0x00000000,0x101F101F,0x101F101F,0x101FA36F,0xB7EFA8FF,0xA8FFA8FF,0xA8FFA8FF,
    0xA8FFA8FF,0xA8FFA8FF,0xA8FF86CF,0x101F101F,0x101F101F,0x101F101F,0x101F101F,0x101F101F,
    0x101F101F,0x302FE49F,0xE49FE49F,0xA26F101F,0x101F101F,0x101F101F,0x00000000,0x00000000,
    0x00000000,0x00000000,0x101F101F,0x101F101F,0x513FE49F,0xA8FFA8FF,0xA8FFA8FF,0xA8FFA8FF,
    0xA8FFA8FF,0xA8FFA8FF,0xA8FFA8EF,0x101F101F,0x101F101F,0x101F101F,0x101F101F,0x101F101F,
    0x101F101F,0x101F513F,0xE49FE49F,0xE49F402F,0x101F101F,0x101F101F,0x00000000,0x00000000,
    0x00000000,0x00000000,0x101F101F,0x101F101F,0xC37FE49F,0xA8FFA8FF,0xA8FFA8FF,0xA8FFA8FF,
    0xA8FFA8FF,0xA8FFA8FF,0xA8FF98EF,0x101F101F,0x101F101F,0x101F101F,0x101F101F,0x101F101F,
    0x101F101F,0x101F101F,0xA26FE49F,0xE49FB37F,0x101F101F,0x101F101F,0x00000000,0x00000000,
    0x00000000,0x00000000,0x101F101F,0x101F413F,0xE49FE49F,0xB7EFA8FF,0xA8FFA8FF,0xA8FFA8FF,
    0xA8FFA8FF,0xA8FFA8FF,0xA8FF86CF,0x101F101F,0x101F101F,0x101F101F,0x101F101F,0x101F101F,
    0x101F101F,0x101F101F,0x302FE49F,0xE49FE49F,0x412F101F,0x101F101F,0x00000000,0x00000000,
    0x00000000,0x00000000,0x101F101F,0x101F926F,0xE49FE49F,0x95AFA8FF,0xA8FFA8FF,0xA8FFA8FF,
    0xA8FFA8FF,0xA8FFA8FF,0xA8FF537F,0x101F101F,0x101F101F,0x101F101F,0x101F101F,0x101F101F,
    0x101F101F,0x101F101F,0x101F926F,0xE49FE49F,0x926F101F,0x101F101F,0x00000000,0x00000000,
    0x00000000,0x00000000,0x101F101F,0x101FD48F,0xE49FE49F,0x413F87CF,0xA8FFA8FF,0xA8FFA8FF,
    0xA8FFA8FF,0xA8FFA8FF,0x87CF101F,0x101F101F,0x101F101F,0x101F101F,0x101F101F,0x101F101F,
    0x101F101F,0x101F101F,0x101F412F,0xE49FE49F,0xD48F101F,0x101F101F,0x00000000,0x00000000,
    0x00000000,0x00000000,0x101F101F,0x302FE49F,0xE49FD48F,0x101F202F,0x87CFA8FF,0xA8FFA8FF,
    0xA8FFA8FF,0xA8FF87CF,0x202F311F,0xB93FFD4F,0xFD4FB93F,0x321F101F,0x101F101F,0x101F101F,
    0x101F101F,0x101F101F,0x101F101F,0xD49FE49F,0xE49F302F,0x101F101F,0x00000000,0x00000000,
    0x00000000,0x00000000,0x101F101F,0x513FE49F,0xE49FB37F,0x101F101F,0x101F537F,0x86CFA8EF,
    0xA8EF86CF,0x537F101F,0x311FED4F,0xFE4FFE4F,0xFE4FFE4F,0xED4F311F,0x101F101F,0x101F101F,
    0x101F101F,0x101F101F,0x101F101F,0xB37FE49F,0xE49F513F,0x101F101F,0x00000000,0x00000000,
    0x00000000,0x00000000,0x101F101F,0x714FE49F,0xE49F926F,0x101F101F,0x101F101F,0x101F101F,
    0x101F101F,0x101F101F,0xB93FFE4F,0xFE4FFE4F,0xFE4FFE4F,0xFE4FB93F,0x101F101F,0x101F101F,
    0x101F101F,0x101F101F,0x101F101F,0x926FE49F,0xE49F714F,0x101F101F,0x00000000,0x00000000,
    0x00000000,0x00000000,0x101F101F,0x725FE49F,0xE49F825F,0x101F101F,0x101F101F,0x101F101F,
    0x101F101F,0x101F101F,0xFD4FFE4F,0xFE4FFE4F,0xFE4FFE4F,0xFE4FFD4F,0x101F101F,0x101F101F,
    0x101F101F,0x101F101F,0x101F101F,0x825FE49F,0xE49F725F,0x101F101F,0x00000000,0x00000000,
    0x00000000,0x00000000,0x101F101F,0x725FE49F,0xE49F825F,0x101F101F,0x101F101F,0x101F101F,
    0x101F101F,0x101F101F,0xFD4FFE4F,0xFE4FFE4F,0xFE4FFE4F,0xFE4FFD4F,0x101F101F,0x101F101F,
    0x101F101F,0x101F101F,0x101F101F,0x825FE49F,0xE49F725F,0x101F101F,0x00000000,0x00000000,
    0x00000000,0x00000000,0x101F101F,0x714FE49F,0xE49F926F,0x101F101F,0x101F101F,0x101F101F,
    0x101F101F,0x101F101F,0xB93FFE4F,0xFE4FFE4F,0xFE4FFE4F,0xFE4FB93F,0x101F101F,0x101F101F,
    0x101F101F,0x101F101F,0x101F101F,0x926FE49F,0xE49F714F,0x101F101F,0x00000000,0x00000000,
    0x00000000,0x00000000,0x101F101F,0x513FE49F,0xE49FB37F,0x101F101F,0x101F101F,0x101F101F,
    0x101F101F,0x101F101F,0x321FED4F,0xFE4FFE4F,0xFE4FFE4F,0xEC4F311F,0x101F537F,0x86CFA8FF,
    0xA8FF86CF,0x537F101F,0x101F101F,0xB37FE49F,0xE49F513F,0x101F101F,0x00000000,0x00000000,
    0x00000000,0x00000000,0x101F101F,0x302FE49F,0xE49FD48F,0x101F101F,0x101F101F,0x101F101F,
    0x101F101F,0x101F101F,0x101F311F,0xB93FFD4F,0xFD4FB93F,0x311F202F,0x87CFA8FF,0xA8FFA8FF,
    0xA8FFA8FF,0xA8FF87CF,0x202F101F,0xD49FE49F,0xE49F302F,0x101F101F,0x00000000,0x00000000,
    0x00000000,0x00000000,0x101F101F,0x101FD48F,0xE49FE49F,0x412F101F,0x101F101F,0x101F101F,
    0x101F101F,0x101F101F,0x101F101F,0x101F101F,0x101F101F,0x101F87CF,0xA8FFA8FF,0xA8FFA8FF,
    0xA8FFA8FF,0xA8FFA8FF,0x87CF413F,0xE49FE49F,0xD48F101F,0x101F101F,0x00000000,0x00000000,
    0x00000000,0x00000000,0x101F101F,0x101F926F,0xE49FE49F,0x926F101F,0x101F101F,0x101F101F,
    0x101F101F,0x101F101F,0x101F101F,0x101F101F,0x101F101F,0x537FA8FF,0xA8FFA8FF,0xA8FFA8FF,
    0xA8FFA8FF,0xA8FFA8FF,0xA8FF95AF,0xE49FE49F,0x926F101F,0x101F101F,0x00000000,0x00000000,
    0x00000000,0x00000000,0x101F101F,0x101F413F,0xE49FE49F,0xE49F201F,0x101F101F,0x101F101F,
    0x101F101F,0x101F101F,0x101F101F,0x101F101F,0x101F101F,0x86CFA8FF,0xA8FFA8FF,0xA8FFA8FF,
    0xA8FFA8FF,0xA8FFA8FF,0xA8FFB7EF,0xE49FE49F,0x412F101F,0x101F101F,0x00000000,0x00000000,
    0x00000000,0x00000000,0x101F101F,0x101F101F,0xC37FE49F,0xE49F926F,0x101F101F,0x101F101F,
    0x101F101F,0x101F101F,0x101F101F,0x101F101F,0x101F101F,0xA8EFA8FF,0xA8FFA8FF,0xA8FFA8FF,
    0xA8FFA8FF,0xA8FFA8FF,0xA8FFA8FF,0xE49FB37F,0x101F101F,0x101F101F,0x00000000,0x00000000,
    0x00000000,0x00000000,0x101F101F,0x101F101F,0x513FE49F,0xE49FE49F,0x513F101F,0x101F101F,
    0x101F101F,0x101F101F,0x101F101F,0x101F101F,0x101F101F,0xA8EFA8FF,0xA8FFA8FF,0xA8FFA8FF,
    0xA8FFA8FF,0xA8FFA8FF,0xA8FFA8FF,0xE49F513F,0x101F101F,0x101F101F,0x00000000,0x00000000,
    0x00000000,0x00000000,0x101F101F,0x101F101F,0x101FA36F,0xE49FE49F,0xE49F302F,0x101F101F,
    0x101F101F,0x101F101F,0x101F101F,0x101F101F,0x101F101F,0x86CFA8FF,0xA8FFA8FF,0xA8FFA8FF,
    0xA8FFA8FF,0xA8FFA8FF,0xA8FFB7EF,0xA36F101F,0x101F101F,0x101F101F,0x00000000,0x00000000,
    0x00000000,0x00000000,0x101F101F,0x101F101F,0x101F201F,0xC38FE49F,0xE49FD48F,0x302F101F,
    0x101F101F,0x101F101F,0x101F101F,0x101F101F,0x101F101F,0x537FA8FF,0xA8FFA8FF,0xA8FFA8FF,
    0xA8FFA8FF,0xA8FFA8FF,0xA8FFB5BF,0x201F101F,0x101F101F,0x101F101F,0x00000000,0x00000000,
    0x00000000,0x00000000,0x101F101F,0x101F101F,0x101F101F,0x302FD49F,0xE49FE49F,0xE49F513F,
    0x101F101F,0x101F101F,0x101F101F,0x101F101F,0x101F101F,0x101F87CF,0xA8FFA8FF,0xA8FFA8FF,
    0xA8FFA8FF,0xA8FFA8FF,0xB7EF402F,0x101F101F,0x101F101F,0x101F101F,0x00000000,0x00000000,
    0x00000000,0x00000000,0x101F101F,0x101F101F,0x101F101F,0x101F513F,0xE49FE49F,0xE49FE49F,
    0xA26F302F,0x101F101F,0x101F101F,0x101F101F,0x101F101F,0x101F202F,0x87CFA8FF,0xA8FFA8FF,
    0xA8FFA8FF,0xA8FFB7EF,0x514F101F,0x101F101F,0x101F101F,0x101F101F,0x00000000,0x00000000,
    0x00000000,0x00000000,0x101F101F,0x101F101F,0x101F101F,0x101F101F,0x302FC38F,0xE49FE49F,
    0xE49FE49F,0x926F412F,0x101F101F,0x101F101F,0x101F101F,0x101F101F,0x413F95AF,0xB7EFA8FF,
    0xA8FFB7EF,0xB5BF302F,0x101F101F,0x101F101F,0x101F101F,0x101F101F,0x00000000,0x00000000,
    0x00000000,0x00000000,0x101F101F,0x101F101F,0x101F101F,0x101F101F,0x101F201F,0xA26FE49F,
    0xE49FE49F,0xE49FE49F,0xD49FB37F,0x926F825F,0x825F926F,0xB37FD49F,0xE49FE49F,0xE49FE49F,
    0xE49FA36F,0x201F101F,0x101F101F,0x101F101F,0x101F101F,0x101F101F,0x00000000,0x00000000,
    0x00000000,0x00000000,0x101C101F,0x101F101F,0x101F101F,0x101F101F,0x101F101F,0x101F402F,
    0xB37FE49F,0xE49FE49F,0xE49FE49F,0xE49FE49F,0xE49FE49F,0xE49FE49F,0xE49FE49F,0xE49FB37F,
    0x513F101F,0x101F101F,0x101F101F,0x101F101F,0x101F101F,0x101F100C,0x00000000,0x00000000,
    0x00000000,0x00000000,0x1016101F,0x101F101F,0x101F101F,0x101F101F,0x101F101F,0x101F101F,
    0x101F412F,0x926FD48F,0xE49FE49F,0xE49FE49F,0xE49FE49F,0xE49FE49F,0xD48F926F,0x412F101F,
    0x101F101F,0x101F101F,0x101F101F,0x101F101F,0x101F101F,0x101F1016,0x00000000,0x00000000,
    0x00000000,0x00000000,0x2000101C,0x101F101F,0x101F101F,0x101F101F,0x101F101F,0x101F101F,
    0x101F101F,0x101F101F,0x302F513F,0x714F725F,0x725F714F,0x513F302F,0x101F101F,0x101F101F,
    0x101F101F,0x101F101F,0x101F101F,0x101F101F,0x101F101F,0x101C2000,0x00000000,0x00000000,
    0x00000000,0x00000000,0x00001011,0x101C101F,0x101F101F,0x101F101F,0x101F101F,0x101F101F,
    0x101F101F,0x101F101F,0x101F101F,0x101F101F,0x101F101F,0x101F101F,0x101F101F,0x101F101F,
    0x101F101F,0x101F101F,0x101F101F,0x101F101F,0x101F101C,0x10110000,0x00000000,0x00000000,
    0x00000000,0x00000000,0x00000000,0x20001016,0x100C101F,0x101F101F,0x101F101F,0x101F101F,
    0x101F101F,0x101F101F,0x101F101F,0x101F101F,0x101F101F,0x101F101F,0x101F101F,0x101F101F,
    0x101F101F,0x101F101F,0x101F101F,0x101F100C,0x10162000,0x00000000,0x00000000,0x00000000,
    0x00000000,0x00000000,0x00000000,0x00000000,0x00000000,0x00000000,0x00000000,0x00000000,
    0x00000000,0x00000000,0x00000000,0x00000000,0x00000000,0x00000000,0x00000000,0x00000000,
    0x00000000,0x00000000,0x00000000,0x00000000,0x00000000,0x00000000,0x00000000,0x00000000,
    0x00000000,0x00000000,0x00000000,0x00000000,0x00000000,0x00000000,0x00000000,0x00000000,
    0x00000000,0x00000000,0x00000000,0x00000000,0x00000000,0x00000000,0x00000000,0x00000000,
    0x00000000,0x00000000,0x00000000,0x00000000,0x00000000,0x00000000,0x00000000,0x00000000,
    0x00000000,0x00000000,0x00000000,0x00000000,0x00000000,0x00000000,0x00000000,0x00000000,
    0x00000000,0x00000000,0x00000000,0x00000000,0x00000000,0x00000000,0x00000000,0x00000000,
    0x00000000,0x00000000,0x00000000,0x00000000,0x00000000,0x00000000,0x00000000,0x00000000,
    0x00000000,0x00000000,0x00000000,0x00000000,0x00000000,0x00000000,0x00000000,0x00000000,
    0x00000000,0x00000000,0x00000000,0x00000000,0x00000000,0x00000000,0x00000000,0x00000000,
    0x00000000,0x00000000,0x00000000,0x00000000,0x00000000,0x00000000,0x00000000,0x00000000,
};
#define PROF_ICON_JULIA_SET_SIZE 48

static const uint32_t prof_icon_eyes_rgba[] = {
    0x00000000,0x00000000,0x00000000,0x00000000,0x00000000,0x00000000,0x00000000,0x00000000,
    0x00000000,0x00000000,0x00000000,0x00000000,0x00000000,0x00000000,0x00000000,0x00000000,
    0x00000000,0x00000000,0x00000000,0x00000000,0x00000000,0x00000000,0x00000000,0x00000000,
    0x00000000,0x00000000,0x00000000,0x00000000,0x00000000,0x00000000,0x00000000,0x00000000,
    0x00000000,0x00000000,0x00000000,0x00000000,0x00000000,0x00000000,0x00000000,0x00000000,
    0x00000000,0x00000000,0x00000000,0x00000000,0x00000000,0x00000000,0x00000000,0x00000000,
    0x00000000,0x00000000,0x00000000,0x00000000,0x00000000,0x00000000,0x00000000,0x00000000,
    0x00000000,0x00000000,0x00000000,0x00000000,0x00000000,0x00000000,0x00000000,0x00000000,
    0x00000000,0x00000000,0x00000000,0x00000000,0x00000000,0x00000000,0x00000000,0x00000000,
    0x00000000,0x00000000,0x00000000,0x00000000,0x00000000,0x00000000,0x00000000,0x00000000,
    0x00000000,0x00000000,0x00000000,0x00000000,0x00000000,0x00000000,0x00000000,0x00000000,
    0x00000000,0x00000000,0x00000000,0x00000000,0x00000000,0x00000000,0x00000000,0x00000000,
    0x00000000,0x00000000,0x00000000,0x00000000,0x00000000,0x00000000,0x00000000,0x00000000,
    0x00000000,0x00000000,0x00000000,0x00000000,0x00000000,0x00000000,0x00000000,0x00000000,
    0x00000000,0x00000000,0x00000000,0x00000000,0x00000000,0x00000000,0x00000000,0x00000000,
    0x00000000,0x00000000,0x00000000,0x00000000,0x00000000,0x00000000,0x00000000,0x00000000,
    0x00000000,0x00000000,0x00000000,0x00000000,0x00000000,0x00000000,0x00000000,0x00000000,
    0x00000000,0x00000000,0x00000000,0x00000000,0x00000000,0x00000000,0x00000000,0x00000000,
    0x00000000,0x00000000,0x00000000,0x00000000,0x00000000,0x00000000,0x00000000,0x00000000,
    0x00000000,0x00000000,0x00000000,0x00000000,0x00000000,0x00000000,0x00000000,0x00000000,
    0x00000000,0x00000000,0x00000000,0x00000000,0x00000000,0x00000000,0x00000000,0x00000000,
    0x00000000,0x00000000,0x00000000,0x00000000,0x00000000,0x00000000,0x00000000,0x00000000,
    0x00000000,0x00000000,0x00000000,0x00000000,0x00000000,0x00000000,0x00000000,0x00000000,
    0x00000000,0x00000000,0x00000000,0x00000000,0x00000000,0x00000000,0x00000000,0x00000000,
    0x00000000,0x00000000,0x00000000,0x00000000,0x00000000,0x00000000,0x00000000,0x00000000,
    0x00000000,0x00000000,0x00000000,0x00000000,0x00000000,0x00000000,0x00000000,0x00000000,
    0x00000000,0x00000000,0x00000000,0x00000000,0x00000000,0x00000000,0x00000000,0x00000000,
    0x00000000,0x00000000,0x00000000,0x00000000,0x00000000,0x00000000,0x00000000,0x00000000,
    0x00000000,0x00000000,0x00000000,0x00000000,0x00000000,0x00000000,0x00000000,0x00000000,
    0x00000000,0x00000000,0x00000000,0x00000000,0x00000000,0x00000000,0x00000000,0x00000000,
    0x00000000,0x00000000,0x00000000,0x00000000,0x00000000,0x00000000,0x00000000,0x00000000,
    0x00000000,0x00000000,0x00000000,0x00000000,0x00000000,0x00000000,0x00000000,0x00000000,
    0x00000000,0x00000000,0x00000000,0x00000000,0x00000000,0x00000000,0x00000000,0x00000000,
    0x00000000,0x00000000,0x00000000,0x00000000,0x00000000,0x00000000,0x00000000,0x00000000,
    0x00000000,0x00000000,0x00000000,0x00000000,0x00000000,0x00000000,0x00000000,0x00000000,
    0x00000000,0x00000000,0x00000000,0x00000000,0x00000000,0x00000000,0x00000000,0x00000000,
    0x00000000,0x00000000,0x00000000,0x00000000,0x00000000,0x0000FFF1,0xFFF7FFFC,0xFFFEFFFE,
    0xFFFCFFF7,0xFFF10000,0x00000000,0x00000000,0x00000000,0x00000000,0x0000FFF1,0xFFF7FFFC,
    0xFFFEFFFE,0xFFFCFFF7,0xFFF10000,0x00000000,0x00000000,0x00000000,0x00000000,0x00000000,
    0x00000000,0x00000000,0x00000000,0x00000000,0x00000000,0xFFF5FFFE,0xFFFFFFFF,0xFFFFFFFF,
    0xFFFFFFFF,0xFFFFFFF5,0x00000000,0x00000000,0x00000000,0x00000000,0xFFF5FFFE,0xFFFFFFFF,
    0xFFFFFFFF,0xFFFFFFFF,0xFFFFFFF5,0x00000000,0x00000000,0x00000000,0x00000000,0x00000000,
    0x00000000,0x00000000,0x00000000,0x00000000,0x0000FFF7,0xFFFFFFFF,0xFFFFFFFF,0xFFFFFFFF,
    0xFFFFFFFF,0xFFFFFFFF,0xFFF70000,0x00000000,0x00000000,0x0000FFF7,0xFFFFFFFF,0xFFFFFFFF,
    0xFFFFFFFF,0xFFFFFFFF,0xFFFFFFFF,0xFFF70000,0x00000000,0x00000000,0x00000000,0x00000000,
    0x00000000,0x00000000,0x00000000,0x00000000,0xFFF5FFFF,0xFFFFFFFF,0xFFFFFFFF,0xFFFFFFFF,
    0xFFFFFFFF,0xFFFFFFFF,0xFFFFFFF5,0x00000000,0x00000000,0xFFF5FFFF,0xFFFFFFFF,0xFFFFFFFF,
    0xFFFFFFFF,0xFFFFFFFF,0xFFFFFFFF,0xFFFFFFF5,0x00000000,0x00000000,0x00000000,0x00000000,
    0x00000000,0x00000000,0x00000000,0x0000FFF1,0xFFFEFFFF,0xFFFFFFFF,0xFFFFFFFF,0xFFFFFFFF,
    0xFFFFFFFF,0xFFFFFFFF,0xFFFFFFFE,0xFFF10000,0x0000FFF1,0xFFFEFFFF,0xFFFFFFFF,0xFFFFFFFF,
    0xFFFFFFFF,0xFFFFFFFF,0xFFFFFFFF,0xFFFFFFFE,0xFFF10000,0x00000000,0x00000000,0x00000000,
    0x00000000,0x00000000,0x00000000,0x0000FFF8,0xFFFFFFFF,0xFFFFFFFF,0xFFFFFFFF,0xFFFFFFFF,
    0xFFFFFFFF,0xFFFFFFFF,0xFFFFFFFF,0xFFF80000,0x0000FFF8,0xFFFFFFFF,0xFFFFFFFF,0xFFFFFFFF,
    0xFFFFFFFF,0xFFFFFFFF,0xFFFFFFFF,0xFFFFFFFF,0xFFF80000,0x00000000,0x00000000,0x00000000,
    0x00000000,0x00000000,0x00000000,0xFFF0FFFE,0xFFFFFFFF,0xFFFFFFFF,0xFFFFFFFF,0xFFFFFFFF,
    0xFFFFFFFF,0xFFFFFFFF,0xFFFFFFFF,0xFFFEFFF0,0xFFF0FFFE,0xFFFFFFFF,0xFFFFFFFF,0xFFFFFFFF,
    0xFFFFFFFF,0xFFFFFFFF,0xFFFFFFFF,0xFFFFFFFF,0xFFFEFFF0,0x00000000,0x00000000,0x00000000,
    0x00000000,0x00000000,0x00000000,0xFFF5FFFF,0xFFFFFFFF,0xFFFFFFFF,0xBBBF445F,0x123F123F,
    0x455FBBBF,0xFFFFFFFF,0xFFFFFFFF,0xFFFFFFF5,0xFFF5FFFF,0xFFFFFFFF,0xFFFFFFFF,0xBBBF445F,
    0x123F123F,0x455FBBBF,0xFFFFFFFF,0xFFFFFFFF,0xFFFFFFF5,0x00000000,0x00000000,0x00000000,
    0x00000000,0x00000000,0x00000000,0xFFF9FFFF,0xFFFFFFFF,0xFFFFAAAF,0xEEEFDEEF,0x556F012F,
    0x012F012F,0x788FFFFF,0xFFFFFFFF,0xFFFFFFF8,0xFFF9FFFF,0xFFFFFFFF,0xFFFFAAAF,0xEEEFDEEF,
    0x556F012F,0x012F012F,0x788FFFFF,0xFFFFFFFF,0xFFFFFFF8,0x00000000,0x00000000,0x00000000,
    0x00000000,0x00000000,0x00000000,0xFFFCFFFF,0xFFFFFFFF,0xBBBFDEEF,0xFFFFFFFF,0xDEEF012F,
    0x012F012F,0x012FBBBF,0xFFFFFFFF,0xFFFFFFFC,0xFFFCFFFF,0xFFFFFFFF,0xBBBFDEEF,0xFFFFFFFF,
    0xDEEF012F,0x012F012F,0x012FBBBF,0xFFFFFFFF,0xFFFFFFFC,0x00000000,0x00000000,0x00000000,
    0x00000000,0x00000000,0x00000000,0xFFFEFFFF,0xFFFFFFFF,0x445FDEEF,0xFFFFFFFF,0xDEEF012F,
    0x012F012F,0x012F455F,0xFFFFFFFF,0xFFFFFFFE,0xFFFEFFFF,0xFFFFFFFF,0x445FDEEF,0xFFFFFFFF,
    0xDEEF012F,0x012F012F,0x012F455F,0xFFFFFFFF,0xFFFFFFFE,0x00000000,0x00000000,0x00000000,
    0x00000000,0x00000000,0x00000000,0xFFFFFFFF,0xFFFFFFFF,0x123F556F,0xDEEFDEEF,0x556F012F,
    0x012F012F,0x012F123F,0xFFFFFFFF,0xFFFFFFFF,0xFFFFFFFF,0xFFFFFFFF,0x123F556F,0xDEEFDEEF,
    0x556F012F,0x012F012F,0x012F123F,0xFFFFFFFF,0xFFFFFFFF,0x00000000,0x00000000,0x00000000,
    0x00000000,0x00000000,0x00000000,0xFFFFFFFF,0xFFFFFFFF,0x123F012F,0x012F012F,0x012F012F,
    0x012F012F,0x012F123F,0xFFFFFFFF,0xFFFFFFFF,0xFFFFFFFF,0xFFFFFFFF,0x123F012F,0x012F012F,
    0x012F012F,0x012F012F,0x012F123F,0xFFFFFFFF,0xFFFFFFFF,0x00000000,0x00000000,0x00000000,
    0x00000000,0x00000000,0x00000000,0xFFFEFFFF,0xFFFFFFFF,0x455F012F,0x012F012F,0x012F012F,
    0x012F012F,0x012F456F,0xFFFFFFFF,0xFFFFFFFE,0xFFFEFFFF,0xFFFFFFFF,0x455F012F,0x012F012F,
    0x012F012F,0x012F012F,0x012F456F,0xFFFFFFFF,0xFFFFFFFE,0x00000000,0x00000000,0x00000000,
    0x00000000,0x00000000,0x00000000,0xFFFCFFFF,0xFFFFFFFF,0xBBBF012F,0x012F012F,0x012F012F,
    0x012F012F,0x012FBBBF,0xFFFFFFFF,0xFFFFFFFC,0xFFFCFFFF,0xFFFFFFFF,0xBBBF012F,0x012F012F,
    0x012F012F,0x012F012F,0x012FBBBF,0xFFFFFFFF,0xFFFFFFFC,0x00000000,0x00000000,0x00000000,
    0x00000000,0x00000000,0x00000000,0xFFF9FFFF,0xFFFFFFFF,0xFFFF788F,0x012F012F,0x012F012F,
    0x012F012F,0x889FFFFF,0xFFFFFFFF,0xFFFFFFF8,0xFFF9FFFF,0xFFFFFFFF,0xFFFF788F,0x012F012F,
    0x012F012F,0x012F012F,0x889FFFFF,0xFFFFFFFF,0xFFFFFFF8,0x00000000,0x00000000,0x00000000,
    0x00000000,0x00000000,0x00000000,0xFFF5FFFF,0xFFFFFFFF,0xFFFFFFFF,0xBBBF455F,0x123F123F,
    0x456FBBBF,0xFFFFFFFF,0xFFFFFFFF,0xFFFFFFF5,0xFFF5FFFF,0xFFFFFFFF,0xFFFFFFFF,0xBBBF455F,
    0x123F123F,0x456FBBBF,0xFFFFFFFF,0xFFFFFFFF,0xFFFFFFF5,0x00000000,0x00000000,0x00000000,
    0x00000000,0x00000000,0x00000000,0xFFF0FFFE,0xFFFFFFFF,0xFFFFFFFF,0xFFFFFFFF,0xFFFFFFFF,
    0xFFFFFFFF,0xFFFFFFFF,0xFFFFFFFF,0xFFFEFFF0,0xFFF0FFFE,0xFFFFFFFF,0xFFFFFFFF,0xFFFFFFFF,
    0xFFFFFFFF,0xFFFFFFFF,0xFFFFFFFF,0xFFFFFFFF,0xFFFEFFF0,0x00000000,0x00000000,0x00000000,
    0x00000000,0x00000000,0x00000000,0x0000FFF8,0xFFFFFFFF,0xFFFFFFFF,0xFFFFFFFF,0xFFFFFFFF,
    0xFFFFFFFF,0xFFFFFFFF,0xFFFFFFFF,0xFFF80000,0x0000FFF8,0xFFFFFFFF,0xFFFFFFFF,0xFFFFFFFF,
    0xFFFFFFFF,0xFFFFFFFF,0xFFFFFFFF,0xFFFFFFFF,0xFFF80000,0x00000000,0x00000000,0x00000000,
    0x00000000,0x00000000,0x00000000,0x0000FFF0,0xFFFEFFFF,0xFFFFFFFF,0xFFFFFFFF,0xFFFFFFFF,
    0xFFFFFFFF,0xFFFFFFFF,0xFFFFFFFE,0xFFF10000,0x0000FFF0,0xFFFEFFFF,0xFFFFFFFF,0xFFFFFFFF,
    0xFFFFFFFF,0xFFFFFFFF,0xFFFFFFFF,0xFFFFFFFE,0xFFF10000,0x00000000,0x00000000,0x00000000,
    0x00000000,0x00000000,0x00000000,0x00000000,0xFFF5FFFF,0xFFFFFFFF,0xFFFFFFFF,0xFFFFFFFF,
    0xFFFFFFFF,0xFFFFFFFF,0xFFFFFFF5,0x00000000,0x00000000,0xFFF5FFFF,0xFFFFFFFF,0xFFFFFFFF,
    0xFFFFFFFF,0xFFFFFFFF,0xFFFFFFFF,0xFFFFFFF5,0x00000000,0x00000000,0x00000000,0x00000000,
    0x00000000,0x00000000,0x00000000,0x00000000,0x0000FFF7,0xFFFFFFFF,0xFFFFFFFF,0xFFFFFFFF,
    0xFFFFFFFF,0xFFFFFFFF,0xFFF60000,0x00000000,0x00000000,0x0000FFF7,0xFFFFFFFF,0xFFFFFFFF,
    0xFFFFFFFF,0xFFFFFFFF,0xFFFFFFFF,0xFFF60000,0x00000000,0x00000000,0x00000000,0x00000000,
    0x00000000,0x00000000,0x00000000,0x00000000,0x00000000,0xFFF5FFFE,0xFFFFFFFF,0xFFFFFFFF,
    0xFFFFFFFF,0xFFFFFFF5,0x00000000,0x00000000,0x00000000,0x00000000,0xFFF5FFFE,0xFFFFFFFF,
    0xFFFFFFFF,0xFFFFFFFF,0xFFFFFFF5,0x00000000,0x00000000,0x00000000,0x00000000,0x00000000,
    0x00000000,0x00000000,0x00000000,0x00000000,0x00000000,0x0000FFF1,0xFFF7FFFC,0xFFFEFFFE,
    0xFFFCFFF7,0xFFF10000,0x00000000,0x00000000,0x00000000,0x00000000,0x0000FFF1,0xFFF7FFFC,
    0xFFFEFFFE,0xFFFCFFF7,0xFFF10000,0x00000000,0x00000000,0x00000000,0x00000000,0x00000000,
    0x00000000,0x00000000,0x00000000,0x00000000,0x00000000,0x00000000,0x00000000,0x00000000,
    0x00000000,0x00000000,0x00000000,0x00000000,0x00000000,0x00000000,0x00000000,0x00000000,
    0x00000000,0x00000000,0x00000000,0x00000000,0x00000000,0x00000000,0x00000000,0x00000000,
    0x00000000,0x00000000,0x00000000,0x00000000,0x00000000,0x00000000,0x00000000,0x00000000,
    0x00000000,0x00000000,0x00000000,0x00000000,0x00000000,0x00000000,0x00000000,0x00000000,
    0x00000000,0x00000000,0x00000000,0x00000000,0x00000000,0x00000000,0x00000000,0x00000000,
    0x00000000,0x00000000,0x00000000,0x00000000,0x00000000,0x00000000,0x00000000,0x00000000,
    0x00000000,0x00000000,0x00000000,0x00000000,0x00000000,0x00000000,0x00000000,0x00000000,
    0x00000000,0x00000000,0x00000000,0x00000000,0x00000000,0x00000000,0x00000000,0x00000000,
    0x00000000,0x00000000,0x00000000,0x00000000,0x00000000,0x00000000,0x00000000,0x00000000,
    0x00000000,0x00000000,0x00000000,0x00000000,0x00000000,0x00000000,0x00000000,0x00000000,
    0x00000000,0x00000000,0x00000000,0x00000000,0x00000000,0x00000000,0x00000000,0x00000000,
    0x00000000,0x00000000,0x00000000,0x00000000,0x00000000,0x00000000,0x00000000,0x00000000,
    0x00000000,0x00000000,0x00000000,0x00000000,0x00000000,0x00000000,0x00000000,0x00000000,
    0x00000000,0x00000000,0x00000000,0x00000000,0x00000000,0x00000000,0x00000000,0x00000000,
    0x00000000,0x00000000,0x00000000,0x00000000,0x00000000,0x00000000,0x00000000,0x00000000,
    0x00000000,0x00000000,0x00000000,0x00000000,0x00000000,0x00000000,0x00000000,0x00000000,
    0x00000000,0x00000000,0x00000000,0x00000000,0x00000000,0x00000000,0x00000000,0x00000000,
    0x00000000,0x00000000,0x00000000,0x00000000,0x00000000,0x00000000,0x00000000,0x00000000,
    0x00000000,0x00000000,0x00000000,0x00000000,0x00000000,0x00000000,0x00000000,0x00000000,
    0x00000000,0x00000000,0x00000000,0x00000000,0x00000000,0x00000000,0x00000000,0x00000000,
    0x00000000,0x00000000,0x00000000,0x00000000,0x00000000,0x00000000,0x00000000,0x00000000,
    0x00000000,0x00000000,0x00000000,0x00000000,0x00000000,0x00000000,0x00000000,0x00000000,
    0x00000000,0x00000000,0x00000000,0x00000000,0x00000000,0x00000000,0x00000000,0x00000000,
    0x00000000,0x00000000,0x00000000,0x00000000,0x00000000,0x00000000,0x00000000,0x00000000,
    0x00000000,0x00000000,0x00000000,0x00000000,0x00000000,0x00000000,0x00000000,0x00000000,
    0x00000000,0x00000000,0x00000000,0x00000000,0x00000000,0x00000000,0x00000000,0x00000000,
    0x00000000,0x00000000,0x00000000,0x00000000,0x00000000,0x00000000,0x00000000,0x00000000,
    0x00000000,0x00000000,0x00000000,0x00000000,0x00000000,0x00000000,0x00000000,0x00000000,
    0x00000000,0x00000000,0x00000000,0x00000000,0x00000000,0x00000000,0x00000000,0x00000000,
    0x00000000,0x00000000,0x00000000,0x00000000,0x00000000,0x00000000,0x00000000,0x00000000,
    0x00000000,0x00000000,0x00000000,0x00000000,0x00000000,0x00000000,0x00000000,0x00000000,
    0x00000000,0x00000000,0x00000000,0x00000000,0x00000000,0x00000000,0x00000000,0x00000000,
    0x00000000,0x00000000,0x00000000,0x00000000,0x00000000,0x00000000,0x00000000,0x00000000,
    0x00000000,0x00000000,0x00000000,0x00000000,0x00000000,0x00000000,0x00000000,0x00000000,
    0x00000000,0x00000000,0x00000000,0x00000000,0x00000000,0x00000000,0x00000000,0x00000000,
};
#define PROF_ICON_EYES_SIZE 48

#endif // PROF_ICONS_H
